date,close,high,low,open,volume,ticker,daily_return,next_day_return,log_return,direction
2024-06-11,205.3709716796875,205.38089548057218,191.96709351098235,191.98691085726122,172373300,AAPL,,2.857838717212746,,up
2024-06-12,211.24014282226562,218.30889945026047,205.1231180281253,205.58908283581826,198134300,AAPL,2.857838717212746,0.5491181128002509,2.8177642250046775,up
2024-06-13,212.4001007080078,214.888539245905,209.7827737762817,212.8958066808934,97862700,AAPL,0.5491181128002509,-0.8168333386853965,0.5476159558594286,down
2024-06-14,210.66514587402344,213.32212283006638,209.48536314811375,212.01346682824212,70122700,AAPL,-0.8168333386853965,1.9671376910190164,-0.8201877010563695,up
2024-06-17,214.80921936035156,217.06963733267014,210.8931452933454,211.5375569916551,93728300,AAPL,1.9671376910190164,-1.0984506955912021,1.9480395885401032,down
2024-06-18,212.44964599609375,216.7523850703462,211.17073132176122,215.7213082393038,79943300,AAPL,-1.0984506955912021,-2.1512881470362233,-1.1045282119043578,down
2024-06-20,207.87924194335938,212.4000929584359,207.05638337080816,212.0927425591543,86172500,AAPL,-2.1512881470362233,-1.0444395868514422,-2.174765673992752,down
2024-06-21,205.70806884765625,210.07027533194446,205.33132746963062,208.58315742215362,241805100,AAPL,-1.0444395868514422,0.3132639294595396,-1.0499321348076425,flat
2024-06-24,206.35247802734375,210.87331399723786,204.8157865138524,205.93608683303725,80727000,AAPL,0.3132639294595396,0.4468216697492089,0.3127742803415755,flat
2024-06-25,207.27450561523438,209.5646648210329,206.81844945769743,207.35380525957078,55549700,AAPL,0.4468216697492089,1.9993312692295095,0.4458263853892413,up
2024-06-26,211.41860961914062,213.0147835489249,208.83102368645302,209.68363861405976,66213200,AAPL,1.9993312692295095,0.39858453628263124,1.979607109066343,flat
2024-06-27,212.26129150390625,213.88720639689362,210.52632069800987,212.84622088780682,49772700,AAPL,0.39858453628263124,-1.625411300435431,0.39779229259593746,down
2024-06-28,208.81117248535156,214.21437951883613,208.4939285392998,213.91695291908772,82542700,AAPL,-1.625411300435431,2.9104582806617874,-1.638766020397002,up
2024-07-01,214.88853454589844,215.64200216221636,210.10001313722785,210.26855134899324,60402900,AAPL,2.9104582806617874,1.6240009628674779,2.8689087067968218,up
2024-07-02,218.37832641601562,218.48738234159504,213.2527281692765,214.29369867156123,58046200,AAPL,1.6240009628674779,0.5810933504345694,1.6109551207872144,up
2024-07-03,219.64730834960938,219.64730834960938,217.14894613859082,218.11061688690268,37369800,AAPL,0.5810933504345694,2.162043726049512,0.5794115152346977,up
2024-07-05,224.39617919921875,224.50523511983306,219.74645469045154,219.74645469045154,60412400,AAPL,2.162043726049512,0.6538883238900395,2.139003068536302,up
2024-07-08,225.8634796142578,225.89322076278884,221.3327197032473,225.13973799267995,59085900,AAPL,0.6538883238900395,0.37748470851168836,0.6517597481562641,flat
2024-07-09,226.71607971191406,227.42989753320916,224.4259205051531,225.97252074204383,48076100,AAPL,0.37748470851168836,1.8803659830536557,0.37677402291072515,up
2024-07-10,230.9791717529297,231.07831900756045,227.28120909695775,227.33078272427315,62627700,AAPL,1.8803659830536557,-2.3220950475743907,1.8629056412095963,down
2024-07-11,225.61561584472656,230.39421338925845,223.83107137940016,229.40280147827102,64710600,AAPL,-2.3220950475743907,1.3050975098311213,-2.3494804486646186,up
2024-07-12,228.56011962890625,230.64209091466597,226.71609267309665,226.95403700304678,53046500,AAPL,1.3050975098311213,1.674326767037071,1.2966544926760697,up
2024-07-15,232.386962890625,235.1926606193721,231.0882156126273,234.44910163171727,62631300,AAPL,1.674326767037071,0.17918920594164334,1.6604644362444778,flat
2024-07-16,232.80337524414062,234.2409196318231,230.3347538954296,232.98182214446476,43234300,AAPL,0.17918920594164334,-2.529605750854591,0.17902885361148144,down
2024-07-17,226.91436767578125,229.47221227385296,224.69359950369105,227.47946461019197,57345900,AAPL,-2.529605750854591,-2.0534783667068734,-2.562150282161277,down
2024-07-18,222.25473022460938,228.46097889584826,220.36114484151935,228.3023493485251,66034600,AAPL,-2.0534783667068734,0.0579924625589312,-2.0748553884112475,flat
2024-07-19,222.3836212158203,224.85224251867803,221.36246807560826,222.88925101284036,49151500,AAPL,0.0579924625589312,-0.15602986469246405,0.05797565342873469,flat
2024-07-22,222.03663635253906,225.82382229500527,221.17409763275575,225.06043082550624,48201800,AAPL,-0.15602986469246405,0.4688210949975735,-0.15615171805409525,flat
2024-07-23,223.0775909423828,224.9910238167192,220.76759935066607,222.44308791792702,39960300,AAPL,0.4688210949975735,-2.875418111272854,0.4677255516597774,down
2024-07-24,216.66317749023438,222.86942645430565,215.2652980307627,222.07629380801336,61777600,AAPL,-2.875418111272854,-0.48046240227820336,-2.917568218751605,flat
2024-07-25,215.6221923828125,218.95333716975932,212.77682977395946,217.04981289629316,51391200,AAPL,-0.48046240227820336,0.21609203471286698,-0.4816203333158976,flat
2024-07-26,216.088134765625,217.60499369491455,214.15486954444728,216.82176985722595,41601300,AAPL,0.21609203471286698,0.12846755779309937,0.21585889168413236,flat
2024-07-29,216.36573791503906,217.41663210574902,213.89711684474761,215.0967318967012,36311800,AAPL,0.12846755779309937,0.2565984085045159,0.12838510883196286,flat
2024-07-30,216.92092895507812,218.43778796730905,214.2639371695869,217.3075789949067,41643800,AAPL,0.2565984085045159,1.4990929317613144,0.25626975687812165,up
2024-07-31,220.1727752685547,221.89783756706774,218.73523091700034,219.53827220377053,50036300,AAPL,1.4990929317613144,-1.6750705494390838,1.4879675820925258,down
2024-08-01,216.48472595214844,222.55216258005441,215.15623749650504,222.44310665442717,62501000,AAPL,-1.6750705494390838,0.686940649272394,-1.6892585183204598,up
2024-08-02,217.9718475341797,223.66255798049997,215.8403177402066,217.26793834308685,105568600,AAPL,0.686940649272394,-4.8167018235837915,0.6845919619182007,down
2024-08-05,207.47279357910156,211.6664621054212,194.3167520967801,197.3802115476467,119548600,AAPL,-4.8167018235837915,-0.974829845868963,-4.936569890540916,down
2024-08-06,205.45028686523438,208.18659343179937,199.34320096724198,203.53686913101606,69660500,AAPL,-0.974829845868963,1.2498301074166829,-0.9796124186903757,up
2024-08-07,208.01806640625,211.80525225793107,204.61751548926864,205.12313014700663,63516400,AAPL,1.2498301074166829,1.6633202940700142,1.2420842045709222,up
2024-08-08,211.4780731201172,212.36042911915672,207.03655197769595,211.27979376271134,47161100,AAPL,1.6633202940700142,1.3735993558752435,1.6496386269200505,up
2024-08-09,214.3829345703125,214.91829038971974,210.1496011292121,210.27848952903548,42201600,AAPL,1.3735993558752435,0.7129852382240287,1.3642509887181598,up
2024-08-12,215.9114532470703,217.8767166928247,213.99582080224636,214.46232494953352,38028100,AAPL,0.7129852382240287,1.7193036340069412,0.7104555157224514,up
2024-08-13,219.62362670898438,220.2390087017958,217.38043273085663,217.38043273085663,44155300,AAPL,1.7193036340069412,0.2033800001028263,1.704690863212029,flat
2024-08-14,220.07029724121094,221.37054778476931,218.06532277692483,218.92885985517657,41960600,AAPL,0.2033800001028263,1.3530569226876787,0.20317346297002098,up
2024-08-15,223.0479736328125,223.67329096872731,221.10255033510867,222.9288713384501,46414000,AAPL,1.3530569226876787,0.5918521088720485,1.3439848494398134,up
2024-08-16,224.3680877685547,225.1422830006272,221.98593577772976,222.25393109506462,44340200,AAPL,0.5918521088720485,-0.07078936088067422,0.5901075443882924,flat
2024-08-19,224.20925903320312,224.30852103873067,221.38045847347976,224.0405257400108,40687800,AAPL,-0.07078936088067422,0.2744699150892371,-0.07081442837952331,flat
2024-08-20,224.82464599609375,225.47973889834265,223.7725353535306,224.0901616619868,30299000,AAPL,0.2744699150892371,-0.04856079512923772,0.2740939342302288,flat
2024-08-21,224.71546936035156,226.28371522001356,223.37552309496598,224.8345868015738,34765500,AAPL,-0.04856079512923772,-0.8259753392300451,-0.048572589701869034,down
2024-08-22,222.859375,226.64102413052154,222.2340576918725,226.09511339685906,43695300,AAPL,-0.8259753392300451,1.0288174603870104,-0.8294054163206246,up
2024-08-23,225.15219116210938,226.52192810531062,222.66087229355688,223.98097823318813,38677300,AAPL,1.0288174603870104,0.14988234276755996,1.0235611546731547,flat
2024-08-26,225.48965454101562,225.58891654674125,222.22414052811973,225.0727813784282,30602200,AAPL,0.14988234276755996,0.3741518464658533,0.14977013129365654,flat
2024-08-27,226.3333282470703,227.14723425887112,223.21669220638537,224.31843379232603,35934600,AAPL,0.3741518464658533,-0.6753396367190079,0.3734536394724277,down
2024-08-28,224.8048095703125,228.149730282918,224.00082364270057,226.22416240429726,38052200,AAPL,-0.6753396367190079,1.4570134898927556,-0.6776303741742288,up
2024-08-29,228.0802459716797,231.18696212304621,227.1770283167567,228.3879521456165,51906300,AAPL,1.4570134898927556,-0.34379069042266286,1.446501037218936,flat
2024-08-30,227.29612731933594,228.68570457235603,225.78743262658827,228.4772755570311,52990800,AAPL,-0.34379069042266286,-2.7205279993480214,-0.3443830085628291,down
2024-09-03,221.1124725341797,227.29611365629745,219.52437135882835,226.84946493362216,50190600,AAPL,-2.7205279993480214,-0.8618762752463982,-2.758219540984096,down
2024-09-04,219.20675659179688,220.1298295937355,215.86182100754215,220.01072730838987,43840200,AAPL,-0.8618762752463982,0.6927847503684692,-0.8656119086619325,up
2024-09-05,220.7253875732422,223.80231295165626,219.87178579311316,219.9809679444758,36615400,AAPL,0.6927847503684692,-0.7014986527561939,0.690396022963689,down
2024-09-06,219.177001953125,223.56411324365834,218.13481142105056,222.2837029728863,48423000,AAPL,-0.7014986527561939,0.04075470983537777,-0.7039707223623783,flat
2024-09-09,219.26632690429688,219.6236489368284,215.09757995493325,219.17700018247805,67180000,AAPL,0.04075470983537777,-0.36214047785367853,0.04074640735919906,flat
2024-09-10,218.47227478027344,219.83207646515766,215.1174187834135,217.29112653781655,51591000,AAPL,-0.36214047785367853,1.1585090697250333,-0.36279779390033323,up
2024-09-11,221.0032958984375,221.43008920211523,216.26878297144034,219.81222755985956,44587100,AAPL,1.1585090697250333,0.04940045590648978,1.1518497367034124,flat
2024-09-12,221.1124725341797,221.88666769221828,218.18442519080247,220.8444772424724,37455600,AAPL,0.04940045590648978,-0.12120081207235289,0.04938825789835336,flat
2024-09-13,220.844482421875,222.37301734416337,220.25887596851652,221.91644846858938,36766600,AAPL,-0.12120081207235289,-2.7775213662930454,-0.12127431965711709,down
2024-09-16,214.71047973632812,215.60377723416104,212.32832783334672,214.92882889414335,59357400,AAPL,-2.7775213662930454,0.2172654542953012,-2.8168239594902658,flat
2024-09-17,215.17697143554688,215.28615358843467,212.904016801209,214.14471619981742,45519300,AAPL,0.2172654542953012,1.7989853521221955,0.21702977421301678,up
2024-09-18,219.0479736328125,221.05294820219595,215.92140190435074,215.93133719300198,59894900,AAPL,1.7989853521221955,3.7065442664317105,1.782995100716821,up
2024-09-19,227.16708374023438,228.11002736409566,222.95864123060412,223.31596324984213,66781300,AAPL,3.7065442664317105,-0.2927465514640293,3.6395034936335904,flat
2024-09-20,226.50205993652344,231.35567496568984,225.9263736470506,228.25889437635817,318679900,AAPL,-0.2927465514640293,-0.7580955560679947,-0.2931758923060741,down
2024-09-23,224.7849578857422,227.74278104335218,224.12986496132828,225.64847983003366,54146000,AAPL,-0.7580955560679947,0.3974067283136762,-0.760983706313251,flat
2024-09-24,225.6782684326172,227.64354731931365,224.05047131587074,226.94874349226038,43556100,AAPL,0.3974067283136762,-0.4398226889143264,0.39661915366866024,flat
2024-09-25,224.68568420410156,225.59883710649478,222.35317851779175,223.2563961324406,42308700,AAPL,-0.4398226889143264,0.5080339213559215,-0.44079275432623577,up
2024-09-26,225.82716369628906,226.79986786044512,223.7328623413079,225.6087993733805,36636700,AAPL,0.5080339213559215,0.11864342303335995,0.5067477832025554,flat
2024-09-27,226.0950927734375,227.81223139225995,225.60874837392768,226.76012088076428,34026000,AAPL,0.11864342303335995,2.287207822603854,0.11857309734325584,up
2024-09-30,231.266357421875,231.266357421875,227.9412771261621,228.3283747151782,54541900,AAPL,2.287207822603854,-2.9141532957444927,2.2614433428273806,down
2024-10-01,224.5269012451172,227.94129335648356,222.0752779583648,227.81227091446172,63285000,AAPL,-2.9141532957444927,0.2519743152971543,-2.957458131220156,flat
2024-10-02,225.0926513671875,225.67825786117984,221.36063294746157,224.2092739820147,32880600,AAPL,0.2519743152971543,-0.4894699394075497,0.25165739228406414,flat
2024-10-03,223.9908905029297,225.12240767637772,221.65838486968212,223.46483520314058,34044200,AAPL,-0.4894699394075497,0.5007334394361962,-0.49067176684197145,up
2024-10-04,225.11248779296875,226.3035561118749,222.46235586119454,226.20429410810965,37245100,AAPL,0.5007334394361962,-2.253078227220928,0.4994839389247269,down
2024-10-07,220.04052734375,224.01076551273388,219.68320530273118,222.8296172342201,39505400,AAPL,-2.253078227220928,1.8404049879838347,-2.2788478434021724,up
2024-10-08,224.0901641845703,224.298593199742,221.58890998571715,222.63110049734397,31855700,AAPL,1.8404049879838347,1.6698450964059308,1.8236744961556348,up
2024-10-09,227.83212280273438,228.04056698162543,223.15717559100585,223.55419337095574,33591100,AAPL,1.6698450964059308,-0.21783237067387606,1.656056470586258,flat
2024-10-10,227.33583068847656,227.7924147414137,225.47974919262126,226.08521111865923,28183500,AAPL,-0.21783237067387606,-0.6505340976157514,-0.21806997049136123,down
2024-10-11,225.85693359375,227.70309500312143,225.64848941975737,227.5939128444124,31759200,AAPL,-0.6505340976157514,1.6479864556647295,-0.6526592924350963,up
2024-10-14,229.5790252685547,230.00581860221664,226.89911753216435,226.99836439928595,39882100,AAPL,1.6479864556647295,1.1024618277751363,1.634554528864221,up
2024-10-15,232.11004638671875,235.7229623804217,230.6410474142004,231.87182665313995,64751400,AAPL,1.1024618277751363,-0.8851949740342313,1.0964290164964916,down
2024-10-16,230.055419921875,230.39288648800354,228.1298522341637,229.87676649695567,34082200,AAPL,-0.8851949740342313,0.15964144381819256,-0.8891360997468364,flat
2024-10-17,230.4226837158203,232.11004699556463,228.8048220166126,231.69315867439417,32993800,AAPL,0.15964144381819256,1.2276487203049857,0.15951415232058655,up
2024-10-18,233.25146484375,234.42267769537074,232.2688255608399,234.42267769537074,46431500,AAPL,1.2276487203049857,0.6297898886118647,1.2201742249239467,up
2024-10-21,234.720458984375,235.08771628667242,232.7055644739604,232.7055644739604,36254500,AAPL,0.6297898886118647,-0.2621721629057161,0.627814999523567,flat
2024-10-22,234.10508728027344,234.4624093106695,230.86934872103873,232.14974382855843,38846600,AAPL,-0.2621721629057161,-2.1623078817787023,-0.2625164359778162,down
2024-10-23,229.0430145263672,233.3904297884605,226.06533615950997,232.33831918874512,52287000,AAPL,-2.1623078817787023,-0.08232869080260219,-2.1860283213003804,flat
2024-10-24,228.8544464111328,229.10258628095696,226.71051430099084,228.26882480795348,31109500,AAPL,-0.08232869080260219,0.3643169299259563,-0.0823625994815736,flat
2024-10-25,229.68820190429688,231.484732210271,227.86189602437614,228.03062932515897,38802300,AAPL,0.3643169299259563,0.8599370511064741,0.36365490322848276,up
2024-10-28,231.6633758544922,232.98348177622344,230.81970938626554,231.5839844241638,36087100,AAPL,0.8599370511064741,0.1156874150284759,0.8562606538802667,flat
2024-10-29,231.93138122558594,232.5864741436605,230.59143496071306,231.36563017470797,35417200,AAPL,0.1156874150284759,-1.5277974691205953,0.11562054870414215,down
2024-10-30,228.387939453125,231.7328600109945,227.8420287171323,230.87925826342104,47070900,AAPL,-1.5277974691205953,-1.820942684854887,-1.539588544649601,down
2024-10-31,224.2291259765625,228.11995749798112,223.69313535160188,227.63359787833264,64370100,AAPL,-1.820942684854887,-1.3279682723741582,-1.8377259001906225,down
2024-11-01,221.25143432617188,223.67328184782377,218.6310779402587,219.32586653780092,65276700,AAPL,-1.3279682723741582,-0.40375356191276746,-1.3368646192611526,flat
2024-11-04,220.35812377929688,221.13231895883285,218.0752491010658,219.34572401852256,44944500,AAPL,-0.40375356191276746,0.6486217739428035,-0.4045708472273717,up
2024-11-05,221.78741455078125,222.28369429475046,219.49460455688452,220.14969745378525,28111300,AAPL,0.6486217739428035,-0.32669283786925796,0.6465272749537412,flat
2024-11-06,221.06285095214844,224.387931303672,219.54423614319148,220.95366880237512,54561100,AAPL,-0.32669283786925796,2.137210678805812,-0.32722764402075427,up
2024-11-07,225.7874298095703,226.18446269494834,222.89909318788202,222.95864433437472,42137700,AAPL,2.137210678805812,-0.11881973656511224,2.1146926054968325,flat
2024-11-08,225.51914978027344,227.20835428792034,224.9726384261151,225.72780810336752,38328800,AAPL,-0.11881973656511224,-1.202858827995812,-0.11889038318105918,down
2024-11-11,222.8064727783203,224.26714170400084,220.0938084143074,223.57158868270503,42005600,AAPL,-1.202858827995812,0.0,-1.2101517158939552,flat
2024-11-12,222.8064727783203,224.15783943194586,221.9420008205612,223.12444853772337,40398300,AAPL,0.0,0.39690874680562427,0.0,flat
2024-11-13,223.69081115722656,225.21109667354565,221.3457931121334,222.5878574334345,48566200,AAPL,0.39690874680562427,1.3770514347363871,0.39612314210889604,up
2024-11-14,226.77114868164062,227.41701609796436,223.57158960851197,223.59146688403666,44923900,AAPL,1.3770514347363871,-1.4109110454178952,1.3676562343713954,down
2024-11-15,223.5716094970703,225.47941874534823,222.84624807603967,224.96271566917292,47923700,AAPL,-1.4109110454178952,1.3422204998925436,-1.4209590192573511,up
2024-11-18,226.5724334716797,228.28151537171908,223.74052045447314,223.82001439888424,44633700,AAPL,1.3422204998925436,0.11401035690044026,1.3332925205969788,flat
2024-11-19,226.83074951171875,228.69881907074455,225.22103903072198,225.53899960732684,36211800,AAPL,0.11401035690044026,0.31540646244545556,0.1139454144490976,flat
2024-11-20,227.5461883544922,228.47027695087482,224.45593165289552,226.61215353970658,35169600,AAPL,0.31540646244545556,-0.2095964403475259,0.31491009969562117,flat
2024-11-21,227.0692596435547,228.6988476019872,224.27710117470866,227.42697481306035,42108300,AAPL,-0.2095964403475259,0.5907449333256487,-0.20981640109356378,up
2024-11-22,228.41065979003906,229.25526960886552,226.6121530455377,226.6121530455377,38168300,AAPL,0.5907449333256487,1.3050866513805381,0.589006877071448,up
2024-11-25,231.39161682128906,231.7692092379923,228.28149797848934,229.99057974831032,90152800,AAPL,1.3050866513805381,0.9404410213577297,1.2966437741126096,up
2024-11-26,233.56771850585938,234.07449047305911,231.84870566104107,231.84870566104107,45986200,AAPL,0.9404410213577297,-0.05531422228151062,0.9360464058107474,flat
2024-11-27,233.4385223388672,234.19370712659864,232.32563759305353,232.98145117337265,33498400,AAPL,-0.05531422228151062,1.0215884079009196,-0.05532952624121473,up
2024-11-29,235.82330322265625,236.3002516789311,232.48463370489634,233.3192972938568,28481400,AAPL,1.0215884079009196,0.9522665797730534,1.0164054625495886,up
2024-12-02,238.0689697265625,239.26134854667043,235.65440375298792,235.76370602927642,48137100,AAPL,0.9522665797730534,1.2771752088566624,0.9477611017691681,up
2024-12-03,241.10952758789062,241.21882985808793,237.3833345065081,238.28756099978403,38861000,AAPL,1.2771752088566624,0.1483607037725987,1.269088111100272,flat
2024-12-04,241.4672393798828,242.5602620666903,239.71841824290905,241.32812877991805,44383900,AAPL,0.1483607037725987,0.012347709736815204,0.14825075801124887,flat
2024-12-05,241.49705505371094,242.98753231090083,240.59284370740727,242.4410361127995,40033900,AAPL,0.012347709736815204,-0.08229737107761093,0.012346947469884175,flat
2024-12-06,241.29830932617188,243.07695387436263,240.5431396985891,241.36787220390693,36870600,AAPL,-0.08229737107761093,1.6101265444968593,-0.08233125395512945,up
2024-12-09,245.1835174560547,245.67041216886827,240.21525975684386,240.29475369946152,44649200,AAPL,1.6101265444968593,0.4133717052538177,1.5973014903046372,flat
2024-12-10,246.19703674316406,246.63424582967986,243.7824557106041,245.32261857013248,36914800,AAPL,0.4133717052538177,-0.5166048550183766,0.41251967165710024,down
2024-12-11,244.9251708984375,249.20780656351602,244.69662013013263,246.3858398593606,45205800,AAPL,-0.5166048550183766,0.5963710615935591,-0.5179438715064517,up
2024-12-12,246.38583374023438,247.1608807008323,244.12029436088807,245.32261935264157,32777500,AAPL,0.5963710615935591,0.06855083085290925,0.5945998080516994,flat
2024-12-13,246.5547332763672,247.7073574078961,244.6767326870094,246.24670376010008,33155300,AAPL,0.06855083085290925,1.1727783478010068,0.06852734550317814,up
2024-12-16,249.44627380371094,249.7841268474892,246.07779571830554,246.4156487620838,51694800,AAPL,1.1727783478010068,0.971952587123659,1.1659546023243035,up
2024-12-17,251.8707733154297,252.21855739876366,248.19426586582333,248.49236434269267,51356400,AAPL,0.971952587123659,-2.1421730443265674,0.9672595130981274,down
2024-12-18,246.4752655029297,252.6657103008961,246.1672359539693,250.55917390522964,56774100,AAPL,-2.1421730443265674,0.701454707833582,-2.1654506017711137,up
2024-12-19,248.2041778564453,250.40015413338242,245.5213220945425,245.92872280957204,60882300,AAPL,0.701454707833582,1.8815946506364867,0.699005958872276,up
2024-12-20,252.87437438964844,253.38113119374523,244.13023820234332,246.46531011815415,147495300,AAPL,1.8815946506364867,0.3064919783676068,1.8641116244844183,flat
2024-12-23,253.6494140625,254.02699130961165,251.84096111600803,253.15258832932108,40858800,AAPL,0.3064919783676068,1.1477956548354706,0.30602324920422713,up
2024-12-24,256.560791015625,256.57070690893096,253.66924678278625,253.86798918256417,23234700,AAPL,1.1477956548354706,0.3175811920184346,1.1412584554142169,flat
2024-12-26,257.3755798339844,258.44874034869076,255.99442012888886,256.55086249805703,27237100,AAPL,0.3175811920184346,-1.3242079409434782,0.3170779680990061,down
2024-12-27,253.96739196777344,257.05766400729357,251.45345479939442,256.19316170058187,42355300,AAPL,-1.3242079409434782,-1.3263452725055913,-1.333053752377513,down
2024-12-30,250.59890747070312,251.890657464443,249.15811581542044,250.6287158030117,35557500,AAPL,-1.3263452725055913,-0.705786004597142,-1.3352197899286682,down
2024-12-31,248.83021545410156,251.6720594492945,247.84649497663966,250.83739579916153,39480700,AAPL,-0.705786004597142,-2.623585935582251,-0.7082884556027109,down
2025-01-02,242.30194091796875,247.51861164989126,240.2848294479123,247.34967754084445,55740700,AAPL,-2.623585935582251,-0.20095091155263312,-2.658616006007569,flat
2025-01-03,241.81503295898438,242.62981931594805,240.3543640210219,241.81503295898438,40244100,AAPL,-0.20095091155263312,0.6739068842644302,-0.20115308879364666,up
2025-01-06,243.44464111328125,245.75985115227877,241.65606520741187,242.7590190858713,45045600,AAPL,0.6739068842644302,-1.1387838881692036,0.6716462823724333,down
2025-01-07,240.67233276367188,243.99112508347835,239.81779188041267,241.43743349025635,40856000,AAPL,-1.1387838881692036,0.20230522329021117,-1.1453176831198555,flat
2025-01-08,241.1592254638672,242.1628232218062,238.52605495049286,240.38417847646193,37628900,AAPL,0.20230522329021117,-2.410385171770446,0.20210086184952142,down
2025-01-10,235.3463592529297,238.63534322792128,231.52079498772144,238.48628640867517,61710900,AAPL,-2.410385171770446,-1.034410835976085,-2.4399103678973595,down
2025-01-13,232.9119110107422,233.18020116738663,228.26162915914,232.04743903723335,49630700,AAPL,-1.034410835976085,-0.4778134860750183,-1.0397980476670161,flat
2025-01-14,231.7990264892578,234.62099318079112,230.99417118008773,233.25969544364762,39435300,AAPL,-0.4778134860750183,1.9675955411234902,-0.4789586640451314,up
2025-01-15,236.35989379882812,237.4429855317883,232.94172997653553,233.1504034772107,39832000,AAPL,1.9675955411234902,-4.040023803618342,1.9484886048476429,down
2025-01-16,226.81089782714844,236.4990004602556,226.58236221549976,235.8432019589194,71759100,AAPL,-4.040023803618342,0.7535246075507596,-4.123899607434342,up
2025-01-17,228.5199737548828,230.8153063545454,227.02949646555186,230.6463874145182,68488300,AAPL,0.7535246075507596,-3.191579220080276,0.750699792456,down
2025-01-21,221.22657775878906,222.99527628303537,217.9872792040061,222.57794445660952,98070400,AAPL,-3.191579220080276,0.5344969636105645,-3.2436203961007273,up
2025-01-22,222.40902709960938,222.6971793763667,218.39466636780546,218.39466636780546,64126500,AAPL,0.5344969636105645,-0.07595467500304265,0.5330735982338232,flat
2025-01-23,222.24009704589844,225.58869773276695,220.88873040600683,223.3132424800993,60234800,AAPL,-0.07595467500304265,-0.39345742628749125,-0.07598353518101168,flat
2025-01-24,221.3656768798828,224.19758968028435,220.00437919561992,223.35297985225768,54697900,AAPL,-0.39345742628749125,3.178021786229279,-0.3942335063843827,up
2025-01-27,228.40072631835938,230.67618150163648,222.5580508531902,222.5978054024586,94863400,AAPL,3.178021786229279,3.654394871352906,3.1285677190938466,up
2025-01-28,236.7473907470703,238.66514594376807,229.3446904229109,229.38444497187513,75707600,AAPL,3.654394871352906,0.4616873847964831,3.5892053069113596,flat
2025-01-29,237.84042358398438,238.33724933385383,232.52438199561368,232.6336842670617,45486100,AAPL,0.4616873847964831,-0.7394764006926291,0.4606248776426157,down
2025-01-30,236.08164978027344,239.26133146080375,235.7040725307193,237.1547951903121,55658300,AAPL,-0.7394764006926291,-0.6692219745968231,-0.7422240814426532,down
2025-01-31,234.50173950195312,245.62070152543137,231.9579942451269,245.62070152543137,100959800,AAPL,-0.6692219745968231,-3.3855910989799343,-0.6714713058157286,down
2025-02-03,226.56246948242188,230.35822543026035,224.2671369795404,228.52991033796462,73063300,AAPL,-3.3855910989799343,2.1007815329716406,-3.444229542688905,up
2025-02-04,231.32205200195312,231.64995878770605,225.21108671424065,225.8072836268673,45067300,AAPL,2.1007815329716406,-0.14174215408232493,2.0790193736696,flat
2025-02-05,230.99417114257812,231.19289841511937,226.82083777153602,227.0791817096477,39620300,AAPL,-0.14174215408232493,0.32262914380707386,-0.14184270329852577,flat
2025-02-06,231.7394256591797,232.31574540236795,228.96712922491054,229.8216702010973,29925300,AAPL,0.32262914380707386,-2.3968881843516976,0.3221098126941202,down
2025-02-07,226.1848907470703,232.51444580894437,225.81722939017394,231.1233398047693,39707200,AAPL,-2.3968881843516976,0.11873911886952637,-2.426080972025571,flat
2025-02-10,226.45346069335938,229.378010419489,226.00582893863492,228.36338248973718,33115600,AAPL,0.11873911886952637,2.1831762511779873,0.11866867973147088,up
2025-02-11,231.3973388671875,233.99362125199642,226.93094812871882,227.000572314181,53718400,AAPL,2.1831762511779873,1.8270203159199028,2.159686229322903,up
2025-02-12,235.62501525878906,235.71455375787428,229.4675472393098,229.98481838871234,45243300,AAPL,1.8270203159199028,1.9673199985934309,1.810530840941033,up
2025-02-13,240.26051330566406,241.06625350434595,234.33184765944378,235.66480095549997,53614100,AAPL,1.9673199985934309,1.2710761335482212,1.9482183788990057,up
2025-02-14,243.3144073486328,244.2594111862318,239.72338062288463,239.98200861865794,40896200,AAPL,1.2710761335482212,-0.053154886101103305,1.2630657680093174,flat
2025-02-18,243.18507385253906,243.8913336127375,240.56889220053384,242.86674847770814,48822500,AAPL,-0.053154886101103305,0.16361538037281687,-0.05316901831888348,flat
2025-02-19,243.5829620361328,244.716969605811,241.88195827091008,243.37407429304395,32204200,AAPL,0.16361538037281687,0.39203924113411226,0.1634816762298381,flat
2025-02-20,244.53790283203125,245.4829065325138,243.00598867544505,243.6525813389452,32316900,AAPL,0.39203924113411226,-0.11389591287577217,0.39127276989343013,flat
2025-02-21,244.25938415527344,247.38287960480025,243.93111682470231,244.6572756706751,53197400,AAPL,-0.11389591287577217,0.6312429397624886,-0.11396082356238141,up
2025-02-24,245.80125427246094,247.55199828948733,243.1353323966777,243.64264638435856,51326400,AAPL,0.6312429397624886,-0.024284816198016923,0.6292589463524478,flat
2025-02-25,245.74156188964844,248.68601093773057,243.62276739789988,246.69652285022872,48013300,AAPL,-0.024284816198016923,-2.7040185672464467,-0.02428776543699362,down
2025-02-26,239.09666442871094,243.6923767743236,237.87313357927937,243.04579925662603,44433600,AAPL,-2.7040185672464467,-1.2730832290805072,-2.741249844293302,down
2025-02-27,236.05276489257812,241.18564780716906,235.81402085750776,238.1516754344793,41153600,AAPL,-1.2730832290805072,1.9131795737724833,-1.2812563750172512,up
2025-02-28,240.56887817382812,240.8175641664438,228.9900589647863,235.70458076540925,56833400,AAPL,1.9131795737724833,-1.5754169023543318,1.8951084186947618,down
2025-03-03,236.77891540527344,242.74737946323825,234.8690087281554,240.51914741730602,47184000,AAPL,-1.5754169023543318,-0.8822466288638586,-1.5879584903652395,down
2025-03-04,234.68994140625,238.80819608105105,233.44651142335266,236.46059966619734,53798100,AAPL,-0.8822466288638586,-0.08052980890261852,-0.8861614671290361,flat
2025-03-05,234.50094604492188,235.30668622205877,228.02515316620742,234.18262069274581,47227600,AAPL,-0.08052980890261852,-0.17391045202662658,-0.08056225157174363,flat
2025-03-06,234.09312438964844,236.60982567864426,231.93453157387603,233.207802772317,45170400,AAPL,-0.17391045202662658,1.589261616526172,-0.17406185181207748,up
2025-03-07,237.8134765625,240.1013758235538,233.52611679034464,233.87428329281295,46273600,AAPL,1.589261616526172,-4.847964857240239,1.5767650819691121,down
2025-03-10,226.28436279296875,234.91874867921032,223.04150278970278,234.3019970725287,72071200,AAPL,-4.847964857240239,-2.9189322667941164,-4.969420369106732,down
2025-03-11,219.6792755126953,224.65299583409444,216.3070937419303,222.63366659789358,76137400,AAPL,-2.9189322667941164,-1.747869211575459,-2.962380670226798,down
2025-03-12,215.83956909179688,220.58450266635003,213.78045671174684,218.98296406915986,62547500,AAPL,-1.747869211575459,-3.3643774148545247,-1.7633248059899076,down
2025-03-13,208.57791137695312,215.70028194858565,207.3245394208188,214.81496040955514,61368300,AAPL,-3.3643774148545247,1.8170562751941066,-3.4222748924904263,up
2025-03-14,212.36788940429688,212.82546311709572,208.47843695256688,210.13965751241793,60107600,AAPL,1.8170562751941066,0.23889651065525097,1.800745100151966,flat
2025-03-17,212.87522888183594,214.08881784956162,208.86641153353526,212.18885305172668,48073400,AAPL,0.23889651065525097,-0.6121572295473499,0.2386116066015787,down
2025-03-18,211.5720977783203,214.01915944879542,210.37840804794794,213.03437263106773,42432400,AAPL,-0.6121572295473499,1.198932118931273,-0.6140385937835019,up
2025-03-19,214.10870361328125,217.6101915579757,212.6265295918345,213.0940604852241,54385400,AAPL,1.198932118931273,-0.5296387612504949,1.1918018625125524,down
2025-03-20,212.97470092773438,216.3468825511506,211.10457731145533,212.86527847830126,48862900,AAPL,-0.5296387612504949,1.9476826454002172,-0.5310463195201758,up
2025-03-21,217.12277221679688,217.68976839110027,210.16950634984832,210.4480334492585,94127800,AAPL,1.9476826454002172,1.1270501451998038,1.928958046898615,up
2025-03-24,219.56985473632812,220.31591279023903,217.43116105321957,219.83843988574125,44299500,AAPL,1.1270501451998038,1.3681841146428786,1.1207462561574548,up
2025-03-25,222.573974609375,222.92214108802088,218.92326587520165,219.6096416779903,34493600,AAPL,1.3681841146428786,-0.9921772080253355,1.358908980631859,down
2025-03-26,220.3656463623047,223.83730853242594,219.3112201065871,222.33523531503357,34466100,AAPL,-0.9921772080253355,1.0472664818015787,-0.9971320874512928,up
2025-03-27,222.6734619140625,223.80746952519274,219.40074548587612,220.2263848697343,37094800,AAPL,1.0472664818015787,-2.658038770029292,1.0418206350687718,down
2025-03-28,216.7547149658203,222.6336557419088,216.5358700680628,220.504904155295,39818600,AAPL,-2.658038770029292,1.9412558903452393,-2.6940033542786157,up
2025-03-31,220.9624786376953,224.4341253115235,215.09348022110552,215.86937928840504,65299300,AAPL,1.9412558903452393,0.4772047118026368,1.9226538745356994,flat
2025-04-01,222.0169219970703,222.50433685640354,217.749461617725,218.65468232589998,36412700,AAPL,0.4772047118026368,0.3136335617189179,0.4760696995733947,flat
2025-04-02,222.71324157714844,224.00641185945875,219.8583310514353,220.15675729790527,35905900,AAPL,0.3136335617189179,-9.245611817424749,0.31314275761356736,down
2025-04-03,202.12203979492188,206.39944211542388,200.19223396809613,204.4596791341039,103419000,AAPL,-9.245611817424749,-7.288746190437001,-9.70133593832502,down
2025-04-04,187.38987731933594,198.82943318150367,186.3553350717911,192.87091122900438,125910900,AAPL,-7.288746190437001,-3.673422126260195,-7.568032046579382,down
2025-04-07,180.50625610351562,193.12954493623218,173.70219548773406,176.26863687444822,160466300,AAPL,-3.673422126260195,-4.981809279693461,-3.742591488083676,down
2025-04-08,171.51377868652344,189.3395914266431,168.32065857366717,185.71872345097177,120859500,AAPL,-4.981809279693461,15.328842301473976,-5.1101831451363715,up
2025-04-09,197.8048553466797,199.55559936553783,170.98654976711688,171.04623198001363,184395900,AAPL,15.328842301473976,-4.23938616432078,14.261736006076239,down
2025-04-10,189.4191436767578,193.7562279640405,182.03814529024513,188.07624843340898,121880000,AAPL,-4.23938616432078,4.059458796290216,-4.3318714611892455,up
2025-04-11,197.10853576660156,198.49122944739574,185.0820833366806,185.12188160037283,87435900,AAPL,4.059458796290216,2.205391747218255,3.9792268979225063,up
2025-04-14,201.45555114746094,211.82078139531484,200.10269875392328,210.32866545443895,101352900,AAPL,2.205391747218255,-0.18762983720392867,2.1814247212016924,flat
2025-04-15,201.0775604248047,202.4403549077855,198.7498630049633,200.7990333068026,51343900,AAPL,-0.18762983720392867,-3.8933453252013805,-0.18780608247662517,down
2025-04-16,193.24891662597656,199.64511311117855,191.35889396287376,197.31741584829123,59732400,AAPL,-3.8933453252013805,1.3949651319910439,-3.9711625012887186,up
2025-04-17,195.94467163085938,197.78495412822454,193.39812938355274,196.16351652823,52164700,AAPL,1.3949651319910439,-1.9392855780080542,1.3853250405553743,down
2025-04-21,192.14474487304688,192.78138039340035,188.81234657174457,192.25416731460396,46742500,AAPL,-1.9392855780080542,3.406507640562184,-1.9583364231764564,up
2025-04-22,198.69017028808594,200.53043756485187,194.93998119085117,195.08918671811182,52976400,AAPL,3.406507640562184,2.4331638502555597,3.3497710668311975,up
2025-04-23,203.52462768554688,206.9067512010516,201.7340854567431,204.9172632087338,52929200,AAPL,2.4331638502555597,1.8426113288234847,2.40403399092846,up
2025-04-24,207.27479553222656,207.73238443559362,201.87334307751462,203.81309077731203,47311000,AAPL,1.8426113288234847,0.43672828565983757,1.8258409417234913,flat
2025-04-25,208.18002319335938,208.6475540878433,205.1162098506388,205.28531450927932,38222300,AAPL,0.43672828565983757,0.41093472642881324,0.4357773952154758,flat
2025-04-28,209.03550720214844,210.38835967290976,206.3696005213303,208.89624364686077,38743100,AAPL,0.41093472642881324,0.5091920047891385,0.4100926956914662,up
2025-04-29,210.0998992919922,211.12448445804597,207.27481462988695,207.59314001435672,36827600,AAPL,0.5091920047891385,0.6107585626286438,0.5079000062798507,up
2025-04-30,211.3831024169922,212.4574277707069,205.5837430092506,208.19992461631293,52286500,AAPL,0.6107585626286438,0.38588909727230725,0.6089009921960948,flat
2025-05-01,212.1988067626953,213.43227966302132,207.80202473083082,207.98108655162656,57365700,AAPL,0.38588909727230725,-3.7361736221225184,0.38514645519875645,down
2025-05-02,204.27069091796875,205.9020705063368,201.09745506032002,205.0067917796952,101010600,AAPL,-3.7361736221225184,-3.14585312230804,-3.807757245772203,down
2025-05-05,197.84463500976562,203.02725796650907,197.1682163705072,202.03251395918386,69018500,AAPL,-3.14585312230804,-0.19106203280501166,-3.196397952264492,flat
2025-05-06,197.4666290283203,199.59538061408486,195.98447015970467,197.1682179665783,51216500,AAPL,-0.19106203280501166,-1.138474850772797,-0.19124478912930995,down
2025-05-07,195.21852111816406,198.3917570874617,192.23428894820486,198.12317194216024,68536700,AAPL,-1.138474850772797,0.6318430876231851,-1.1450050864054506,up
2025-05-08,196.45199584960938,198.99853803284546,193.65675249053749,196.68078271707188,50478900,AAPL,0.6318430876231851,0.526615112238149,0.6298553278077305,up
2025-05-09,197.48654174804688,199.4859718922483,196.5017396407649,197.95407268173315,36453900,AAPL,0.526615112238149,6.314609922458425,0.525233343800654,up
2025-05-12,209.95704650878906,210.435160708662,205.93301745006437,210.13634313336473,63775800,AAPL,6.314609922458425,1.0152295700247338,6.12325303904136,up
2025-05-13,212.08859252929688,212.55673652410627,208.17412935394688,209.59847136477597,51909300,AAPL,1.0152295700247338,-0.28178117705190964,1.0101107307854205,flat
2025-05-14,211.490966796875,213.09460539099953,209.7478820292828,211.5905625216416,49325800,AAPL,-0.28178117705190964,-0.4144435260722168,-0.2821789275770722,flat
2025-05-15,210.6144561767578,212.11849916658366,208.71199985896817,210.11643191755599,45029500,AAPL,-0.4144435260722168,-0.0898511457325113,-0.4153047235287477,flat
2025-05-16,210.4252166748047,211.7300530759797,208.9411140237391,211.52087618770122,54737900,AAPL,-0.0898511457325113,-1.1739157895545915,-0.08989153607039185,down
2025-05-19,207.9550018310547,208.65223273202483,203.45285841572866,207.0884445111699,46140500,AAPL,-1.1739157895545915,-0.9196290225973569,-1.180860585165627,down
2025-05-20,206.04258728027344,207.64622592622177,204.2198167548668,206.84938410987283,42496600,AAPL,-0.9196290225973569,-2.3059040715290857,-0.923883715308381,down
2025-05-21,201.29144287109375,206.2218800326306,199.91690624087693,204.35927415345975,59211800,AAPL,-2.3059040715290857,-0.36122341120674584,-2.332905938489805,flat
2025-05-22,200.5643310546875,201.94883789272,198.91088686006037,199.91690559460176,46742400,AAPL,-0.36122341120674584,-3.0244479231270605,-0.3618773983488661,down
2025-05-23,194.4983673095703,196.91875752656549,192.69552221161257,192.90468385583864,78432900,AAPL,-3.0244479231270605,2.5298421663112247,-3.0711279696848193,up
2025-05-27,199.4188690185547,199.94677348688452,196.64984031499387,197.51641281084125,56288500,AAPL,2.5298421663112247,0.10488851004830657,2.4983713302410804,flat
2025-05-28,199.62803649902344,201.9289060786693,199.11008702875665,199.79736291846774,45339700,AAPL,0.10488851004830657,-0.2345136061230768,0.10483354048508517,flat
2025-05-29,199.15988159179688,203.0046291598645,197.72556941325453,202.77554227533128,51396800,AAPL,-0.2345136061230768,0.45012535107264995,-0.23478901995321877,flat
2025-05-30,200.0563507080078,201.16196516975768,196.00242594876025,198.58218796001185,70819900,AAPL,0.45012535107264995,0.4231977181111901,0.449115316727154,flat
2025-06-02,200.90298461914062,201.3312933884623,199.3292261245183,199.4885975362889,35423300,AAPL,0.4231977181111901,0.7783841539412029,0.422304755014603,up
2025-06-03,202.46678161621094,202.96480586317466,200.16591202699755,200.55437033168948,46381600,AAPL,0.7783841539412029,-0.22138294743113685,0.7753703735756887,flat
2025-06-04,202.0185546875,205.42503857555045,201.30139858491114,202.10819540070028,43604000,AAPL,-0.22138294743113685,-1.0797774052893838,-0.22162836174873693,down
2025-06-05,199.8372039794922,203.94091870107042,199.35908978394463,202.69585814733983,55126100,AAPL,-1.0797774052893838,1.6398311888850658,-1.0856493087603674,up
2025-06-06,203.11419677734375,204.8871617909174,201.2515910514923,202.19783403313102,46607700,AAPL,1.6398311888850658,-1.2112573294913775,1.6265311589657865,down
2025-06-09,200.65396118164062,205.18598475848052,199.22961916524454,203.58234611432158,72862600,AAPL,-1.2112573294913775,0.6056094961710334,-1.218652830788699,up
2025-06-10,201.869140625,203.54250994980842,199.77744796710627,199.8073282051838,54672600,AAPL,0.6056094961710334,-1.9193789486923962,0.6037830522308634,down
2025-06-11,197.9945068359375,203.69190510411792,197.62597377823997,202.69585666840098,60989900,AAPL,-1.9193789486923962,0.21129385173963566,-1.9380381731049234,flat
2025-06-12,198.41285705566406,198.890956077424,196.58013147350607,198.29333609984755,43904600,AAPL,0.21129385173963566,-1.3805233102505254,0.21107094022437906,down
2025-06-13,195.67372131347656,199.57822954037988,194.92668495173118,198.94075911963023,51447300,AAPL,-1.3805233102505254,1.0028016154186137,-1.390141153604722,up
2025-06-16,197.6359405517578,197.90487790098294,195.78328974313985,196.52037110088898,43020700,AAPL,1.0028016154186137,-1.4010672570188287,0.9978069234976541,down
2025-06-17,194.86692810058594,197.6060614779548,194.43863454049264,196.4207613301707,38856200,AAPL,-1.4010672570188287,0.4804632818980137,-1.4109748545778744,flat
2025-06-18,195.80319213867188,196.78928550519313,194.29916455806153,195.16572178414586,45394700,AAPL,0.4804632818980137,2.2484682623141072,0.47931274088472664,up
2025-06-20,200.2057647705078,200.90299573747222,196.0821242533237,197.45667615855015,96813500,AAPL,2.2484682623141072,0.24874463490283105,2.2235628502947216,flat
2025-06-23,200.70376586914062,201.50060768152076,198.17380945321412,200.83325703321927,55814300,AAPL,0.24874463490283105,-0.5955377660487593,0.2484357775073064,down
2025-06-24,199.5084991455078,202.63609053842802,199.40888822531906,201.78944331230142,54064000,AAPL,-0.5955377660487593,0.6290559785556926,-0.5973181643514452,up
2025-06-25,200.76351928710938,202.8651820841085,199.82723133036671,200.65395335177794,39525700,AAPL,0.6290559785556926,-0.2778166663854553,0.627085679971909,flat
2025-06-26,200.2057647705078,201.8392838353224,198.6718566431861,200.63405836503767,50799100,AAPL,-0.2778166663854553,0.039799751308722264,-0.2782032931277751,flat
2025-06-27,200.2854461669922,202.41698947637084,199.20971189891864,201.09224306842364,73188600,AAPL,0.039799751308722264,2.034000393268065,0.03979183330852768,up
2025-06-30,204.3592529296875,206.57048164253425,198.4726031076903,201.211736268348,91912800,AAPL,2.034000393268065,1.291618357444646,2.013590894058458,up
2025-07-01,206.99879455566406,209.35942450018746,205.3254252695324,205.85332972802502,78788900,AAPL,1.291618357444646,2.223078455769123,1.283348104812217,up
2025-07-02,211.6005401611328,212.49697770796604,207.31752868499885,208.08449026524102,67941800,AAPL,2.223078455769123,0.5224968132215846,2.1987282881436516,up
2025-07-03,212.70614624023438,213.8017903991559,210.97301649264048,211.31166931275297,34955800,AAPL,0.5224968132215846,-1.6857856327623377,0.5211365348392025,down
2025-07-07,209.12037658691406,215.37555986284275,207.97492690746134,211.83958469799765,50229000,AAPL,-1.6857856327623377,0.028573694703504238,-1.7001567384060678,flat
2025-07-08,209.1801300048828,210.59451698338924,207.6262968509882,209.26978591644843,42848900,AAPL,0.028573694703504238,0.5380765928293396,0.02856961320083142,up
2025-07-09,210.30567932128906,210.49493096772343,206.40117103180637,208.7020406311003,48749400,AAPL,0.5380765928293396,0.601490590341025,0.5366341327769875,up
2025-07-10,211.57064819335938,212.6364120977978,209.2000480941239,209.678147079363,44443600,AAPL,0.601490590341025,-0.5884752465364684,0.5996888569178622,down
2025-07-11,210.3256072998047,211.29177557167307,209.03074119537857,209.73794232575938,39765800,AAPL,-0.5884752465364684,-1.2028962197125792,-0.5902135852657517,down
2025-07-14,207.7956085205078,210.07656782568804,206.719874444485,209.10042946873696,38840100,AAPL,-1.2028962197125792,0.23488604461725515,-1.2101895628634116,flat
2025-07-15,208.28369140625,211.05270487364396,208.09443976951917,208.39325734338402,42296300,AAPL,0.23488604461725515,0.5021289252517214,0.2346106185547501,up
2025-07-16,209.3295440673828,211.5606828488181,207.8155461810567,209.4689902412225,47490500,AAPL,0.5021289252517214,-0.06661748290881508,0.5008724622513407,flat
2025-07-17,209.19009399414062,210.96305897069354,208.761785269157,209.7379236663323,48068100,AAPL,-0.06661748290881508,0.5523257552692451,-0.06663968221358683,up
2025-07-18,210.3455047607422,210.95309492429405,208.87135730762196,210.0367321724359,48974600,AAPL,0.5523257552692451,0.6155875978032466,0.5508060298912894,up
2025-07-21,211.64036560058594,214.92732845073886,210.7937335563828,211.2618775331451,51377400,AAPL,0.6155875978032466,0.9036152178977019,0.6137005974840423,up
2025-07-22,213.5527801513672,214.1006098348481,211.39135685335447,212.29776458434165,46404100,AAPL,0.9036152178977019,-0.11660263965397322,0.8995570441175984,flat
2025-07-23,213.30377197265625,214.29982043425818,211.57065737650467,214.15041924441525,46989300,AAPL,-0.11660263965397322,-0.18211504107996657,-0.11667067342310043,flat
2025-07-24,212.91531372070312,214.83769515517375,212.68622683006964,213.05475989741393,46022600,AAPL,-0.18211504107996657,0.056135978496762995,-0.1822810721298693,flat
2025-07-25,213.0348358154297,214.38946224202752,212.55672164240056,213.85158759699283,40268800,AAPL,0.056135978496762995,0.07949746770590238,0.05612022815048572,flat
2025-07-28,213.20419311523438,214.00103498726418,212.21809958876685,213.18426788884761,37858000,AAPL,0.07949746770590238,-1.298767941428014,0.07946588520612743,down
2025-07-29,210.43516540527344,213.96117031669576,209.9869466315705,213.33365491441555,51411700,AAPL,-1.298767941428014,-1.0507879767783224,-1.30727567636277,down
2025-07-30,208.22393798828125,211.5507362671114,206.89919168476044,211.06266703997414,45512500,AAPL,-1.0507879767783224,-0.7079718520164313,-1.0563477354532498,down
2025-07-31,206.74977111816406,209.0107900151974,206.34138763159262,207.6661338109758,80698400,AAPL,-0.7079718520164313,-2.5003555467844607,-0.7104898643164115,down
2025-08-01,201.58029174804688,212.73603143542957,200.7037642416869,210.03673342752194,104434500,AAPL,-2.5003555467844607,0.4792984751981866,-2.5321454624625637,flat
2025-08-04,202.5464630126953,207.0585613783641,200.88304868853191,203.70186769022786,75109300,AAPL,0.4792984751981866,-0.21146466969286237,0.478153497173791,flat
2025-08-05,202.11814880371094,204.52858421879685,201.36115745633876,202.59624780213056,44155100,AAPL,-0.21146466969286237,5.090678215297206,-0.21168857193060897,up
2025-08-06,212.40733337402344,214.52892145014,204.77759854868273,204.81744899810374,108483100,AAPL,5.090678215297206,3.1793649675039948,4.965339353018577,up
2025-08-07,219.16053771972656,219.97730473834642,215.7241736307253,218.01508808955717,90224800,AAPL,3.1793649675039948,4.235786562676558,3.129869520106027,up
2025-08-08,228.44371032714844,230.08718413442585,218.3836152444713,219.95737356583322,113854000,AAPL,4.235786562676558,-0.833735937331237,4.148532546932287,down
2025-08-11,226.53909301757812,228.91238364576833,224.12592192869855,227.27701087414155,61806100,AAPL,-0.833735937331237,1.0872419065924621,-0.837230955100568,up
2025-08-12,229.0021209716797,230.14888579943394,226.429412881848,227.36674823663387,55626200,AAPL,1.0872419065924621,1.6024445286520361,1.081373926222046,up
2025-08-13,232.6717529296875,234.33703985510917,229.77992501054072,230.4181341091737,69878500,AAPL,1.6024445286520361,-0.23572346327241922,1.5897409188223566,flat
2025-08-14,232.123291015625,234.4566858681212,230.1987431425788,233.39967872378062,51916300,AAPL,-0.23572346327241922,-0.5112134601489071,-0.23600172840491776,down
2025-08-15,230.9366455078125,233.6190590405621,228.69299310222902,233.33985018068216,56038700,AAPL,-0.5112134601489071,-0.3022531587090427,-0.5125246266400223,flat
2025-08-18,230.23863220214844,232.46233685580373,229.46083388892833,231.04634466466607,37476200,AAPL,-0.3022531587090427,-0.14292607707683258,-0.3027108660914841,flat
2025-08-19,229.90956115722656,232.2130419457167,228.70298322789472,230.62753117126795,39402600,AAPL,-0.14292607707683258,-1.9734587754066668,-0.14302831382129907,down
2025-08-20,225.3723907470703,229.81981519856654,225.13307755654054,229.33119207499826,42263900,AAPL,-1.9734587754066668,-0.49112373353970007,-1.993191516264375,flat
2025-08-21,224.26553344726562,225.88097364743615,223.14869792378403,225.6316789169631,30621200,AAPL,-0.49112373353970007,1.2716749948596506,-0.4923337094260738,up
2025-08-22,227.11746215820312,228.44371192910324,224.77410085849388,225.53195134940427,42477800,AAPL,1.2716749948596506,-0.26343741790885167,1.2636571111288266,flat
2025-08-25,226.51914978027344,228.6531118971015,225.59176554347297,225.84106025439092,30983100,AAPL,-0.26343741790885167,0.9464701590599311,-0.2637850248934095,up
2025-08-26,228.6630859375,228.84258604761433,224.05612439304167,226.22996704217394,54575100,AAPL,0.9464701590599311,0.5145918125483151,0.9420191929208597,up
2025-08-27,229.8397674560547,230.24859923631865,227.6160475796746,227.96506627689797,31259500,AAPL,0.5145918125483151,0.8980879291928812,0.5132723136336729,up
2025-08-28,231.9039306640625,232.75153884501827,228.69301327644948,230.16884905542523,38074700,AAPL,0.8980879291928812,-0.18060204541949787,0.894079103525418,flat
2025-08-29,231.485107421875,232.7216147258446,230.71727541448905,231.85405874294378,39418400,AAPL,-0.18060204541949787,-1.042469754672981,-0.18076532753705873,down
2025-09-02,229.0719451904297,230.19876225122124,226.32970313085187,228.6032698757151,44075600,AAPL,-1.042469754672981,3.8089829254487784,-1.0479415315868323,up
2025-09-03,237.79725646972656,238.17618932549604,233.69885053091846,236.5408165177042,66427800,AAPL,3.8089829254487784,0.5493291605817463,3.738232170686491,up
2025-09-04,239.10354614257812,239.2232027368954,236.0721290991865,237.77729643117493,47549400,AAPL,0.5493291605817463,-0.03753695782166,0.5478258508480345,flat
2025-09-05,239.0137939453125,240.63920029193574,237.81718240373485,239.32291694518142,54870400,AAPL,-0.03753695782166,-0.7551387869566994,-0.037544004701183825,down
2025-09-08,237.2089080810547,239.47249309970456,235.67324414176576,238.62490021245955,48999500,AAPL,-0.7551387869566994,-1.4839387013392713,-0.758004395222431,down
2025-09-09,233.68887329101562,238.1063683630383,232.70166073618753,236.33139119913957,66313900,AAPL,-1.4839387013392713,-3.2259477843797124,-1.4950592233048619,down
2025-09-10,226.1501922607422,231.76431424305812,225.31256565050364,231.53496736029473,83440800,AAPL,-3.2259477843797124,1.4286370691166894,-3.2791283262647672,up
2025-09-11,229.3810577392578,229.7998710451417,226.010588238333,226.23995033725743,50208600,AAPL,1.4286370691166894,1.756295951024689,1.4185282152052412,up
2025-09-12,233.40966796875,233.84841389514688,228.3739115767776,228.5733443098202,55824200,AAPL,1.756295951024689,1.1235861035975292,1.7410513088878223,up
2025-09-15,236.0322265625,237.5180285002954,234.3669397384463,236.33138325533858,42699500,AAPL,1.1235861035975292,0.6125955224930424,1.1173207622585362,up
2025-09-16,237.4781494140625,240.53949594661788,235.65332541334,236.51088466190768,63421100,AAPL,0.6125955224930424,0.3527257082143187,0.6107267841105588,flat
2025-09-17,238.3157958984375,239.42266510979977,237.05934071942244,238.2958480596019,46508000,AAPL,0.3527257082143187,-0.4644626316983702,0.35210509004652984,flat
2025-09-18,237.2089080810547,240.51953392817583,235.98236714862816,239.2930082114909,44249600,AAPL,-0.4644626316983702,3.203299068174581,-0.465544610939042,up
2025-09-19,244.8074188232422,245.60516498271895,239.53234916144805,240.5494606794321,163741300,AAPL,3.203299068174581,4.309567263758818,3.153063426328445,up
2025-09-22,255.35755920410156,255.9160073848096,247.42002368458668,247.5995237986898,105517400,AAPL,4.309567263758818,-0.6443278871197333,4.219290013168558,down
2025-09-23,253.71221923828125,256.6140134777918,252.86462630601793,255.15814081026073,60275200,AAPL,-0.6443278871197333,-0.8332328960039437,-0.6464126391678221,down
2025-09-24,251.59820556640625,255.01853710208397,250.33178410429736,254.49999981420794,42303700,AAPL,-0.8332328960039437,1.8072939472633998,-0.8367236857623894,up
2025-09-25,256.14532470703125,256.4444966190252,250.99989343760635,252.49566170312627,55202100,AAPL,1.8072939472633998,-0.54890943685314,1.7911565338262578,down
2025-09-26,254.73931884765625,256.87328100426123,253.06405044687503,253.38315498635407,46076300,AAPL,-0.54890943685314,-0.4031963397017835,-0.55042148040742,flat
2025-09-29,253.71221923828125,254.28061851263055,252.29622703166862,253.84185736381545,40127700,AAPL,-0.4031963397017835,0.07861175643599783,-0.4040113676564628,flat
2025-09-30,253.9116668701172,255.1980209495745,252.39595068950493,254.1410137555297,37704300,AAPL,0.07861175643599783,0.32203038937570483,0.07858087357872592,flat
2025-10-01,254.72933959960938,258.0599285933123,254.21080232618834,254.32049261064776,48713900,AAPL,0.32203038937570483,0.6576637201686664,0.32151298202565004,up
2025-10-02,256.40460205078125,257.45162766856953,253.43299812845933,255.85613542550084,42630200,AAPL,0.6576637201686664,0.34612549164674267,0.6555105475919998,flat
2025-10-03,257.2920837402344,258.5086431914624,253.23357360959045,253.9515436206674,49155600,AAPL,0.34612549164674267,-0.5154640398047805,0.3455278560160443,down
2025-10-06,255.96583557128906,258.33912604890287,254.3304629034206,257.2621558739689,44664100,AAPL,-0.5154640398047805,-0.08180041021814688,-0.5167971387568354,flat
2025-10-07,255.75645446777344,256.6738420114173,254.70939836699205,256.0855101139428,31955800,AAPL,-0.08180041021814688,0.6160338232429563,-0.08183388500996244,up
2025-10-08,257.3320007324219,257.7906945345413,255.38748958216482,255.79633660873378,36496900,AAPL,0.6160338232429563,-1.5577920734133444,0.6141440918380204,down
2025-10-09,253.32330322265625,257.27213808351553,252.42584836214985,257.08267167133846,38322000,AAPL,-1.5577920734133444,-3.452204809648307,-1.570053155599148,down
2025-10-10,244.57806396484375,255.6567217403356,243.3116425485481,254.2207817432353,61999100,AAPL,-3.452204809648307,0.9744415443628807,-3.513201331059678,up
2025-10-13,246.96133422851562,248.98560621270488,244.86725241658198,248.67648318296307,38142900,AAPL,0.9744415443628807,0.04441188177246591,0.9697244813388844,flat
2025-10-14,247.07101440429688,248.14796941642882,244.00966795095763,245.90431694508948,35478000,AAPL,0.04441188177246591,0.6336506208048043,0.04440202261523654,up
2025-10-15,248.63658142089844,251.10959602979932,246.77186176083558,248.78616738422895,33893600,AAPL,0.6336506208048043,-0.7579973963228515,0.6316514957929752,down
2025-10-16,246.75192260742188,248.33743345063007,244.43847540742667,247.54966879270205,39777000,AAPL,-0.7579973963228515,1.9559419889786378,-0.7608847967879364,up
2025-10-17,251.5782470703125,252.66518358811555,246.57242016484557,247.3203043073955,49147000,AAPL,1.9559419889786378,3.9438767662544505,1.9370592698148312,up
2025-10-20,261.50018310546875,263.63416054313814,254.90884523128253,255.168106265739,90483000,AAPL,3.9438767662544505,0.202092745830873,3.8680921013391734,flat
2025-10-21,262.0286560058594,264.5415659974475,261.0913055219307,261.1411827196178,46695900,AAPL,0.202092745830873,-1.6440071254245958,0.2018888131504994,down
2025-10-22,257.72088623046875,262.1084670888602,254.70938662410154,261.9090191460537,45015300,AAPL,-1.6440071254245958,0.43720555055193344,-1.6576708850049895,flat
2025-10-23,258.84765625,259.8847307097371,257.2821086816683,259.2066564378435,32754900,AAPL,0.43720555055193344,1.2481961631328753,0.43625258369113534,up
2025-10-24,262.0785827636719,263.3848847726989,258.4488367256365,260.4531761824355,38253700,AAPL,1.2481961631328753,2.2791192752595,1.2404704167094445,up
2025-10-27,268.0516662597656,268.36078929414754,263.90339825112477,264.13276036080543,44888200,AAPL,2.2791192752595,0.07067783895675639,2.2535353479356313,flat
2025-10-28,268.2411193847656,269.12862319727753,267.39351124836816,268.23113785786586,41534800,AAPL,0.07067783895675639,0.26022429598195895,0.07065287393462459,flat
2025-10-29,268.93914794921875,270.6443152614699,266.35642794866993,268.5203194424725,51086700,AAPL,0.26022429598195895,0.6303249053230431,0.2598862988010724,up
2025-10-30,270.63433837890625,273.36662916750566,267.72259312931254,271.2226702585742,69886500,AAPL,0.6303249053230431,-0.37950435186790976,0.6283466664280875,flat
2025-10-31,269.6072692871094,276.53767519933945,268.40069127196034,276.2085891024436,86167100,AAPL,-0.37950435186790976,-0.48823412690103263,-0.380226296753672,flat
2025-11-03,268.29095458984375,270.08589475979994,265.49886601188945,269.65711516237894,50194600,AAPL,-0.48823412690103263,0.3679750045442409,-0.48942988336280124,flat
2025-11-04,269.2781982421875,270.72408938596277,266.86501191822913,267.5730004152706,49274800,AAPL,0.3679750045442409,0.037036583712879434,0.36729963281676825,flat
2025-11-05,269.3779296875,270.9335263776032,266.17696342424256,267.8522167164328,43683100,AAPL,0.037036583712879434,-0.13697782796735503,0.037029726863190164,flat
2025-11-06,269.0089416503906,272.6287059365568,267.1342708755924,267.1342708755924,51204000,AAPL,-0.13697782796735503,-0.4818894404181151,-0.13707172835239542,flat
2025-11-07,267.7126159667969,271.5218466038475,266.0173996929098,269.03885049148494,48227400,AAPL,-0.4818894404181151,0.454869456011342,-0.48305427121975414,flat
2025-11-10,268.93035888671875,273.22240319845355,266.96401085683,268.46122924118225,41312400,AAPL,0.454869456011342,2.160114657791201,0.4538380514148896,up
2025-11-11,274.73956298828125,275.3983427074405,269.2996575494418,269.3096487524697,46208300,AAPL,2.160114657791201,-0.6466862149501096,2.1371148071028614,down
2025-11-12,272.9628601074219,275.2186787593472,271.19615348009904,274.49002155435767,48398000,AAPL,-0.6466862149501096,-0.19014031834500011,-0.6487862890758321,flat
2025-11-13,272.44384765625,276.1868935731559,271.5854266195937,273.6016697208788,49602800,AAPL,-0.19014031834500011,-0.197850671637112,-0.1903213145158224,flat
2025-11-14,271.9048156738281,275.44821996704485,269.10002929321837,270.54732197227213,47431300,AAPL,-0.197850671637112,-1.8171161859606544,-0.1980466546235507,down
2025-11-17,266.9639892578125,269.98836893107386,265.237217022597,268.3214829895084,45018300,AAPL,-1.8171161859606544,-0.007464669137968727,-1.8338285065585238,flat
2025-11-18,266.9440612792969,270.2079864201871,264.8279974843966,269.48932037088264,45677300,AAPL,-0.007464669137968727,0.41877290655560895,-0.007464947758260898,flat
2025-11-19,268.06195068359375,271.7051756343288,265.00762791735707,265.0375710636542,40424500,AAPL,0.41877290655560895,-0.8601349703672212,0.41789849317348,down
2025-11-20,265.7562561035156,274.91922505965954,265.42688147061517,270.327749378444,45823600,AAPL,-0.8601349703672212,1.9680647235321702,-0.8638554808404069,up
2025-11-21,270.98651123046875,272.8230952896135,265.17732758833057,265.4568071090486,59030800,AAPL,1.9680647235321702,1.6317468883471742,1.948948732721377,up
2025-11-24,275.4083251953125,276.4863089537433,270.397615191446,270.397615191446,65585800,AAPL,1.6317468883471742,0.3805495657415614,1.6185769721398426,flat
2025-11-25,276.4563903808594,279.8600705608694,274.73957871594786,274.75953066216096,46914200,AAPL,0.3805495657415614,0.2093957526739132,0.3798273076683596,flat
2025-11-26,277.0352783203125,279.01161742605893,276.1170014953278,276.44637611579356,33431400,AAPL,0.2093957526739132,0.46839067924580036,0.20917682533082624,flat
2025-11-28,278.3328857421875,278.4826014787427,275.4781737009374,276.7458380127342,20135600,AAPL,0.46839067924580036,1.524119743713337,0.4672971434540764,up
2025-12-01,282.57501220703125,282.89442609469603,275.62792768573877,277.4944549964911,46587700,AAPL,1.524119743713337,1.0914832876105063,1.51262172065036,up
2025-12-02,285.6592712402344,286.86701880065203,282.10587559562896,282.47518456741903,53669500,AAPL,1.0914832876105063,-0.7128157809805358,1.0855696011275955,down
2025-12-03,283.623046875,288.0847586222564,282.77461708045536,285.6692634925469,43538700,AAPL,-0.7128157809805358,-1.2141479874668626,-0.7153684504557432,down
2025-12-04,280.179443359375,284.20196835267484,278.07334059490756,283.5731318378766,43989100,AAPL,-1.2141479874668626,-0.6840055245008081,-1.2215789741831256,down
2025-12-05,278.26300048828125,280.6186397013617,277.53434330937836,280.01974631085085,47265800,AAPL,-0.6840055245008081,-0.3192433705098474,-0.686355564689062,flat
2025-12-08,277.3746643066406,279.15136205700173,275.6378704438954,277.6142094762677,38211800,AAPL,-0.3192433705098474,-0.2555062909471051,-0.3197540392983899,flat
2025-12-09,276.66595458984375,279.5106752769474,276.40645748061854,277.64414811825674,32193300,AAPL,-0.2555062909471051,0.5772469911612843,-0.25583326534953565,up
2025-12-10,278.26300048828125,279.2312028389952,275.92734368017386,277.23491184461454,33038300,AAPL,0.5772469911612843,-0.2690246960942222,0.575587304647931,flat
2025-12-11,277.514404296875,279.07150890817053,273.3022288840155,278.5824273392719,33248000,AAPL,-0.2690246960942222,0.08992046267306542,-0.26938721785778563,flat
2025-12-12,277.7639465332031,278.70220580092337,276.30666253778065,277.38464634485007,39532900,AAPL,0.08992046267306542,-1.498499906996098,0.08988005844432756,down
2025-12-15,273.6016540527344,279.63046152672615,272.33402020742307,279.63046152672615,50409100,AAPL,-1.498499906996098,0.18241281266524467,-1.5098408555415868,flat
2025-12-16,274.1007385253906,274.9891026980292,271.2859911871425,272.3140798989353,37648600,AAPL,0.18241281266524467,-1.0087028861802017,0.1822466425405,down
2025-12-17,271.33587646484375,275.6478724530811,271.13626563598973,274.50001118897205,50138700,AAPL,-1.0087028861802017,0.1287574790797219,-1.0138247658845123,flat
2025-12-18,271.68524169921875,273.12257373871984,266.4549687260805,273.1025913325419,51630700,AAPL,0.1287574790797219,0.5437411303821804,0.1286746577224654,up
2025-12-19,273.1625061035156,274.09077415448866,269.399477884542,271.6453053723066,144632000,AAPL,0.5437411303821804,-0.9865948891234266,0.5422681951884745,down
2025-12-22,270.4674987792969,273.37210596231955,270.00836035897595,272.3539780142796,36571800,AAPL,-0.9865948891234266,0.5129713035979311,-0.9914939859583293,up
2025-12-23,271.85491943359375,271.99467443806464,269.06012395403746,270.3377490962612,29642000,AAPL,0.5129713035979311,0.5323781322749355,0.5116600880012279,up
2025-12-24,273.3022155761719,274.9192064044749,271.69521595033444,271.8349404799371,17910600,AAPL,0.5323781322749355,-0.14973926274014504,0.5309660095674185,flat
2025-12-26,272.8929748535156,274.859322715931,272.35396775197984,273.65157518449314,21521800,AAPL,-0.14973926274014504,0.1316908213532919,-0.14985148401437073,flat
2025-12-29,273.2523498535156,273.8512128461511,271.8449608988494,272.1843267483383,23715200,AAPL,0.1316908213532919,-0.24840480713893553,0.13160418504418514,flat
2025-12-30,272.5735778808594,273.5717234473003,271.77507361210075,272.304089543875,22139600,AAPL,-0.24840480713893553,-0.446757506501283,-0.2487138437606135,flat
2025-12-31,271.3558349609375,273.17246717497864,271.24605357156486,272.553621806917,27293600,AAPL,-0.446757506501283,-0.3126592761770741,-0.4477584501558454,flat
2026-01-02,270.5074157714844,277.32473598417806,268.5011336129586,271.75509761912826,37838100,AAPL,-0.3126592761770741,-1.3837114156417418,-0.31314907649584195,down
2026-01-05,266.7643737792969,271.0064921177503,265.6464557026853,270.1381104139889,45647200,AAPL,-1.3837114156417418,-1.8334270451824564,-1.3933739398968665,down
2026-01-06,261.8734436035156,267.0538212812338,261.6338984265986,266.504853430471,52352100,AAPL,-1.8334270451824564,-0.7737497507594893,-1.8504426184870557,down
2026-01-07,259.8471984863281,263.1909919246956,259.32817380451803,262.71190159101934,48309800,AAPL,-0.7737497507594893,-0.4955093401707855,-0.7767587254826069,flat
2026-01-08,258.55963134765625,258.80916773471864,255.22581364132833,256.5433578451618,50419300,AAPL,-0.4955093401707855,0.12738888084979916,-0.4967410582383972,flat
2026-01-09,258.8890075683594,259.7274461787287,255.74485516422806,258.5995368285105,39997000,AAPL,0.12738888084979916,0.339291134614883,0.12730781005779077,flat
2026-01-12,259.76739501953125,260.8154357257053,256.32378048041085,258.6794199598783,45263800,AAPL,0.339291134614883,0.3073874731586601,0.3387168408965657,flat
2026-01-13,260.5658874511719,261.3244878277737,257.9108470550362,258.24022168851656,45730800,AAPL,0.3073874731586601,-0.4175458991876879,0.3069160037768495,flat
2026-01-14,259.4779052734375,261.33447181199796,256.23393227813756,259.0087756526009,40019400,AAPL,-0.4175458991876879,-0.6731845375728684,-0.4184200562639289,down
2026-01-15,257.73114013671875,260.5559089501236,256.5732877053955,260.1666175851947,39388600,AAPL,-0.6731845375728684,-1.03790448074641,-0.6754606453692792,down
2026-01-16,255.05613708496094,258.41988279267105,254.45724364888233,257.4217372195352,72142800,AAPL,-1.03790448074641,-3.4555644302943223,-1.043328271118352,down
2026-01-20,246.2425079345703,254.31750190322293,242.9685916985444,252.26132447540706,80267500,AAPL,-3.4555644302943223,0.38508468560267684,-3.5166811403022664,flat
2026-01-21,247.1907501220703,251.09350304772093,244.72532928784554,248.23880604127606,54641700,AAPL,0.38508468560267684,0.2826561879143208,0.38434513252299496,flat
2026-01-22,247.8894500732422,250.53452965267718,247.68980878155546,248.737864640942,39708300,AAPL,0.2826561879143208,-0.12482700788880585,0.2822574664753265,flat
2026-01-23,247.58001708984375,248.94748685874615,244.22624741136653,246.86136630134166,41689000,AAPL,-0.12482700788880585,2.97129735567756,-0.12490498169329728,up
2026-01-26,254.9363555908203,256.08421686766076,249.336758511775,251.01363570547153,55969200,AAPL,2.97129735567756,1.1197539980376536,2.928009695710209,up
2026-01-27,257.791015625,261.46421404872183,257.73112933459527,258.68937090303496,49648300,AAPL,1.1197539980376536,-0.7085403423770176,1.1135311634926057,down
2026-01-28,255.96446228027344,258.3799575946877,254.03803333601454,257.17220993748055,41288000,AAPL,-0.7085403423770176,0.7175070687510443,-0.7110624097650485,up
2026-01-29,257.801025390625,259.16847988830324,253.93820707645818,257.52154586161765,67253000,AAPL,0.7175070687510443,0.46461584937966816,0.7149452337149825,flat
2026-01-30,258.9988098144531,261.41430490835,251.7123292610244,254.69678984095313,92443400,AAPL,0.46461584937966816,4.058126002356821,0.46353984152365557,up
2026-02-02,269.5093078613281,269.98839826257677,258.7293169184304,259.5478036352127,73913400,AAPL,4.058126002356821,-0.19629088916998105,3.9779460893500804,flat
2026-02-03,268.98028564453125,271.3758289780004,267.11372779647115,268.70080609664296,64394700,AAPL,-0.19629088916998105,2.601286642781786,-0.1964837922112354,up
2026-02-04,275.97723388671875,278.432693698261,271.7850411492978,271.7850411492978,90545700,AAPL,2.601286642781786,-0.2097593092373451,2.5680287047938024,flat
2026-02-05,275.3983459472656,278.98168486317746,272.72332314901723,277.6142303156022,52977400,AAPL,-0.2097593092373451,0.8009748840153375,-0.20997961220096442,up
2026-02-06,277.6042175292969,280.3890519626743,276.4164219647768,276.6060720438839,50453400,AAPL,0.8009748840153375,-1.166048390953256,0.7977841070814651,down
2026-02-09,274.3672180175781,277.9439398399519,271.4499228389202,277.6541982366954,44623400,AAPL,-1.166048390953256,-0.3422959769044165,-1.1729000497211481,flat
2026-02-10,273.4280700683594,275.11651686144285,272.68876099546605,274.6369782150198,34376900,AAPL,-0.3422959769044165,0.6650117732854843,-0.3428831498793266,up
2026-02-11,275.24639892578125,279.92208361183503,274.1973776592452,274.44714753122867,51931300,AAPL,0.6650117732854843,-4.998173910671744,0.6628103245317511,down
2026-02-12,261.4891052246094,275.46621856633783,259.94051360693726,275.3363333447182,81077200,AAPL,-4.998173910671744,-2.2733450234726726,-5.127407257936166,down
2026-02-13,255.5445556640625,261.9886306947134,255.21485759663088,261.7688319830923,56290700,AAPL,-2.2733450234726726,3.1667901487565153,-2.2995839415095465,up
2026-02-17,263.6371154785156,266.0449008431299,255.30478047881587,257.8124646511843,58469100,AAPL,3.1667901487565153,0.17811375828364895,3.117681438621338,flat
2026-02-18,264.106689453125,266.57441720150126,262.20844437502524,263.35737977838915,34203300,AAPL,0.17811375828364895,-1.4261551090285374,0.17795532383034163,down
2026-02-19,260.3401184082031,264.2365527856389,259.81060750150084,262.35827847824623,30845300,AAPL,-1.4261551090285374,1.5350449692731916,-1.4364224365880747,up
2026-02-20,264.3364562988281,264.5063132392292,257.9223826043077,258.73163460792017,42070500,AAPL,1.5350449692731916,0.6047257970275721,1.5233823534795543,up
2026-02-23,265.9349670410156,269.1819753311392,263.13755670993424,263.24744081710827,37308200,AAPL,0.6047257970275721,2.239103564464129,0.6029046687798549,up
2026-02-24,271.8895263671875,274.6369951599546,267.46358073991865,267.61343657617186,47014600,AAPL,2.239103564464129,0.7679860855135612,2.21440366494877,up
2026-02-25,273.97760009765625,274.6869380517792,270.8005039088116,271.5298429675081,33714300,AAPL,0.7679860855135612,-0.46676776162442035,0.7650520846136862,flat
2026-02-26,272.6987609863281,275.8558253670768,270.55071567552415,274.6969199809464,32345100,AAPL,-0.46676776162442035,-3.213044438249635,-0.46786052410885526,down
2026-02-27,263.93682861328125,272.5588900215503,262.6480379442022,272.5588900215503,72366500,AAPL,-3.213044438249635,0.20440108677830526,-3.2657957379533524,flat
2026-03-02,264.476318359375,266.2846497598317,259.960490133898,262.16844722421786,41827900,AAPL,0.20440108677830526,-0.3664168116717992,0.2041924719824955,flat
2026-03-03,263.5072326660156,265.31556422164516,259.8905695547566,263.23749216234586,38568900,AAPL,-0.3664168116717992,-0.46635601744375865,-0.3670897624439547,flat
2026-03-04,262.2783508300781,265.9050144519466,261.179387723623,264.4063951364299,39803100,AAPL,-0.46635601744375865,-0.8494547048829904,-0.4674468498819032,down
2026-03-05,260.0504150390625,261.3192350446657,257.01320478174756,260.54995479568396,49658600,AAPL,-0.8494547048829904,-1.087259597443213,-0.8530831338801405,down
2026-03-06,257.2229919433594,258.53178361058343,254.13584003818684,258.39192833924307,41120000,AAPL,-1.087259597443213,0.9399570490431275,-1.093213459894777,up
2026-03-09,259.6407775878906,260.9095975388004,253.44647267699952,255.45463216869055,38218500,AAPL,0.9399570490431275,0.36555398041986376,0.9355669414157602,flat
2026-03-10,260.58990478515625,262.2384104290217,256.71350175461305,257.4128391437035,30590800,AAPL,0.36555398041986376,-0.007670678451010549,0.3648874557014285,flat
2026-03-11,260.5699157714844,261.888707997661,259.3110658747261,260.8496568052655,26218900,AAPL,-0.007670678451010549,-1.936274610273292,-0.007670972662595488,down
2026-03-12,255.52456665039062,258.71164792954545,253.94601921584928,258.4219063383753,40794000,AAPL,-1.936274610273292,-2.2051876328148423,-1.95526595655038,down
2026-03-13,249.8897705078125,256.0940459350445,249.29033192864068,255.24483747003174,36930000,AAPL,-2.2051876328148423,1.0794859745288043,-2.229865363447962,up
2026-03-16,252.58729553222656,253.6563027081548,249.6499992581203,251.87794235419486,32074200,AAPL,1.0794859745288043,0.5577047742174601,1.0737011185857437,up
2026-03-17,253.99598693847656,254.89516767044782,251.94787083452104,252.72716690012706,32361600,AAPL,0.5577047742174601,-1.6874444795081711,0.5561553592463053,down
2026-03-18,249.70994567871094,254.70534343896443,248.7708084606242,252.3974721128864,35757900,AAPL,-1.6874444795081711,-0.3920930967820313,-1.7018440434935895,flat
2026-03-19,248.73085021972656,251.5982036354298,247.0723745163624,249.17043241392184,34864100,AAPL,-0.3920930967820313,-0.38962445152316283,-0.3928637969992818,flat
2026-03-20,247.76173400878906,248.97061168291066,245.77356028907465,247.7517334570195,88331100,AAPL,-0.38962445152316283,1.4113480475494988,-0.39038546496206694,up
2026-03-23,251.25851440429688,254.3656523266213,250.0496214753341,253.73622734962268,40546100,AAPL,1.4113480475494988,0.059642383756863815,1.4014812591042392,flat
2026-03-24,251.4083709716797,254.5954370944537,249.32029842391177,250.1195650925759,45152300,AAPL,0.059642383756863815,0.3894442556547473,0.059624604756024845,flat
2026-03-25,252.38746643066406,254.76528059453105,251.3684162845015,253.86611511385965,28476700,AAPL,0.3894442556547473,0.10688333127273353,0.38868788463975484,flat
2026-03-26,252.6572265625,256.76344411909713,250.53918279672283,251.88793104116345,41796700,AAPL,0.10688333127273353,-1.6173068672430957,0.10682625170895263,down
2026-03-27,248.57098388671875,255.2548282141602,247.8416601166152,253.666280215245,47900000,AAPL,-1.6173068672430957,-0.8721851736991693,-1.6305280196262601,down
2026-03-30,246.40298461914062,250.63907198816298,245.28400520065438,249.83982057534305,39446200,AAPL,-0.8721851736991693,2.9031290418426448,-0.8760109701824331,up
2026-03-31,253.55638122558594,255.24482803058763,246.87255213324852,247.6818040942864,49598100,AAPL,2.9031290418426448,0.7250134515282447,2.861786495948073,up
2026-04-01,255.3946990966797,255.94418062939917,253.096813183035,253.8461228128272,40059400,AAPL,0.7250134515282447,0.11344553655323608,0.7223978636376894,flat
2026-04-02,255.68443298339844,255.89424639361263,250.4192795609811,253.96601496217014,31289400,AAPL,0.11344553655323608,1.1487876222620041,0.11338123573076417,up
2026-04-06,258.6217041015625,261.9186847371787,256.2239194053331,256.27389167390277,29329900,AAPL,1.1487876222620041,-2.07060792616357,1.1422391614750629,down
2026-04-07,253.26666259765625,255.96418954301222,245.47383916108728,255.92421782448065,62148000,AAPL,-2.07060792616357,2.1301735790709264,-2.0923456036972126,up
2026-04-08,258.66168212890625,259.51090582044134,256.29386854025813,258.2121146377317,41032800,AAPL,2.1301735790709264,0.6141348347641795,2.1078025189925813,up
2026-04-09,260.2502136230469,260.879638597066,255.8342992320816,258.7615948993736,28121600,AAPL,0.6141348347641795,-0.0038344821731151058,0.6122567123347408,flat
2026-04-10,260.240234375,261.94865175168746,258.78155637925676,259.7406946341393,31291500,AAPL,-0.0038344821731151058,-0.49139542039732254,-0.0038345556912621516,flat
2026-04-13,258.96142578125,259.9405042051452,256.4237552437805,259.49093671136296,36234700,AAPL,-0.49139542039732254,-0.142758690909639,-0.49260673756055484,flat
2026-04-14,258.59173583984375,261.68888841493145,256.9532612999924,259.01136264890187,48370700,AAPL,-0.142758690909639,2.936295529114541,-0.14286068821369136,up
2026-04-15,266.18475341796875,266.3146386359468,257.57269269729437,257.92237663273806,49913500,AAPL,2.936295529114541,-1.1372633634406881,2.894012088910211,down
2026-04-16,263.15753173828125,266.91408037974617,261.0294875448873,266.55439590858066,43323100,AAPL,-1.1372633634406881,2.593021154924191,-1.1437796552710189,up
2026-04-17,269.98126220703125,272.0493335842862,266.47448343207725,266.7142527536172,61436200,AAPL,2.593021154924191,1.043547537139644,2.5599724502604513,up
2026-04-20,272.79864501953125,274.0275237795767,270.04120633500696,270.08114756253855,36590200,AAPL,1.043547537139644,-2.5196703995697067,1.0381401662850636,down
2026-04-21,265.9250183105469,272.5488901425708,265.1557075406741,271.250098918132,50209800,AAPL,-2.5196703995697067,2.629899524101398,-2.551957602598669,up
2026-04-22,272.9185791015625,273.48803128351057,266.62435952726383,267.5734973129919,43249200,AAPL,2.629899524101398,0.09516944880663125,2.5959122658055596,flat
2026-04-23,273.1783142089844,275.5161566987003,271.39995382845746,274.79681820267325,33399600,AAPL,0.09516944880663125,-0.8667702544387201,0.09512419139857489,down
2026-04-24,270.81048583984375,272.80864483253174,269.4017800912603,272.50893317942314,38157100,AAPL,-0.8667702544387201,-1.2727861582674027,-0.870548556450589,down
2026-04-27,267.3636474609375,268.1129570778125,264.8260075108844,265.84505761361925,41466800,AAPL,-1.2727861582674027,1.1584102768505522,-1.2809554739298108,up
2026-04-28,270.4608154296875,272.97851539952296,268.4127145556596,272.0893199684016,40018900,AAPL,1.1584102768505522,-0.1994705758897597,1.1517520751980868,flat
2026-04-29,269.92132568359375,270.7905199823619,266.7942019267937,267.3037117460274,30047900,AAPL,-0.1994705758897597,0.4367659937802859,-0.19966978339397376,flat
2026-04-30,271.1002502441406,275.7459641951834,267.893213328058,270.25102650288807,91848200,AAPL,0.4367659937802859,3.239351812191993,0.43581493936293403,up
2026-05-01,279.88214111328125,286.95561044034525,278.1137509144006,278.6032901046287,79915400,AAPL,3.239351812191993,-1.1815603186417278,3.187991038650981,down
2026-05-04,276.5751647949219,280.3716851917065,274.60697695873915,279.4025768563376,46668400,AAPL,-1.1815603186417278,2.6550690927708454,-1.1885962197690256,up
2026-05-05,283.9184265136719,284.30808218316156,276.2455026895375,276.6750995896243,49311700,AAPL,2.6550690927708454,1.1717924952267644,2.6204338554427866,up
2026-05-06,287.245361328125,287.76487170009636,280.8112868075762,281.66051049385584,58336100,AAPL,1.1717924952267644,-0.024350711440246364,1.1649801728447846,flat
2026-05-07,287.1754150390625,291.8611003514943,285.5169394038565,289.00371711581823,45224300,AAPL,-0.024350711440246364,2.0456497888878378,-0.024353676707370125,up
2026-05-08,293.0500183105469,294.4886952888782,289.7330669166447,289.7430674686918,52692800,AAPL,2.0456497888878378,-0.12626705737772692,2.025007412679524,flat
2026-05-11,292.67999267578125,293.8800048828125,290.2300109863281,291.9800109863281,42247300,AAPL,-0.12626705737772692,0.7243389265544797,-0.12634684139431265,up
2026-05-12,294.79998779296875,295.2699890136719,292.55999755859375,292.55999755859375,45748100,AAPL,0.7243389265544797,1.3805995565634221,0.7217281916175963,up
2026-05-13,298.8699951171875,300.9200134277344,293.5,293.5,52684300,AAPL,1.3805995565634221,-0.220833028705536,1.3711560991706275,flat
2026-05-14,298.2099914550781,300.45001220703125,295.3800048828125,299.82000732421875,35324900,AAPL,-0.220833028705536,0.6773815730967137,-0.2210772244144634,up
2026-05-15,300.2300109863281,303.20001220703125,296.5199890136719,297.8999938964844,54862800,AAPL,0.6773815730967137,-0.7960612067346995,0.6750976522238501,down
2026-05-18,297.8399963378906,300.6600036621094,294.9100036621094,300.239990234375,34483000,AAPL,-0.7960612067346995,0.3793999787491842,-0.7992466908238652,flat
2026-05-19,298.9700012207031,300.510009765625,296.3500061035156,296.9700012207031,42243600,AAPL,0.3793999787491842,1.09709963070026,0.37868207228152256,up
2026-05-20,302.25,302.79998779296875,298.0799865722656,298.17999267578125,38229800,AAPL,1.09709963070026,0.9065310949131433,1.0911251503184887,up
2026-05-21,304.989990234375,305.5400085449219,300.3999938964844,301.05999755859375,42965100,AAPL,0.9065310949131433,1.2557845216167651,0.9024467670268962,up
2026-05-22,308.82000732421875,311.3999938964844,305.8399963378906,306.1199951171875,43670200,AAPL,1.2557845216167651,-0.1586751960143129,1.2479649444335736,flat
2026-05-26,308.3299865722656,311.82000732421875,307.6700134277344,309.55999755859375,48000500,AAPL,-0.1586751960143129,0.8173125031610828,-0.1588012184319852,up
2026-05-27,310.8500061035156,313.260009765625,308.29998779296875,308.3299865722656,50430900,AAPL,0.8173125031610828,0.5340207912225559,0.8139905925081868,up
2026-05-28,312.510009765625,312.79998779296875,309.57000732421875,310.67999267578125,48220400,AAPL,0.5340207912225559,-0.1439992937726231,0.5325999563197865,flat
2026-05-29,312.05999755859375,315.0,309.5299987792969,311.7799987792969,70026800,AAPL,-0.1439992937726231,-1.8425943872925732,-0.14410307239461104,down
2026-06-01,306.30999755859375,310.94000244140625,305.0199890136719,309.6300048828125,48849900,AAPL,-1.8425943872925732,2.902293336585249,-1.8597816123111102,up
2026-06-02,315.20001220703125,315.45001220703125,306.69000244140625,307.4599914550781,44534700,AAPL,2.902293336585249,-1.5672595971098935,2.860974364520492,down
2026-06-03,310.260009765625,316.94000244140625,308.8500061035156,314.17999267578125,50836700,AAPL,-1.5672595971098935,0.31264139436979477,-1.5796709599812502,flat
2026-06-04,311.2300109863281,313.5400085449219,309.6499938964844,313.2300109863281,44869100,AAPL,0.31264139436979477,-1.249884172837168,0.31215368741391547,down
2026-06-05,307.3399963378906,315.1700134277344,307.1499938964844,312.8599853515625,65310500,AAPL,-1.249884172837168,-1.887156849768501,-1.2577609274253503,down
2026-06-08,301.5400085449219,317.3999938964844,301.1700134277344,308.739990234375,77949100,AAPL,-1.887156849768501,-3.6446310408311478,-1.905190902330898,down
2026-06-09,290.54998779296875,300.75,287.7799987792969,300.2799987792969,70108800,AAPL,-3.6446310408311478,0.3544996808021894,-3.712706918079524,flat
2024-06-11,425.9853210449219,426.1231693068597,418.670289453605,418.89674157876317,14551100,MSFT,,1.9367652559298731,,up
2024-06-12,434.23565673828125,436.53944727057524,426.54650007534946,428.5844790234761,22366200,MSFT,1.9367652559298731,0.11788572576325596,1.9182486577390634,flat
2024-06-13,434.74755859375,436.52958067588776,432.5717616400286,434.0288728827565,15960600,MSFT,0.11788572576325596,0.22420630686585952,0.11781629510209776,flat
2024-06-14,435.7222900390625,436.2834778568933,429.96279885352675,431.49865916361745,13582000,MSFT,0.22420630686585952,1.310514795470552,0.22395533957865432,up
2024-06-17,441.4324951171875,443.96273745711665,433.90086737641116,435.7419285968911,20790000,MSFT,1.310514795470552,-0.452745481117689,1.3020018453100404,flat
2024-06-18,439.4339294433594,443.17515136355723,438.00638282722565,442.7517817727517,17112500,MSFT,-0.452745481117689,-0.143374318225431,-0.4537734774491616,flat
2024-06-20,438.80389404296875,439.62103860195157,434.442414629224,439.3945864733692,19877400,MSFT,-0.143374318225431,0.9154148983713917,-0.14347719754784002,up
2024-06-21,442.8207702636719,443.6083802322018,439.60137620942794,440.45791031268766,34187100,MSFT,0.9154148983713917,-0.4691271768684335,0.9112503720266039,flat
2024-06-24,440.7433776855469,445.74476346815527,439.50286359400394,442.84039572999666,15913700,MSFT,-0.4691271768684335,0.7326752239033674,-0.4702310320850619,up
2024-06-25,443.97259521484375,444.4353242448053,439.837568562192,441.31435950308355,16413400,MSFT,0.7326752239033674,0.2683375567960944,0.7300041976815199,flat
2024-06-26,445.1639404296875,446.58166237734525,441.2553652071883,442.05283004707155,16507000,MSFT,0.2683375567960944,0.15259339532953664,0.2679781743360089,flat
2024-06-27,445.8432312011719,449.1118693221635,444.7799248025884,445.18358463488477,14806300,MSFT,0.15259339532953664,-1.3028606052093439,0.1524770899092725,down
2024-06-28,440.0345153808594,448.33407381119525,439.5028621939787,446.05981801420484,28362300,MSFT,-1.3028606052093439,2.1881675846766813,-1.31142227975345,up
2024-07-01,449.6632080078125,450.2932899171113,438.7644825324962,441.71806471797646,17662800,MSFT,2.1881675846766813,0.5583130929425639,2.164570802087366,up
2024-07-02,452.1737365722656,452.4789376582484,446.09918938158694,446.18782328625804,13979800,MSFT,0.5583130929425639,0.32442839152695413,0.5567603023349333,flat
2024-07-03,453.6407165527344,453.8868484229565,450.79544775657115,451.1006488720151,9932800,MSFT,0.32442839152695413,1.473612434231808,0.3239032581022211,up
2024-07-05,460.32562255859375,461.10340760685847,451.8685359116121,452.4986178155469,16000300,MSFT,1.473612434231808,-0.2823199493501405,1.4628602676707039,flat
2024-07-08,459.0260314941406,460.46346308739743,457.2735739768986,459.33123257528905,12962300,MSFT,-0.2823199493501405,-1.4370238339405983,-0.2827192237837984,down
2024-07-09,452.4297180175781,460.09916463101644,450.91353744838284,459.77428381745585,17207200,MSFT,-1.4370238339405983,1.460167497042364,-1.44744901687358,up
2024-07-10,459.03594970703125,459.2426920705962,451.7602770153543,454.08377755329457,18196100,MSFT,1.460167497042364,-2.477214993793919,1.4496097016844307,down
2024-07-11,447.6646423339844,457.58866578342753,444.5633568384772,455.81652839633193,23111200,MSFT,-2.477214993793919,-0.25292665011256155,-2.508414291475427,flat
2024-07-12,446.5323791503906,449.29889867197954,443.67725577045155,447.3003093014831,16324300,MSFT,-0.25292665011256155,0.09039792514653477,-0.2532470499292867,flat
2024-07-15,446.93603515625,450.1849934949163,444.44518211930125,446.28624348851673,14429400,MSFT,0.09039792514653477,-0.978061071204217,0.0903570908292449,down
2024-07-16,442.5647277832031,447.27076735934133,439.7489939570935,447.19201839056086,17175700,MSFT,-0.978061071204217,-1.3347574166004184,-0.9828755062966561,down
2024-07-17,436.6575622558594,437.9670004651751,432.38471713490526,435.74195902538145,21778000,MSFT,-1.3347574166004184,-0.7102194201376144,-1.3437453712657013,down
2024-07-18,433.55633544921875,437.7701116080265,427.6787055457858,437.46491051123894,20794800,MSFT,-0.7102194201376144,-0.7402947354550715,-0.7127534836636995,down
2024-07-19,430.34674072265625,434.31441483454387,425.3158203253179,426.39880643244663,20940400,MSFT,-0.7402947354550715,1.3337633553974992,-0.7430485160779853,up
2024-07-22,436.0865478515625,437.72086686190295,432.1189038234256,434.95434740544323,15808800,MSFT,1.3337633553974992,0.431220172538449,1.324947037980754,flat
2024-07-23,437.967041015625,441.4522765923751,436.24411798255437,437.0317279223722,13107100,MSFT,0.431220172538449,-3.5854860297015567,0.430293082596118,down
2024-07-24,422.2637939453125,434.64916540683873,420.9740654607642,433.6351033912307,26805800,MSFT,-3.5854860297015567,-2.4481200051457153,-3.6513435846721656,down
2024-07-25,411.92626953125,423.14987619224735,411.05005574464656,422.1653487650477,29943800,MSFT,-2.4481200051457153,1.6419617721143975,-2.478584698930658,up
2024-07-26,418.68994140625,422.28349032231534,410.8137224917234,411.7293557750341,23583800,MSFT,1.6419617721143975,0.34332553526217335,1.6286273459369616,flat
2024-07-29,420.1274108886719,425.46353285919287,418.12882136064246,424.9023450000168,15125800,MSFT,0.34332553526217335,-0.8928333406577504,0.34273751863615326,down
2024-07-30,416.3763732910156,422.4115014796213,410.90237288373,421.10209315676275,32687600,MSFT,-0.8928333406577504,-1.0805917198708492,-0.8968429816453035,down
2024-07-31,411.8770446777344,415.2539664560443,405.8320320070505,413.9937725831716,42891400,MSFT,-1.0805917198708492,-0.2964052527539396,-1.086472515493891,flat
2024-08-01,410.6562194824219,420.8460843318748,406.69843005351635,414.27930323794226,30296400,MSFT,-0.2964052527539396,-2.0666103216592457,-0.2968454030908923,down
2024-08-02,402.1695556640625,408.57883813707474,398.08377329176966,406.10766494731143,29437900,MSFT,-2.0666103216592457,-3.26568116718009,-2.0882635576146265,down
2024-08-05,389.0359802246094,394.8348607957488,379.61404618021845,383.1485258419234,40709200,MSFT,-3.26568116718009,1.1286851176084856,-3.3201946461800254,up
2024-08-06,393.4269714355469,399.39323499306323,392.3341604668248,393.81095153508136,24946500,MSFT,1.1286851176084856,-0.2952881343705305,1.122362993904439,flat
2024-08-07,392.2652282714844,403.73496598996115,391.3200904199489,402.31727423535324,20650900,MSFT,-0.2952881343705305,1.069190174662693,-0.29572496994305003,up
2024-08-08,396.45928955078125,399.58022417748964,393.7518395528805,396.21315773279025,20203000,MSFT,1.069190174662693,0.8269534910537057,1.0635147546964097,up
2024-08-09,399.7378234863281,401.736413003281,396.0360207139592,397.7786234799922,19276700,MSFT,0.8269534910537057,0.19456264401815915,0.8235529649886876,flat
2024-08-12,400.51556396484375,402.4354042920839,397.98532149531104,400.7616957993417,16762900,MSFT,0.19456264401815915,1.7698669332907757,0.19437361605141712,up
2024-08-13,407.6041564941406,408.52961455842444,403.2328528848732,403.25253261450456,19414300,MSFT,1.7698669332907757,0.6883979655255112,1.7543871690975128,up
2024-08-14,410.41009521484375,411.2568044389076,406.0683556338293,408.38197108714223,18267000,MSFT,0.6883979655255112,1.182378346496571,0.6860393250989827,up
2024-08-15,415.2626953125,415.34158622213624,411.9388626649199,414.0495331175792,20752100,MSFT,1.182378346496571,-0.6080400207888026,1.1754428692502303,down
2024-08-16,412.73773193359375,415.56841339671666,411.5837455377081,414.8385596674218,22775600,MSFT,-0.6080400207888026,0.7312458270454014,-0.6098961117987289,up
2024-08-19,415.755859375,415.9728470077707,410.75530126947416,413.22105614207504,15234000,MSFT,0.7312458270454014,0.7757411317865115,0.7285851874185078,up
2024-08-20,418.9810485839844,420.0265262237166,415.86436096713305,415.92353667507666,16387600,MSFT,0.7757411317865115,-0.15536262167613613,0.7727477309965839,flat
2024-08-21,418.3301086425781,420.55913050260955,415.943244764668,418.27090283610073,16067300,MSFT,-0.15536262167613613,-2.0252861117954324,-0.15548343454544808,down
2024-08-22,409.85772705078125,420.94378045645306,408.9306008917766,418.5470440541718,19361900,MSFT,-2.0252861117954324,0.2984091546391898,-2.0460762159739336,flat
2024-08-23,411.0807800292969,413.51694694228206,406.4451490290269,411.2681797994915,18493800,MSFT,0.2984091546391898,-0.791764397142003,0.2979647983018418,down
2024-08-26,407.82598876953125,411.56408163461276,405.7054455704439,410.6665432369522,13152800,MSFT,-0.791764397142003,0.08464758334592037,-0.7949154953148743,flat
2024-08-27,408.17120361328125,408.68406980179446,404.6303831532702,407.2046168469379,13492900,MSFT,0.08464758334592037,-0.782918580505021,0.08461177748352898,down
2024-08-28,404.9755554199219,409.315277644923,401.73061382710534,409.19692623598894,14882700,MSFT,-0.782918580505021,0.613741772096188,-0.785999479177835,up
2024-08-29,407.4610595703125,416.26872882049446,404.975589475056,409.2561363555491,17045200,MSFT,0.613741772096188,0.9730832455291827,0.6118660481040985,up
2024-08-30,411.4259948730469,411.7711764633265,406.4846126518204,409.90708149754283,24308300,MSFT,0.9730832455291827,-1.845907539064151,0.9683792815548002,down
2024-09-03,403.8314514160156,414.1284456363182,401.45446023053216,412.18542969380115,20313600,MSFT,-1.845907539064151,-0.13189247374071345,-1.8631570149792203,flat
2024-09-04,403.298828125,405.60677088600426,398.8308818633999,400.3497951691964,15135800,MSFT,-0.13189247374071345,-0.12470397938872946,-0.13197952841799135,flat
2024-09-05,402.7958984375,407.44137254737586,400.56684622914446,402.03642661453864,14195500,MSFT,-0.12470397938872946,-1.6381545132533093,-0.12478179950435475,down
2024-09-06,396.1974792480469,405.02486305915306,395.3097834719027,403.4566466739337,19609500,MSFT,-1.6381545132533093,1.0007472309666143,-1.6517206242439255,up
2024-09-09,400.16241455078125,403.0522719406784,396.6413094868822,401.6615826272171,15295100,MSFT,1.0007472309666143,2.0901242339192994,0.9957729152202723,up
2024-09-10,408.52630615234375,410.62710415809914,402.11534306269766,402.6084940695935,19594300,MSFT,2.0901242339192994,2.134225370314624,2.0685808097952765,up
2024-09-11,417.24517822265625,418.1821469994098,403.9695325309428,409.8084532189213,19266900,MSFT,2.134225370314624,0.93607581465871,2.111769721564414,up
2024-09-12,421.1509094238281,421.5158363092752,414.0002206806835,417.51145302107784,17395700,MSFT,0.93607581465871,0.8407514836844099,0.9317217753206686,up
2024-09-13,424.6917419433594,425.914746697553,419.6320082561189,419.9969351521576,15874600,MSFT,0.8407514836844099,0.17418424252022557,0.8372368541904445,flat
2024-09-16,425.4314880371094,427.5914917589124,422.3542307072933,424.7016342113202,13834700,MSFT,0.17418424252022557,0.8832800510798045,0.1740327176979064,up
2024-09-17,429.1892395019531,435.79747386739723,426.34868538784633,434.199669703098,18874200,MSFT,0.8832800510798045,-0.997349696626193,0.8794019524208554,down
2024-09-18,424.9087219238281,430.05721907964937,424.5142071811442,429.04132931995406,18898000,MSFT,-0.997349696626193,1.8291138326827827,-1.0023565470681772,up
2024-09-19,432.6807861328125,435.452292084435,430.91529729082623,435.1860014052933,21706600,MSFT,1.8291138326827827,-0.779597581732483,1.8125867738710235,down
2024-09-20,429.3076171875,433.22323693457605,428.27201223229315,431.23091793236443,55167100,MSFT,-0.779597581732483,-0.40432763283902995,-0.7826523305357335,flat
2024-09-23,427.5718078613281,430.4813808255123,424.4945503062013,428.3312495978339,15128900,MSFT,-0.40432763283902995,-1.0011367762276624,-0.4051472470428937,down
2024-09-24,423.2912292480469,427.4139642542688,420.2632749795507,427.06875254523504,17015800,MSFT,-1.0011367762276624,0.6850339719663534,-1.0061818507585067,up
2024-09-25,426.19091796875,427.1870925626301,422.69943076362244,423.94215074360574,13396400,MSFT,0.6850339719663534,-0.1851358039684281,0.6826982750636285,flat
2024-09-26,425.4018859863281,429.3372210826113,423.251754987828,429.1301061037402,14492000,MSFT,-0.1851358039684281,-0.7627854204100615,-0.18530739211141445,down
2024-09-27,422.156982421875,425.9345360380006,421.61452834728004,425.60903951360433,14896100,MSFT,-0.7627854204100615,0.5326734734595773,-0.7657095075622818,up
2024-09-30,424.40570068359375,424.52408219664926,419.54323948144145,422.3443332995087,16807300,MSFT,0.5326734734595773,-2.233318851340693,0.5312597863150764,down
2024-10-01,414.9273681640625,422.61066875300435,413.07311568923785,422.58108089859957,19092900,MSFT,-2.233318851340693,-0.8462277348168734,-2.258635054468557,down
2024-10-02,411.4161376953125,417.0281982052677,411.00187763203274,416.7914652693021,16582300,MSFT,-0.8462277348168734,-0.14145536879127674,-0.8498285702820275,flat
2024-10-03,410.83416748046875,413.8029154833907,408.6149883911416,411.90923284957546,13686400,MSFT,-0.14145536879127674,-0.11522621761917984,-0.1415555113472314,flat
2024-10-04,410.36077880859375,414.00023534021534,409.28571331626097,412.5109097932594,19169700,MSFT,-0.11522621761917984,-1.5670757037673622,-0.11529265406501985,down
2024-10-07,403.93011474609375,411.39639773757887,403.3975032576847,410.3016170053712,20919800,MSFT,-1.5670757037673622,1.2623846118859916,-1.5794841388382008,up
2024-10-08,409.0292663574219,409.966265233936,402.57887338489604,405.27145839926953,19229300,MSFT,1.2623846118859916,0.66310176227522,1.2544829672853526,up
2024-10-09,411.7415466308594,414.6215611700433,408.62482928829195,410.16345770936994,14974300,MSFT,0.66310176227522,-0.38805370344250356,0.6609129134084066,flat
2024-10-10,410.1437683105469,411.63309377445904,407.49061385739407,409.5421386142519,13848400,MSFT,-0.38805370344250356,0.11544250118920019,-0.38880858535726676,flat
2024-10-11,410.61724853515625,411.4161507329335,407.58929422530787,410.4397214022164,14144900,MSFT,0.11544250118920019,0.6773636714567655,0.11537591757273084,up
2024-10-14,413.39862060546875,418.2314942204609,411.8007861364326,412.0473616280092,16653100,MSFT,0.6773636714567655,-0.0954434165746032,0.6750798710288488,flat
2024-10-15,413.0040588378906,416.69284850861214,409.57174739931537,416.3969398711013,18900200,MSFT,-0.0954434165746032,-0.6256854842016879,-0.09548899280542263,down
2024-10-16,410.4199523925781,410.65665522282575,404.85722518493617,409.4829836231505,15508900,MSFT,-0.6256854842016879,0.14420044374743313,-0.6276510991617213,flat
2024-10-17,411.01177978515625,416.7126042679644,409.8972536844407,416.57450753710987,14820000,MSFT,0.14420044374743313,0.34555154820665734,0.1440965747485967,flat
2024-10-18,412.4320373535156,413.90161766396704,410.5580696214905,411.4260201751563,17145300,MSFT,0.34555154820665734,0.14825477652899988,0.3449558906525052,flat
2024-10-21,413.0434875488281,413.22101465794185,408.08239044719204,410.41992101582053,14206100,MSFT,0.14825477652899988,2.084640937909632,0.14814498763330733,up
2024-10-22,421.6539611816406,424.68188532771023,412.3136804024992,412.75749822543423,25482200,MSFT,2.084640937909632,-0.6806879501463303,2.0632096308384926,down
2024-10-23,418.7838134765625,425.17503084101816,416.74216121867397,424.9580432083023,19654400,MSFT,-0.6806879501463303,0.030628065539239913,-0.6830151974473876,flat
2024-10-24,418.9120788574219,420.1449564149925,416.6139782343623,419.503836005416,13581600,MSFT,0.030628065539239913,0.8051993634984544,0.03062337610474414,up
2024-10-25,422.28515625,426.5952907757042,420.72681247783265,420.9142122484759,16899100,MSFT,0.8051993634984544,-0.36435930345497525,0.8019749306011345,flat
2024-10-28,420.74652099609375,426.02324214447043,420.46048501920137,425.7470788183642,14882400,MSFT,-0.36435930345497525,1.2564787377578712,-0.36502470876754173,up
2024-10-29,426.0331115722656,427.23640107681365,419.96733089551304,422.1372070838931,17644100,MSFT,1.2564787377578712,0.1342740708209167,1.2486505484853336,flat
2024-10-30,426.60516357421875,432.4933871760131,426.1810609771617,431.4479095602445,29749100,MSFT,0.1342740708209167,-6.052758573969319,0.1341840038058593,down
2024-10-31,400.7837829589844,410.4594021869807,400.7344498042727,409.6703426075015,53971000,MSFT,-6.052758573969319,0.9892953436043017,-6.243682270944666,up
2024-11-01,404.74871826171875,409.80845197934053,401.9180365381017,403.40736208449033,24230400,MSFT,0.9892953436043017,-0.46543695202960755,0.9844338539194114,flat
2024-11-04,402.8648681640625,404.7980415718176,400.01447130701087,404.18650910637746,19672300,MSFT,-0.46543695202960755,0.734470432561718,-0.4665234825317199,up
2024-11-05,405.82379150390625,409.21667261639857,402.49008610038965,402.7761220934701,17626000,MSFT,0.734470432561718,2.119275676389454,0.7317863330788807,up
2024-11-06,414.42431640625,414.6906371773605,404.89663664059157,406.77063429083336,26681800,MSFT,2.119275676389454,1.249468330150183,2.0971313492718893,up
2024-11-07,419.6024169921875,421.0029789570154,414.12845339700306,415.5092700597973,19901800,MSFT,1.249468330150183,-0.6793103939828682,1.2417268924525182,down
2024-11-08,416.75201416015625,420.65776126477715,416.0024150826717,419.4939322441371,16891400,MSFT,-0.6793103939828682,-1.0720826471335543,-0.6816282097792434,down
2024-11-11,412.2840881347656,418.99092936118404,410.301611581567,416.7322894657105,24503300,MSFT,-1.0720826471335543,1.2009348820941845,-1.0778708599341638,up
2024-11-12,417.2353515625,418.6260410534634,411.4852239022795,412.52082900640875,19401200,MSFT,1.2009348820941845,0.5129546821642572,1.1937808787961617,up
2024-11-13,419.3755798339844,423.4489813965326,412.4813090867046,415.8643474786666,21502200,MSFT,0.5129546821642572,0.3974720310194302,0.5116435513942281,flat
2024-11-14,421.04248046875,422.30494584048273,414.2468451563775,419.17835521776294,30246900,MSFT,0.3974720310194302,-2.7852707020219247,0.396684197863171,down
2024-11-15,409.3153076171875,417.0084507566798,407.9739514183208,414.06929022111444,28247600,MSFT,-2.7852707020219247,0.18313589976592937,-2.824795001468718,flat
2024-11-18,410.0649108886719,412.6687324009395,406.4550421174999,409.18708769998454,24727000,MSFT,0.18313589976592937,0.48826349498813926,0.18296841043456608,flat
2024-11-19,412.0671081542969,412.2150474297726,405.9125633985823,407.45119206262405,18133500,MSFT,0.48826349498813926,-0.5505229912872389,0.48707535471936786,down
2024-11-20,409.798583984375,411.57394553855335,404.9558378403451,411.1596854793811,19191700,MSFT,-0.5505229912872389,-0.4316785172784554,-0.5520439538410882,flat
2024-11-21,408.0295715332031,414.85856338751086,405.47983232208855,414.5818472703372,20780200,MSFT,-0.4316785172784554,1.0003131564683576,-0.43261293909160664,up
2024-11-22,412.11114501953125,412.50644943843054,406.2407824115055,406.547145598137,24814600,MSFT,1.0003131564683576,0.4292635591464533,0.9953431407454009,flat
2024-11-25,413.88018798828125,416.1433187151558,409.9863774439722,413.474991137145,27691100,MSFT,0.4292635591464533,2.196795670499374,0.4283448513106938,up
2024-11-26,422.9722900390625,424.0099980685231,413.93946191933657,414.6707766023476,23458900,MSFT,2.196795670499374,-1.168243246948264,2.1730137772362235,down
2024-11-27,418.03094482421875,422.22125646736464,417.07231569319254,420.12608556589345,18332400,MSFT,-1.168243246948264,0.11111080287555808,-1.17512082540681,flat
2024-11-29,418.49542236328125,419.8987878079345,412.90177557031507,415.16493646523105,16271900,MSFT,0.11111080287555808,1.7758434939384893,0.1110491205092667,up
2024-12-02,425.92724609375,427.9235529659965,416.370602899235,416.6275643373692,20207200,MSFT,1.7758434939384893,0.051050442566147325,1.7602596197002658,flat
2024-12-03,426.1446838378906,427.3997836787713,422.72522667678595,424.80061260374794,18302000,MSFT,0.051050442566147325,1.442490064923807,0.05103741626085211,up
2024-12-04,432.2917785644531,434.5153999624501,427.55792723241916,427.95323167121506,26009400,MSFT,1.442490064923807,1.1887821659308129,1.4321851569537791,up
2024-12-05,437.4307861328125,439.44687793021666,431.0564230401268,432.7859063083414,21697800,MSFT,1.1887821659308129,0.21464054162585455,1.1817716558423161,flat
2024-12-06,438.36968994140625,440.87002757046025,436.5907746503493,437.1145598403157,18821000,MSFT,0.21464054162585455,0.5523339555618234,0.2144105179059395,up
2024-12-09,440.79095458984375,443.0738702753144,435.3356806411524,437.411066762434,19144400,MSFT,0.5523339555618234,-0.6031153215648066,0.5508141851399943,down
2024-12-10,438.1324768066406,444.3487425824553,436.42277827381423,439.1800773312265,18469500,MSFT,-0.6031153215648066,1.2766978541415286,-0.60494140799381,up
2024-12-11,443.7261047363281,445.0701760009867,438.84401807874156,438.84401807874156,19200200,MSFT,1.2766978541415286,0.1269462064590332,1.2686167750473831,flat
2024-12-12,444.2893981933594,450.81202644259827,443.8446618873549,443.8446618873549,20834800,MSFT,0.1269462064590332,-0.5093871439144526,0.1268656978902078,down
2024-12-13,442.0262451171875,446.13747735633456,440.3560560775405,443.1825414368637,20177800,MSFT,-0.5093871439144526,0.965865422985801,-0.5106889429058769,up
2024-12-16,446.2956237792969,446.8787030896928,440.0596036741231,442.02626356510217,23598800,MSFT,0.965865422985801,0.6355281292021564,0.9612307620700292,up
2024-12-17,449.1319580078125,449.95224407864544,444.2993034538041,445.72242348242105,22733500,MSFT,0.6355281292021564,-3.7560925494028896,0.6335171648527556,down
2024-12-18,432.26214599609375,447.3432204529913,431.89645846414146,446.02882636391814,24444500,MSFT,-3.7560925494028896,-0.08231925099930759,-3.828451403825307,flat
2024-12-19,431.90631103515625,437.9842031344139,431.2046434354816,436.44249480171817,22963700,MSFT,-0.08231925099930759,-0.09838401221645698,-0.08235315190065523,flat
2024-12-20,431.48138427734375,438.5376604876813,423.6048219518138,428.03227991601136,64263700,MSFT,-0.09838401221645698,-0.309206266848161,-0.09843244105251629,flat
2024-12-23,430.147216796875,432.5190736490341,427.755575118412,431.619738686297,19152500,MSFT,-0.309206266848161,0.9373777940987038,-0.3096852971414379,up
2024-12-24,434.1793212890625,434.4461751355928,429.09959787026054,429.5541964268554,7164500,MSFT,0.9373777940987038,-0.27767960892904897,0.9330116719531748,flat
2024-12-26,432.97369384765625,435.77053252746487,431.511064298451,433.9323230175154,8194200,MSFT,-0.27767960892904897,-1.7301628271623182,-0.27806585393657474,down
2024-12-27,425.4825439453125,430.117561657289,421.351556737901,429.5048352492743,18117700,MSFT,-1.7301628271623182,-1.3239506041078708,-1.7453050551755425,down
2024-12-30,419.849365234375,422.5374777077036,416.9537232035626,421.0649558192297,13158700,MSFT,-1.3239506041078708,-0.7838344760694116,-1.3327929624768866,down
2024-12-31,416.5584411621094,421.7271368293111,415.7282927277236,421.1045179635724,13246500,MSFT,-0.7838344760694116,-0.6927800411830609,-0.7869226063034606,down
2025-01-02,413.672607421875,421.0748161119684,409.98635677531166,420.54113855935236,16896500,MSFT,-0.6927800411830609,1.139575413877325,-0.6951909032097389,up
2025-01-03,418.38671875,419.0587393010629,414.62138898974536,416.1433125624827,16662900,MSFT,1.139575413877325,1.062955735852933,1.1331311650952598,up
2025-01-06,422.833984375,429.2281326887413,420.491774572373,422.9822197752049,20573600,MSFT,1.062955735852933,-1.2808269165923702,1.0573460784735815,down
2025-01-07,417.418212890625,425.6011386030249,415.8666120215368,423.9704889084133,18139100,MSFT,-1.2808269165923702,0.5185129946278622,-1.2891002249730004,up
2025-01-08,419.58258056640625,421.9643300518433,416.5979970189095,418.4954706120866,15054600,MSFT,0.5185129946278622,-1.321372894174233,0.5171733448432395,down
2025-01-10,414.038330078125,419.73078053679086,410.1543816529302,419.65173171033285,20201100,MSFT,-1.321372894174233,-0.42010854407185105,-1.3301807011619013,flat
2025-01-13,412.2989196777344,413.5935589908242,407.456372689251,410.3717691669062,17604800,MSFT,-0.42010854407185105,-0.3643392394093614,-0.42099347934462317,flat
2025-01-14,410.7967529296875,414.8190138642203,405.90477401390683,412.9116481684101,16935900,MSFT,-0.3643392394093614,2.5597229564427115,-0.3650045713513989,up
2025-01-15,421.31201171875,423.13043625280113,413.3662628653434,414.2161960548363,19637800,MSFT,2.5597229564427115,-0.4058222373143794,2.5275105897885197,flat
2025-01-16,419.60223388671875,424.45467293276505,419.4144891834001,423.6739565648765,15300000,MSFT,-0.4058222373143794,1.0481088584435527,-0.406647930410448,up
2025-01-17,424.0001220703125,429.386239236107,423.1502190446997,429.0007970548674,26197500,MSFT,1.0481088584435527,-0.12354577304314329,1.0426542777392789,flat
2025-01-21,423.4762878417969,425.848144332173,420.6102933259344,425.15636919236704,26085700,MSFT,-0.12354577304314329,4.130697206804235,-0.12362215374989835,up
2025-01-22,440.96881103515625,442.0262435482701,430.88838267920255,432.4300909934364,27803800,MSFT,4.130697206804235,0.1143071403864937,4.047662807344967,flat
2025-01-23,441.4728698730469,441.5124093673138,436.32395911733414,436.81809723637986,18389300,MSFT,0.1143071403864937,-0.5932387278662188,0.11424185951717114,down
2025-01-24,438.8538818359375,441.41351331157875,436.22506379505893,439.9409915761193,15549500,MSFT,-0.5932387278662188,-2.1393408400510627,-0.5950053792459579,down
2025-01-27,429.4653015136719,430.09781275609777,418.53496919379126,419.03899970511213,35647800,MSFT,-2.1393408400510627,2.9086845264230776,-2.1625564405378928,up
2025-01-28,441.95709228515625,443.1232508667098,426.32255685114393,429.5048071593075,23491700,MSFT,2.9086845264230776,-1.0890032833749341,2.8671851020683574,down
2025-01-29,437.1441650390625,441.6408395030523,435.23679935643304,441.45306462654537,23581400,MSFT,-1.0890032833749341,-6.1808990850538255,-1.0949763281502842,down
2025-01-30,410.1247253417969,417.90245411076046,408.3161931892364,413.86040812362955,54586300,MSFT,-6.1808990850538255,0.01686141501797689,-6.380171621890131,flat
2025-01-31,410.1938781738281,415.7578774765854,410.04564278987584,414.06793377994285,34161900,MSFT,0.01686141501797689,-0.9974308160568324,0.016859993641168764,down
2025-02-03,406.10247802734375,410.5398286087579,403.8689641166184,406.77449861931177,25679100,MSFT,-0.9974308160568324,0.35286251031962923,-1.0024384837270686,flat
2025-02-04,407.53546142578125,409.067307667959,404.9362901326214,407.85171705562664,20532100,MSFT,0.35286251031962923,0.22309965417419697,0.352241411218775,flat
2025-02-05,408.4446716308594,408.97831905399164,405.5885389886856,407.515689607161,16316700,MSFT,0.22309965417419697,0.6121527221295109,0.22285115642551295,up
2025-02-06,410.9449768066406,413.29707875974475,409.1463070589971,409.1463070589971,16309800,MSFT,0.6121527221295109,-1.4597672853059018,0.6102866788378277,down
2025-02-07,404.9461364746094,413.74178783038474,403.3154869234488,411.5972455590395,22886800,MSFT,-1.4597672853059018,0.6028136427951081,-1.4705267248372313,up
2025-02-10,407.38720703125,410.5892121947109,406.10246006462063,408.85972888435845,20817900,MSFT,0.6028136427951081,-0.18920893316665133,0.6010039902686568,flat
2025-02-11,406.61639404296875,407.6540720704641,404.5014683323344,404.83750880732,18140600,MSFT,-0.18920893316665133,-0.5833230636491771,-0.18938815937895329,down
2025-02-12,404.2445068359375,405.93445069964594,399.62924369400855,402.43594449354754,19121700,MSFT,-0.5833230636491771,0.36670661749362843,-0.5850310378759379,flat
2025-02-13,405.7268981933594,406.1814967766394,401.5958809737979,402.2283921851393,23891700,MSFT,0.36670661749362843,-0.513958064542086,0.36603588801653725,down
2025-02-14,403.6416320800781,404.1160155029715,401.1215398904841,403.0091510093491,22758500,MSFT,-0.513958064542086,0.29625308348093515,-0.5152833719691519,flat
2025-02-18,404.8374328613281,405.78616946504144,401.7342314553049,403.2166455935164,21423100,MSFT,0.29625308348093515,1.2523262036499672,0.2958151188095946,up
2025-02-19,409.9073181152344,410.6188782021152,402.8707962337448,403.09811062253897,24114200,MSFT,1.2523262036499672,0.5290562136558652,1.2445494585503183,up
2025-02-20,412.0759582519531,415.2249706128277,408.520936591177,411.24414537664296,23508700,MSFT,0.5290562136558652,-1.9032497081183597,0.5276616278691788,down
2025-02-21,404.2331237792969,413.97725680128366,403.91626425407014,413.27418223243296,27524800,MSFT,-1.9032497081183597,-1.0313371424585327,-1.921594644985502,down
2025-02-24,400.0641174316406,405.38179653354615,395.4297185716828,404.5301894031576,26443700,MSFT,-1.0313371424585327,-1.5098898102957614,-1.0366922754356749,down
2025-02-25,394.0235900878906,398.004445961788,392.8352988072402,397.192427276834,29387400,MSFT,-1.5098898102957614,0.45992038796827117,-1.521404701632301,flat
2025-02-26,395.8357849121094,399.6680779917259,390.40916096474115,394.13254018558297,19619000,MSFT,0.45992038796827117,-1.8012301064849967,0.4588659858560679,down
2025-02-27,388.70587158203125,401.78716793671936,388.3493932994261,397.3607146060961,21127400,MSFT,-1.8012301064849967,1.136207150222579,-1.8176497248746026,up
2025-02-28,393.12237548828125,393.75615489111334,382.80390768064325,388.83457315322374,32845700,MSFT,1.136207150222579,-2.141100405423635,1.1298007974038233,down
2025-03-03,384.7052307128906,394.93461038215554,382.39794340981075,394.93461038215554,23007700,MSFT,-2.141100405423635,0.03088206817996042,-2.1643544880951393,flat
2025-03-04,384.82403564453125,388.75535997703025,377.2881889484286,379.6648014174362,29342900,MSFT,0.03088206817996042,3.193439701492018,0.030877300650800875,up
2025-03-05,397.1131591796875,397.7568509049982,385.02212029604283,385.54695570418704,23433100,MSFT,3.193439701492018,-1.029870731484639,3.1435096254798136,down
2025-03-06,393.0234069824219,398.2321421191711,388.8544001591339,390.43881857931865,23304600,MSFT,-1.029870731484639,-0.9020086125881344,-1.0352105941965706,down
2025-03-07,389.4783020019531,390.95377648794664,381.7840095954452,388.49795642753014,22034100,MSFT,-0.9020086125881344,-3.343424153325092,-0.906101340032499,down
2025-03-10,376.4563903808594,382.6355890788174,373.5450301742595,382.08104715568106,32840100,MSFT,-3.343424153325092,0.07629062358160965,-3.4005944917484396,flat
2025-03-11,376.74359130859375,382.23950999896846,373.2380702422645,375.30770541349494,30380200,MSFT,0.07629062358160965,0.74121512168277,0.07626153707795386,up
2025-03-12,379.53607177734375,381.4670864515663,375.2581813231993,379.21921226907705,24253600,MSFT,0.74121512168277,-1.1741034835942021,0.7384816215004264,down
2025-03-13,375.0799255371094,381.5661320778761,373.7728082450696,379.4271716632625,20473000,MSFT,-1.1741034835942021,2.5846786073183026,-1.1810505089285162,up
2025-03-14,384.7745361328125,386.42827981726157,375.8127158813028,376.08007458561946,19952800,MSFT,2.5846786073183026,0.03604770574792138,2.551840428486006,flat
2025-03-17,384.9132385253906,388.884151955574,381.8137266185015,382.9327228246585,22474300,MSFT,0.03604770574792138,-1.3326581482025035,0.03604121012344178,down
2025-03-18,379.7836608886719,383.59615946585757,377.38725393405446,383.29909421372145,19486900,MSFT,-1.3326581482025035,1.1212036303498651,-1.3416177263012343,up
2025-03-19,384.04180908203125,385.8836741890137,380.2590168181109,381.77411012943475,19185500,MSFT,1.1212036303498651,-0.2526961808389183,1.1149647329626433,flat
2025-03-20,383.07135009765625,387.97313863322194,379.5460345045817,381.98206039861145,18470500,MSFT,-0.2526961808389183,1.142578814293449,-0.25301599652626466,up
2025-03-21,387.4482421875,387.92354654843615,379.0706401827953,379.4865617188815,39675900,MSFT,1.142578814293449,0.4651657731501446,1.136100681044706,flat
2025-03-24,389.2505187988281,391.54792412450786,386.012386704804,391.54792412450786,21004500,MSFT,0.4651657731501446,0.529150971139769,0.46408722057920143,up
2025-03-25,391.31024169921875,392.49853282327706,388.8148031404558,390.082331804945,15775000,MSFT,0.529150971139769,-1.3133835379717462,0.5277558866266109,down
2025-03-26,386.17083740234375,391.45881045430576,384.7844825194778,391.15183295239507,16108400,MSFT,-1.3133835379717462,0.1564084720412806,-1.3220846898658658,flat
2025-03-27,386.77484130859375,388.4186727261189,383.62582905803845,386.3292434732889,13766800,MSFT,0.1564084720412806,-3.0160240331302934,0.15628628138508177,down
2025-03-28,375.109619140625,385.3389984995421,373.2578420054409,384.2992097422753,21632000,MSFT,-3.0160240331302934,-0.9001925869325911,-3.0624417348944726,down
2025-03-31,371.73291015625,373.39653609737746,363.66228447346174,368.91066922952973,35184700,MSFT,-0.9001925869325911,1.8114277514123645,-0.9042688013599356,up
2025-04-01,378.4665832519531,379.12015694393006,369.5938829450161,371.0000319202641,19689500,MSFT,1.8114277514123645,-0.013070901455969341,1.7952168718099621,flat
2025-04-02,378.4171142578125,381.32844426453147,372.95087209109226,374.2877261088344,16092600,MSFT,-0.013070901455969341,-2.363021464887183,-0.013071755772739113,down
2025-04-03,369.47503662109375,373.80248816308017,365.75168821202425,371.1386925275575,30198000,MSFT,-2.363021464887183,-3.5565911767431624,-2.3913885891821263,down
2025-04-04,356.3343200683594,370.94062085342546,355.97784180916346,360.5825339787073,49209900,MSFT,-3.5565911767431624,-0.5502312663626552,-3.6213786729319,down
2025-04-07,354.3736572265625,367.38565979064595,341.43101018463227,347.4616768226877,50425000,MSFT,-0.5502312663626552,-0.9221402886433472,-0.5517506144435503,down
2025-04-08,351.1058349609375,370.00985444922924,346.83782587387293,364.6723801381887,35868900,MSFT,-0.9221402886433472,10.133675374853235,-0.9264183221600834,up
2025-04-09,386.6857604980469,389.3990874327872,349.6600368937789,350.09575274548115,50199700,MSFT,10.133675374853235,-2.3406431688183016,9.652467268967245,down
2025-04-10,377.63482666015625,380.15997201946135,364.21681503291546,378.3379012524662,38024400,MSFT,-2.3406431688183016,1.8618046476506445,-2.3684713172068466,up
2025-04-11,384.6656494140625,386.25003769690613,375.1987873888056,376.93173851590154,23839200,MSFT,1.8618046476506445,-0.16476362354305163,1.8446852252820511,flat
2025-04-14,384.0318603515625,390.8052198187617,380.46692636349223,389.38915847164185,19251200,MSFT,-0.16476362354305163,-0.5363416718875968,-0.16489950808063716,down
2025-04-15,381.9721374511719,388.07212889209285,380.41742551182244,384.7250528209778,17199900,MSFT,-0.5363416718875968,-3.6606028396360846,-0.5377851474534099,down
2025-04-16,367.9896545410156,377.8922316795949,364.41483869971677,376.9614172312142,21967800,MSFT,-3.6606028396360846,-1.0306440758366509,-3.729284222344867,down
2025-04-17,364.1969909667969,370.6732850580017,363.31567729138493,370.10883089247193,21120200,MSFT,-1.0306440758366509,-2.3546659558688066,-1.0359919889256344,down
2025-04-21,355.6213684082031,360.9291658129438,352.20499720618693,359.2853342749941,20807300,MSFT,-2.3546659558688066,2.14413437362615,-2.382831225319401,up
2025-04-22,363.2463684082031,364.18709517298703,356.3541524572501,359.83987920585236,19485000,MSFT,2.14413437362615,2.063689415070691,2.1214711929603247,up
2025-04-23,370.7426452636719,376.6841922722663,369.38596664501534,372.396358924379,20545500,MSFT,2.063689415070691,3.4482542899346713,2.0426838465949735,up
2025-04-24,383.52679443359375,384.6656149627633,371.53478821384334,372.0398293104223,22232300,MSFT,3.4482542899346713,1.1748168237741385,3.3901343145028093,up
2025-04-25,388.03253173828125,388.33950924401097,380.8531625631297,383.2297752805051,18973200,MSFT,1.1748168237741385,-0.17609840307352131,1.167969428318625,flat
2025-04-28,387.3492126464844,388.9138065441973,382.87325863987553,388.1414067328739,16579400,MSFT,-0.17609840307352131,0.73628386297937,-0.1762536385829513,up
2025-04-29,390.2012023925781,391.2508732709842,386.5768551213708,387.4878753983452,14974000,MSFT,0.73628386297937,0.3096093394450605,0.7335865252944127,flat
2025-04-30,391.4093017578125,392.7956566127169,380.6947052715702,386.4976013857663,36461100,MSFT,0.3096093394450605,7.625353781859867,0.30913103672200587,up
2025-05-01,421.2556457519531,432.7327295827746,420.76051687113977,426.9100091091665,58938100,MSFT,7.625353781859867,2.3225213810350143,7.348606392615331,up
2025-05-02,431.0393981933594,435.1588741169636,425.80092616148227,427.533877248033,30757400,MSFT,2.3225213810350143,0.2044703245095647,2.295961309220509,flat
2025-05-05,431.9207458496094,435.2182909345157,427.9002714913439,428.652877068793,20136100,MSFT,0.2044703245095647,-0.6557113423069083,0.20426156845589197,down
2025-05-06,429.0885925292969,433.46554517602334,426.9694566129341,427.9894209087166,15104200,MSFT,-0.6557113423069083,0.009231617222149602,-0.65787057318601,flat
2025-05-07,429.1282043457031,433.8517229596541,426.9100064238295,429.61342097536215,23295300,MSFT,0.009231617222149602,1.1122645221518068,0.009231191134589901,up
2025-05-08,433.9012451171875,439.3476626606329,431.41568853142036,433.66356271096413,23491300,MSFT,1.1122645221518068,0.12780210205656228,1.1061243483462464,flat
2025-05-09,434.4557800292969,436.4461774951318,431.6335394854884,435.7133964534002,15324200,MSFT,0.12780210205656228,2.40011991924558,0.1277205046848169,up
2025-05-12,444.88323974609375,444.99215360101994,435.495584693897,441.59557651706575,22821900,MSFT,2.40011991924558,-0.026711603989970634,2.371769770301294,flat
2025-05-13,444.764404296875,446.2794975271711,441.021200788799,443.41763796979524,23618800,MSFT,-0.026711603989970634,0.8460522957258299,-0.026715172174336214,up
2025-05-14,448.52734375,449.4779827199474,443.7741186799948,443.7741186799948,19902800,MSFT,0.8460522957258299,0.2256121922437071,0.8424933329915445,flat
2025-05-15,449.5392761230469,452.57502540604634,446.860659567107,447.1979616790238,21992300,MSFT,0.2256121922437071,0.2515732151169514,0.22535807008586792,flat
2025-05-16,450.6701965332031,450.75947970899136,445.1741192074842,448.46778736985397,23849800,MSFT,0.2515732151169514,1.0126181296965742,0.2512572994326969,up
2025-05-19,455.2337646484375,455.9480603525366,447.2277066057748,447.3070896149787,21336500,MSFT,1.0126181296965742,-0.15254305461517292,1.0075255027012342,flat
2025-05-20,454.5393371582031,454.70797307292094,450.71983965496236,451.9797648957129,15441800,MSFT,-0.15254305461517292,-1.2222491153521697,-0.152659519987689,down
2025-05-21,448.9837341308594,454.1524403651085,448.22974686474834,450.967885651573,19216900,MSFT,-1.2222491153521697,0.505991619664603,-1.229780006935159,up
2025-05-22,451.25555419921875,456.6028569421555,450.30316997101943,451.3448676580097,18025600,MSFT,0.505991619664603,-1.0288879051247424,0.5047157840065869,down
2025-05-23,446.6126403808594,450.0948358464348,445.3527151156796,446.4142434023006,16883500,MSFT,-1.0288879051247424,2.334624314714917,-1.03421754559979,up
2025-05-27,457.03936767578125,457.29731705224054,452.5055743512772,452.86273735527834,20974300,MSFT,2.334624314714917,-0.7228303770779765,2.3077888304662166,down
2025-05-28,453.7357482910156,458.8548627693229,453.3091629867606,457.56517641086623,17086300,MSFT,-0.7228303770779765,0.28861960236381545,-0.7254554533967682,flat
2025-05-29,455.0453186035156,458.0612374989779,451.702028016876,457.89257129241645,13974800,MSFT,0.28861960236381545,0.36626165043416314,0.2882038956713868,flat
2025-05-30,456.71197509765625,458.0215223462663,451.9301930198663,456.07706236471586,34770500,MSFT,0.36626165043416314,0.34973016005170887,0.3655925457361878,flat
2025-06-02,458.3092346191406,458.44810948050275,453.2695031394806,453.51752207653715,16626500,MSFT,0.34973016005170887,0.2164553618331011,0.3491200262615621,flat
2025-06-03,459.30126953125,460.46201137480375,457.20797414521616,457.81315604121755,15743800,MSFT,0.2164553618331011,0.19440035549922463,0.2162214347191373,flat
2025-06-04,460.19415283203125,461.9997378828715,459.35088242690273,460.3231275179124,14162700,MSFT,0.19440035549922463,0.8213590216531674,0.19421164254099485,up
2025-06-05,463.9739990234375,465.9283895442318,460.35292843866904,461.2755516588244,20131700,MSFT,0.8213590216531674,0.5773144341763459,0.8180042258673312,up
2025-06-06,466.652587890625,469.58912358157227,465.0652606634985,466.3648774509946,15285600,MSFT,0.5773144341763459,0.5038495162469125,0.575654360562133,up
2025-06-09,469.0038146972656,469.67841894667356,464.90653697170796,465.9779957450024,16469900,MSFT,0.5038495162469125,-0.3870885797058965,0.502584442172111,flat
2025-06-10,467.1883544921875,469.05343158625357,463.2597124799446,467.4562040620332,15375900,MSFT,-0.3870885797058965,0.3609877908354653,-0.387839706525905,flat
2025-06-11,468.8748474121094,471.7022694228479,465.9383115986028,466.29544434484353,16399200,MSFT,0.3609877908354653,1.3224147136332354,0.3603377937136385,up
2025-06-12,475.0753173828125,476.61305298608835,469.76770597774697,471.255819627256,18950600,MSFT,1.3224147136332354,-0.8165080732213226,1.3137471408108181,down
2025-06-13,471.1962890625,475.3828499324856,469.0137405811006,472.6348110082228,16814500,MSFT,-0.8165080732213226,0.8800750769422105,-0.8198597573722954,up
2025-06-16,475.3431701660156,476.8808754060361,471.23596219473825,471.44428961660435,15626100,MSFT,0.8800750769422105,-0.2295768919517105,0.8762249888579429,flat
2025-06-17,474.25189208984375,474.9463269378011,470.3232503868908,471.63279762120845,15414100,MSFT,-0.2295768919517105,0.4602103204535579,-0.22984082372658823,flat
2025-06-18,476.4344482421875,477.1884355000323,470.70025162122124,474.21220825159133,17526500,MSFT,0.4602103204535579,-0.5913794459628141,0.4591545905710506,down
2025-06-20,473.6169128417969,479.628888904269,473.09111395434456,478.40865522200505,37576200,MSFT,-0.5913794459628141,1.8014393395551442,-0.5931350190289757,up
2025-06-23,482.1488342285156,483.8849668620545,468.76574150164737,474.42055534258094,24864000,MSFT,1.8014393395551442,0.8456709398974693,1.7854056923811394,up
2025-06-24,486.2262268066406,487.952459183197,482.9424585265478,485.075445589935,22305600,MSFT,0.8456709398974693,0.4407173415664767,0.8421151758493048,flat
2025-06-25,488.3691101074219,490.64097201284227,485.5119574284625,488.1409520653471,17495100,MSFT,0.4407173415664767,1.0522731565988819,0.4397490266693785,up
2025-06-26,493.5080871582031,494.09340820956044,488.9048412091741,489.0735074056833,21578900,MSFT,1.0522731565988819,-0.3035506233801111,1.0467752973181617,flat
2025-06-27,492.0100402832031,495.3434002058453,489.12309627390664,493.60726767719865,34539200,MSFT,-0.3035506233801111,0.2964052329135214,-0.30401227274794346,flat
2025-06-30,493.4683837890625,496.79184348109624,491.404849352638,493.1013206195562,28369000,MSFT,0.2964052329135214,-1.0775899921162457,0.2959668187111396,down
2025-07-01,488.15081787109375,494.1032718491211,487.0893199212463,492.5358056229024,19945400,MSFT,-1.0775899921162457,-0.19508961331295982,-1.0834380430241084,flat
2025-07-02,487.198486328125,489.5893925672679,484.82744098086494,486.107196925814,16319600,MSFT,-0.19508961331295982,1.5781244910589187,-0.19528016096519027,up
2025-07-03,494.8870849609375,496.16687121115365,489.52988173373706,489.89694493303733,13984800,MSFT,1.5781244910589187,-0.22453112454876578,1.5658015846364144,flat
2025-07-07,493.7759094238281,494.79774616477766,491.3056506650491,493.4386073251964,13981600,MSFT,-0.22453112454876578,-0.22100674726015512,-0.22478357363352455,flat
2025-07-08,492.68463134765625,494.25212791462184,490.1945116420166,493.2997134401056,11846600,MSFT,-0.22100674726015512,1.3873883583607638,-0.22125132759763977,up
2025-07-09,499.52008056640625,502.76415743455226,495.77993553758444,496.33549554664154,18659500,MSFT,1.3873883583607638,-0.403176290914975,1.377852226966428,flat
2025-07-10,497.5061340332031,500.4426696344743,493.8056807647675,499.06366987607214,16492100,MSFT,-0.403176290914975,0.36691184503567786,-0.40399123770845863,flat
2025-07-11,499.33154296875,501.0279839194423,493.85526578992295,494.51996982276876,16459500,MSFT,0.36691184503567786,-0.05960727769840357,0.36624036551624195,flat
2025-07-14,499.0339050292969,499.9763890495242,497.0596840851599,497.5457914873048,12058800,MSFT,-0.05960727769840357,0.5566480595471823,-0.059625049898877486,up
2025-07-15,501.811767578125,504.2720960834484,498.80577924001653,499.03393728805895,14927200,MSFT,0.5566480595471823,-0.03954177757257149,0.555104499717487,flat
2025-07-16,501.61334228515625,502.70463167926073,497.9129190668174,501.1768265275145,15154400,MSFT,-0.03954177757257149,1.2024798401349734,-0.03954959739490526,up
2025-07-17,507.6451416015625,509.30189104591364,501.6133044647972,501.6728265840105,17503100,MSFT,1.2024798401349734,-0.32245603058123073,1.195307491420696,flat
2025-07-18,506.0082092285156,510.5618634291492,503.40897568442307,510.4030974050004,21209700,MSFT,-0.32245603058123073,0.0019661203686682782,-0.32297704035930386,flat
2025-07-21,506.0181579589844,508.03210080948105,501.54388660874696,502.69469811942383,14066800,MSFT,0.0019661203686682782,-0.9391115952201989,0.0019661010407750973,down
2025-07-22,501.2660827636719,507.1491147296819,501.2660827636719,506.92092641726225,13868600,MSFT,-0.9391115952201989,0.1187483817070456,-0.9435490517924395,flat
2025-07-23,501.861328125,502.77405108780124,496.7323137246232,502.7343595827018,16396600,MSFT,0.1187483817070456,0.9903805365183427,0.11867793158299464,up
2025-07-24,506.8316650390625,509.59953458867506,503.28001689239056,504.73836945889843,16107000,MSFT,0.9903805365183427,0.5539545733164841,0.9855084104650864,up
2025-07-25,509.6392822265625,514.1829458042694,506.3157919577708,508.4090573683804,19125700,MSFT,0.5539545733164841,-0.23555287289833693,0.5524258878535702,flat
2025-07-28,508.4388122558594,510.91900158393673,506.07766717141,510.0063088656235,14308000,MSFT,-0.23555287289833693,0.013655033518444881,-0.23583073510535682,flat
2025-07-29,508.50823974609375,513.5182098314434,507.50623361872493,511.4448055642593,16469200,MSFT,0.013655033518444881,0.13071634187726833,0.0136541013036048,flat
2025-07-30,509.1729431152344,511.86149016920456,505.4030674134904,511.08764202727673,26380400,MSFT,0.13071634187726833,3.947471494486021,0.1306309824448206,up
2025-07-31,529.2723999023438,551.0484742016899,527.6851029610986,550.8301860551579,51617300,MSFT,3.947471494486021,-1.7600790811475475,3.8715503772722535,down
2025-08-01,519.956787109375,531.5541546097426,516.7325410439772,530.7605061500977,28977600,MSFT,-1.7600790811475475,2.199913322875102,-1.7757526568690802,up
2025-08-04,531.3953857421875,533.9846885103634,523.944888342453,524.0837934579807,25349000,MSFT,2.199913322875102,-1.4729884353799294,2.1760643668384967,down
2025-08-05,523.5679931640625,533.0423047576313,523.0620248277625,532.9232605080902,19171600,MSFT,-1.4729884353799294,-0.5324582094622388,-1.4839446321532992,down
2025-08-06,520.7802124023438,527.4866537198485,519.8774501718309,526.6930052823053,21355700,MSFT,-0.5324582094622388,-0.7810405975390733,-0.5338808203055968,down
2025-08-07,516.7127075195312,523.9052559727172,513.4487398823029,522.6254396329194,16079100,MSFT,-0.7810405975390733,0.23040884044205345,-0.7841066950261004,flat
2025-08-08,517.9032592773438,520.5024931820143,515.2940949258492,518.4588193359411,15531000,MSFT,0.23040884044205345,-0.051724582918255546,0.23014380630326964,flat
2025-08-11,517.6353759765625,523.4092640243366,515.6015722772428,518.1611446296885,20194400,MSFT,-0.051724582918255546,1.431645886339461,-0.05173796469529041,up
2025-08-12,525.0460815429688,526.7722834009899,518.5579289090128,519.5995961800784,18667000,MSFT,1.431645886339461,-1.6362961072869053,1.4214946088029992,down
2025-08-13,516.4547729492188,528.478725311786,515.2543395813665,527.8933740196283,19619200,MSFT,-1.6362961072869053,0.36496665226828373,-1.6498312855461088,flat
2025-08-14,518.3396606445312,521.7821945996749,516.0182375574066,518.4190436500928,20269100,MSFT,0.36496665226828373,-0.44210893947667085,0.36430226501918395,flat
2025-08-15,516.0480346679688,521.9310366989816,514.9667059909838,518.6274679925785,25213300,MSFT,-0.44210893947667085,-0.5901999673326719,-0.44308913112532977,down
2025-08-18,513.0023193359375,518.6770238166106,509.9467697824549,517.4567900842618,23760600,MSFT,-0.5901999673326719,-1.4175142741905788,-0.5919485307481862,down
2025-08-19,505.7304382324219,511.0777107186651,504.5201046206217,510.91900524319027,21481000,MSFT,-1.4175142741905788,-0.7944713224745104,-1.4276569713185,down
2025-08-20,501.7125549316406,506.9507137373093,500.4426991689255,505.829663283555,27723000,MSFT,-0.7944713224745104,-0.12874604237913534,-0.7976440613924272,flat
2025-08-21,501.0666198730469,504.43529989468334,499.55619671725805,500.5200933584279,18443300,MSFT,-0.12874604237913534,0.5929733269805171,-0.12882899129955533,up
2025-08-22,504.0378112792969,507.51578439064156,499.248138173549,501.07655468445085,24324200,MSFT,0.5929733269805171,-0.5855302676245344,0.5912221593758304,down
2025-08-25,501.0865173339844,504.9917771303553,500.9473838488724,503.44159720621536,21638600,MSFT,-0.5855302676245344,-0.4402481594713348,-0.5872512171712124,flat
2025-08-26,498.8804931640625,501.801993130018,495.3727099158942,501.1858695359189,30835700,MSFT,-0.4402481594713348,0.9361781469202635,-0.4412201053792637,up
2025-08-27,503.5509033203125,504.09746017877256,496.75395340313815,498.8407434548062,17277900,MSFT,0.9361781469202635,0.5722846222226963,0.931823158506862,up
2025-08-28,506.4326477050781,507.87350408410515,502.3186878124423,503.89867767213724,18015600,MSFT,0.5722846222226963,-0.5788444984373142,0.5706532947103561,down
2025-08-29,503.5011901855469,506.39287997665497,501.3150235761296,505.458793364042,20961600,MSFT,-0.5788444984373142,-0.30985420875198066,-0.5805262963408796,flat
2025-09-02,501.9410705566406,502.81553721257154,493.68337117589067,497.32034095368414,18128000,MSFT,-0.30985420875198066,0.0455385449735779,-0.31033525084851493,flat
2025-09-03,502.1696472167969,504.5942937991858,499.1587173668126,500.6194673133705,16345100,MSFT,0.0455385449735779,0.5184534030341359,0.04552817932497732,up
2025-09-04,504.7731628417969,504.95202275876863,499.983489561643,501.1262461318779,15509500,MSFT,0.5184534030341359,-2.553304764507913,0.5171140606282076,down
2025-09-05,491.884765625,508.74796779288187,489.27131242222254,505.86622472604114,31994800,MSFT,-2.553304764507913,0.6464665766642286,-2.5864673021134656,up
2025-09-08,495.06463623046875,498.04575600626316,491.91457299081776,494.97517595073856,16771000,MSFT,0.6464665766642286,0.042151909861232184,0.6443859437406284,flat
2025-09-09,495.2733154296875,499.0891451753406,494.5677922273047,498.27429847652155,14410500,MSFT,0.042151909861232184,0.3932500081951451,0.0421430284394124,flat
2025-09-10,497.2209777832031,500.06299449245154,493.5939546766565,499.81456783685906,21611800,MSFT,0.3932500081951451,0.12791432262948543,0.39247880153606113,flat
2025-09-11,497.85699462890625,500.0034047018473,494.7466878610638,499.0891812108548,18881600,MSFT,0.12791432262948543,1.7744081107392784,0.1278325819577425,up
2025-09-12,506.6910095214844,509.32432605160386,500.67909648146514,503.4614629424367,23624900,MSFT,1.7744081107392784,1.070796315733591,1.7588492719478865,up
2025-09-15,512.1166381835938,512.2259313574772,503.80926524972944,505.58800862213144,17143800,MSFT,1.070796315733591,-1.2263246171065223,1.0651038921044187,down
2025-09-16,505.83642578125,513.9748550906477,505.3991924428879,513.6270820344445,19711900,MSFT,-1.2263246171065223,0.1925159732149906,-1.23390602296241,flat
2025-09-17,506.81024169921875,508.07226852063866,502.74598524416496,507.4064717390096,15816600,MSFT,0.1925159732149906,-0.30782509566056326,0.1923308987091985,flat
2025-09-18,505.2501525878906,509.84107240669834,504.4651158521554,508.270998935228,18913700,MSFT,-0.30782509566056326,1.8644860482010195,-0.3082998516371822,up
2025-09-19,514.6704711914062,516.0318444319288,507.09843147001845,507.34685812925306,52474100,MSFT,1.8644860482010195,-0.6718996020213086,1.8473175812154665,down
2025-09-22,511.21240234375,514.48167541423,509.3143886623668,512.3452424901319,20009300,MSFT,-0.6718996020213086,-1.01467291585281,-0.6741670095727398,down
2025-09-23,506.0252685546875,511.35155218118825,504.1173383670773,510.5664850795932,19799600,MSFT,-1.01467291585281,0.1806538348065878,-1.019855810911776,flat
2025-09-24,506.9394226074219,509.2547456727144,503.72976965544393,507.16798604562155,13533700,MSFT,0.1806538348065878,-0.6115863505952057,0.18049085202667553,down
2025-09-25,503.83905029296875,506.8003068435259,501.8615838862597,505.1010467430239,15786500,MSFT,-0.6115863505952057,0.8737175342787395,-0.6134642002795414,up
2025-09-26,508.2411804199219,510.70558375978015,503.4316440082871,506.849997214163,16213100,MSFT,0.8737175342787395,0.6139168455571165,0.8699227106372541,up
2025-09-29,511.3613586425781,513.5971983462931,505.6773863749633,508.28089264453985,17617800,MSFT,0.6139168455571165,0.6510093016419027,0.6120400534690977,up
2025-09-30,514.6903686523438,514.8990082310244,506.45253207823936,510.0099885223437,19728200,MSFT,0.6510093016419027,0.339796793121816,0.648899388291907,flat
2025-10-01,516.4392700195312,517.2342231556227,508.4697238165545,511.56013673304216,22632300,MSFT,0.339796793121816,-0.7638860081398469,0.3392207882805762,down
2025-10-02,512.4942626953125,518.3173691617891,507.4661094259624,514.3823296081488,21222900,MSFT,-0.7638860081398469,0.3121581248646699,-0.7668185610937749,flat
2025-10-03,514.0940551757812,517.2143082734997,511.75886906280147,513.8456285403139,15112300,MSFT,0.3121581248646699,2.168761724708901,0.3116719229398485,up
2025-10-06,525.2435302734375,527.6880704621805,514.9387971845453,515.3461902238155,21388600,MSFT,2.168761724708901,-0.8683890354990176,2.145578678755221,down
2025-10-07,520.682373046875,526.4657528279373,518.1583800775612,524.9652461341774,14615200,MSFT,-0.8683890354990176,0.16603249848197166,-0.8721815046370006,flat
2025-10-08,521.546875,523.6336952116123,519.7980023635643,519.9868090400763,13363400,MSFT,0.16603249848197166,-0.4667862840408654,0.16589481690558452,flat
2025-10-09,519.1123657226562,521.0302122328587,514.1438325922749,519.0527457511332,18343600,MSFT,-0.4667862840408654,-2.1899000568715077,-0.46787913338914483,down
2025-10-10,507.74432373046875,520.2849266906686,506.42270727517143,516.3697201998212,24133800,MSFT,-2.1899000568715077,0.6047386409930189,-2.214234287731204,up
2025-10-13,510.8148498535156,513.159982800976,508.45977013619586,513.159982800976,14284200,MSFT,0.6047386409930189,-0.0933662580628325,0.6029174355405863,flat
2025-10-14,510.3379211425781,512.0371813139038,502.8155546768959,507.01894463812107,14684300,MSFT,-0.0933662580628325,-0.027262257595983552,-0.09340987150249341,flat
2025-10-15,510.19879150390625,513.93513816427,506.7903850161382,511.71919177145384,14694700,MSFT,-0.027262257595983552,-0.35448206905602797,-0.027265974424972715,flat
2025-10-16,508.3902282714844,513.597241245564,504.93214864922606,509.3541552294708,15559600,MSFT,-0.35448206905602797,0.38506672486968707,-0.35511184547924785,flat
2025-10-17,510.3478698730469,512.235876086287,504.1173098719632,505.8364332653001,19867800,MSFT,0.38506672486968707,0.6250105019536267,0.3843272406871184,up
2025-10-20,513.53759765625,515.4356111738924,510.19875812962454,511.37132460679527,14665600,MSFT,0.6250105019536267,0.16835437020132904,0.6230654117871639,flat
2025-10-21,514.4021606445312,515.4257076122852,509.81124074780416,514.2431942660954,15586200,MSFT,0.16835437020132904,0.5563620636772848,0.1682128130876212,up
2025-10-22,517.2640991210938,521.9245862885218,514.4519526367303,517.8703063443006,18962700,MSFT,0.5563620636772848,0.0038348738709892416,0.5548200866208678,flat
2025-10-23,517.283935546875,520.6526156742948,515.3461954332505,519.1720024577996,14023500,MSFT,0.0038348738709892416,0.5858990605509318,0.003834800341581043,up
2025-10-24,520.314697265625,522.0437370421222,517.4329845218087,519.499850577073,15532400,MSFT,0.5858990605509318,1.5106800881565352,0.5841893468855864,up
2025-10-27,528.1749877929688,531.2157277722118,525.6807743511338,528.4333612309177,18734700,MSFT,1.5106800881565352,1.9848689894944593,1.4993829501661278,up
2025-10-28,538.6585693359375,550.2352153811122,537.366762825241,546.5386557673307,29986700,MSFT,1.9848689894944593,-0.09592785898672185,1.9654273051982596,flat
2025-10-29,538.141845703125,542.8321728172806,533.3521721804118,541.510525937623,36023000,MSFT,-0.09592785898672185,-2.915702043662427,-0.0959738992033217,down
2025-10-30,522.4512329101562,531.6032326010347,518.834126044735,527.1414993194383,41023100,MSFT,-2.915702043662427,-1.5121075262963357,-2.959053379470781,down
2025-10-31,514.5512084960938,525.9887810857076,511.85824179468614,525.5515477587454,34006400,MSFT,-1.5121075262963357,-0.15062143500307323,-1.5236564413907323,flat
2025-11-03,513.7761840820312,521.6562706261378,511.35153740299523,516.5386570612455,22374700,MSFT,-0.15062143500307323,-0.5222145360453734,-0.1507349831193428,down
2025-11-04,511.0931701660156,512.3054631947169,504.64399323613884,508.53933673798264,20958700,MSFT,-0.5222145360453734,-1.394052760468567,-0.5235828418938553,down
2025-11-05,503.96826171875,511.5900049686576,503.39189488693165,510.06960470137113,23024300,MSFT,-1.394052760468567,-1.9835979487020539,-1.4038609367540944,down
2025-11-06,493.9715576171875,502.51744045426454,492.6896676102462,502.47768369906356,27406500,MSFT,-1.9835979487020539,-0.05632485423001654,-2.003535345157169,flat
2025-11-07,493.6933288574219,496.2372153715257,490.1457889557352,493.8225155697467,24019800,MSFT,-0.05632485423001654,1.8477508945690335,-0.056340722634887076,up
2025-11-10,502.8155517578125,503.66020845333964,495.66085193460816,496.8930687697553,26101500,MSFT,1.8477508945690335,0.5296408286832088,1.8308873913350867,up
2025-11-11,505.4786682128906,506.39289163210333,499.18851875070465,501.6230817360039,17980000,MSFT,0.5296408286832088,0.48361686295641526,0.528243164540753,flat
2025-11-12,507.9232482910156,508.449911619763,495.97887455805096,506.15442128351987,26574900,MSFT,0.48361686295641526,-1.5357948678139888,0.4824511933448751,down
2025-11-13,500.1225891113281,510.26832472026865,498.1351759673349,507.098398329558,25273100,MSFT,-1.5357948678139888,1.3689880844033775,-1.5477103528949023,up
2025-11-14,506.9692077636719,508.38028442839277,494.30939583697693,495.09443251402297,28505700,MSFT,1.3689880844033775,-0.5272577953520985,1.359702095926684,down
2025-11-17,504.2961730957031,508.8970396915909,501.73242330739504,505.2501533046029,19092800,MSFT,-0.5272577953520985,-2.6995583662036693,-0.5286527046048565,down
2025-11-18,490.6824035644531,499.8145698875434,483.71651040889276,492.2524466910109,33815100,MSFT,-2.6995583662036693,-1.3507824429130677,-2.736665791849509,down
2025-11-19,484.0543518066406,492.0735713081103,479.79134202204426,487.0156083775533,23245300,MSFT,-1.3507824429130677,-1.6001331022243659,-1.3599885055362189,down
2025-11-20,476.308837890625,491.38172816347884,473.39183555424523,490.525525238351,26802500,MSFT,-1.6001331022243659,-1.3188948933371858,-1.613073459568025,down
2025-11-21,470.0268249511719,476.796695003642,466.19388806310616,476.3785437287191,31769200,MSFT,-1.3188948933371858,0.398205694787479,-1.3276695497639965,flat
2025-11-24,471.89849853515625,474.7856351712577,465.94500021095376,472.8940649877621,34421000,MSFT,0.398205694787479,0.6307956259938852,0.39741495439773544,up
2025-11-25,474.8752136230469,477.0256407210385,462.82888433135173,471.9681767111092,28019800,MSFT,0.6307956259938852,1.784115134584785,0.6288144375202888,up
2025-11-26,483.3475341796875,486.14507360501653,479.06661039650686,484.1539406114854,25709100,MSFT,1.784115134584785,1.3408861488697132,1.7683866017517247,up
2025-11-28,489.82867431640625,490.44592067381114,484.49242217644115,485.4382224868377,14386700,MSFT,1.3408861488697132,-1.0711242234453744,1.331975833631881,down
2025-12-01,484.5820007324219,487.68816317334665,482.5012705124726,486.27447583839387,23964000,MSFT,-1.0711242234453744,0.6697679538790746,-1.0769020544935939,up
2025-12-02,487.82757568359375,491.312058367048,484.16389832530854,484.56211884124775,19562700,MSFT,0.6697679538790746,-2.5040828559835693,0.6675349732992619,down
2025-12-03,475.6119689941406,482.09308589504883,473.0931871020635,474.2082166599713,34615100,MSFT,-2.5040828559835693,0.6509974781282901,-2.5359684307076167,up
2025-12-04,478.70819091796875,479.1860737742951,474.377470578239,477.6329924690825,22318200,MSFT,0.6509974781282901,0.48248440837903583,0.6488876412519228,flat
2025-12-05,481.01788330078125,481.2568095233099,476.7568601661199,480.3807061976695,22608700,MSFT,0.48248440837903583,1.626792904501806,0.4813241827990891,up
2025-12-08,488.8430480957031,490.11737199051475,482.2325023858298,482.74025101921535,21965900,MSFT,1.626792904501806,0.20365318428314794,1.6137024080980087,flat
2025-12-09,489.8385925292969,489.93815525049575,486.33420957194573,486.93155551686203,14696100,MSFT,0.20365318428314794,-2.735656046019719,0.20344609230441207,down
2025-12-10,476.43829345703125,482.10306917330496,472.9737111601482,481.88404333185355,35756200,MSFT,-2.735656046019719,1.0259910209692302,-2.7737718695204276,up
2025-12-11,481.3265075683594,483.8751552220924,473.750231167373,474.51683677020293,24669200,MSFT,1.0259910209692302,-1.0217785106327315,1.020763458900203,down
2025-12-12,476.4084167480469,480.31105063829824,474.22812377070755,477.69270598810584,21248100,MSFT,-1.0217785106327315,-0.7752890903315213,-1.0270345009627218,down
2025-12-15,472.7148742675781,478.588710310573,470.42505317808707,477.97146396596463,23727700,MSFT,-0.7752890903315213,0.33065371992535564,-0.7783100806013461,flat
2025-12-16,474.2779235839844,475.7712732838117,468.79234263095657,469.8177748762136,20705600,MSFT,0.33065371992535564,-0.05668181720785981,0.33010826256549314,flat
2025-12-17,474.00909423828125,477.8718969329872,472.8940646732686,474.79560024235434,24527200,MSFT,-0.05668181720785981,1.6508469753089283,-0.05669788742274988,up
2025-12-18,481.8342590332031,487.4293375934554,475.7712630284666,476.06992080908344,28573500,MSFT,1.6508469753089283,0.4008424988813264,1.6373686322175083,flat
2025-12-19,483.7656555175781,485.68709144559693,480.35083955461556,485.1992432324443,70836100,MSFT,0.4008424988813264,-0.20579063896725147,0.40004126574504395,flat
2025-12-22,482.7701110839844,486.5632169440421,480.5499868948874,483.9647726311972,16963000,MSFT,-0.20579063896725147,0.39799838312564173,-0.2060026788581246,flat
2025-12-23,484.6915283203125,485.66716398872717,482.59086732909867,482.8298239351052,14683600,MSFT,0.39799838312564173,0.24031674865694352,0.39720846477529526,flat
2025-12-24,485.8563232421875,486.99128356758627,482.680463867149,483.5267014178325,5855900,MSFT,0.24031674865694352,-0.06352171471570855,0.24002844975317197,flat
2025-12-26,485.5476989746094,485.9558848600665,483.8054577080926,484.5521325365998,8842200,MSFT,-0.06352171471570855,-0.12506892492577526,-0.06354189830467115,flat
2025-12-29,484.9404296875,486.1848877649252,482.0333622504328,482.71034015280554,10893400,MSFT,-0.12506892492577526,0.07800873577012979,-0.1251472013788381,flat
2025-12-30,485.3187255859375,487.5089534635432,483.3474931520442,483.77557941756965,13944500,MSFT,0.07800873577012979,-0.7918229377188779,0.07797832477031082,down
2025-12-31,481.4758605957031,485.97584057107747,481.15727202744546,485.6771523949816,15601600,MSFT,-0.7918229377188779,-2.2083474546271464,-0.7949745031117481,down
2026-01-02,470.84320068359375,482.5112407273309,468.07552715971417,482.24244872265706,25571600,MSFT,-2.2083474546271464,-0.019023125249939543,-2.233096488683537,flat
2026-01-05,470.7536315917969,473.9593569778809,467.4184776979013,471.95825856508776,25250300,MSFT,-0.019023125249939543,1.1969929315805317,-0.019024934875912832,up
2026-01-06,476.3885192871094,476.617480129593,467.6673473241013,471.69937935780575,23037700,MSFT,1.1969929315805317,1.0365464492384069,1.1898856308983865,up
2026-01-07,481.3265075683594,487.5288974221053,475.83099176167434,477.63296458601815,25564200,MSFT,1.0365464492384069,-1.1086533967845869,1.0312111434744249,down
2026-01-08,475.9902648925781,480.5201105081445,473.7502403609407,479.10639276886474,18162600,MSFT,-1.1086533967845869,0.24471623168931256,-1.1148447616020767,flat
2026-01-09,477.15509033203125,477.6927047258898,470.106493184136,471.9582322108041,18491000,MSFT,0.24471623168931256,-0.4381590565727067,0.24441728912703836,flat
2026-01-12,475.06439208984375,478.85749783991434,473.57104241242143,474.5566738594685,23519900,MSFT,-0.4381590565727067,-1.3642591882396693,-0.4391217865887232,down
2026-01-13,468.5832824707031,473.6706125344443,463.88420753037366,472.57548334410274,28545800,MSFT,-1.3642591882396693,-2.398711208289772,-1.3736507182654507,down
2026-01-14,457.34332275390625,466.1242261748137,455.1431293963808,464.3919198839424,28184300,MSFT,-2.398711208289772,-0.5921037090992787,-2.427948782313101,down
2026-01-15,454.6353759765625,462.19172164087615,453.8787357567712,462.062293141988,23225800,MSFT,-0.5921037090992787,0.700735398951724,-0.5938635934431755,up
2026-01-16,457.8211669921875,461.1364202404358,454.45617795729186,455.8001683410004,34246700,MSFT,0.700735398951724,-1.1612141515025765,0.6982916579190642,down
2026-01-20,452.5048828125,454.77477325819245,447.2881239806389,449.2195254560932,26130000,MSFT,-1.1612141515025765,-2.2903313262762626,-1.1680088952667496,down
2026-01-21,442.1410217285156,450.6829992738946,436.7351029497524,450.5934019351739,37980500,MSFT,-2.2903313262762626,1.5829429951262686,-2.316966895229819,up
2026-01-22,449.1398620605469,450.8323067932568,442.7284117030413,445.6354487179439,25349400,MSFT,1.5829429951262686,3.2827911695090473,1.570545115597218,up
2026-01-23,463.8841857910156,469.01134678020316,448.5325382185013,449.8665935761158,38000200,MSFT,3.2827911695090473,0.9292883148952935,3.2300585451473816,up
2026-01-26,468.19500732421875,472.1474075016215,459.9517180089597,463.2470406576191,29291200,MSFT,0.9292883148952935,2.1901777716768045,0.9249969963619381,up
2026-01-27,478.4493103027344,480.72916597612596,471.0622242712429,471.5998386603028,29213900,MSFT,2.1901777716768045,0.21849328991829786,2.1665379253622734,flat
2026-01-28,479.49468994140625,481.59532063648624,475.8807787479093,481.06767161592717,36875400,MSFT,0.21849328991829786,-9.993150493995639,0.2182549404515211,down
2026-01-29,431.57806396484375,440.5381621786467,419.1533835040837,438.0392806211351,128855300,MSFT,-9.993150493995639,-0.7404777983234245,-10.528441293144157,down
2026-01-30,428.38232421875,437.65104604221966,424.5593524472701,437.2229597325442,58566800,MSFT,-0.7404777983234245,-1.608223045683077,-0.743232944428518,down
2026-02-02,421.49298095703125,428.8303011436502,420.37795134689077,428.33251789753194,42219900,MSFT,-1.608223045683077,-2.8721972051949263,-1.6212952959274476,down
2026-02-03,409.3868713378906,420.178808008447,406.7486263222299,420.1390072256922,61424100,MSFT,-2.8721972051949263,0.7246927253197866,-2.9142520112481862,up
2026-02-04,412.3536682128906,417.9387813848693,407.4256021580933,409.1778088233149,45012400,MSFT,0.7246927253197866,-4.954246242508054,0.722079445492987,down
2026-02-05,391.9246520996094,406.4897635323938,390.5806313349955,405.6335909812077,66289200,MSFT,-4.954246242508054,1.8975304586217767,-5.081179182860033,up
2026-02-06,399.3615417480469,400.0086538663787,391.17798428483076,397.4002746193236,53515300,MSFT,1.8975304586217767,3.106146521864628,1.8797518997179397,up
2026-02-09,411.76629638671875,413.05058563481117,399.0927243377603,403.0550898097971,45480500,MSFT,3.106146521864628,-0.07979095156083194,3.058882034668552,flat
2026-02-10,411.437744140625,421.80159473973595,410.8702943432265,417.75959730190846,44857900,MSFT,-0.07979095156083194,-2.1535541632126787,-0.07982280148395168,down
2026-02-11,402.57720947265625,414.61360447479314,399.23212070980424,414.3348470778888,42491000,MSFT,-2.1535541632126787,-0.6256685100044401,-2.1770815373010812,down
2026-02-12,400.05841064453125,404.3990960787573,396.24540458526855,403.20440420967,40802400,MSFT,-0.6256685100044401,-0.1293985238056461,-0.6276340180921505,flat
2026-02-13,399.5407409667969,403.7420326637702,396.2852191820681,402.65686886295305,34091600,MSFT,-0.1293985238056461,-1.1113376251159934,-0.1294823159871587,down
2026-02-17,395.1004943847656,398.7442713079252,392.78083787972264,397.45004705087115,32078800,MSFT,-1.1113376251159934,0.6904255485954636,-1.1175591191809244,up
2026-02-18,397.828369140625,400.77523739702553,394.5629123207548,396.3648852083561,23223400,MSFT,0.6904255485954636,-0.05769390090856197,0.6880530254818124,flat
2026-02-19,397.5988464355469,403.55594539020564,395.8127368785549,399.82403795970674,28234000,MSFT,-0.05769390090856197,-0.3086843562188468,-0.057710550243647435,flat
2026-02-20,396.37152099609375,399.2552593187824,394.3059873534157,395.2539159508346,34015200,MSFT,-0.3086843562188468,-3.212252071132937,-0.30916176909677395,down
2026-02-23,383.6390686035156,394.50551684604494,382.27203437696886,394.14630950985264,43238300,MSFT,-3.212252071132937,1.178251519260276,-3.2649770699121117,up
2026-02-24,388.1593017578125,388.5185091169527,380.88504821898124,383.30981969967445,33884700,MSFT,1.178251519260276,2.98200264733548,1.1713641833520843,up
2026-02-25,399.7342224121094,400.60233728073825,389.31678308531696,389.68597856263057,43625500,MSFT,2.98200264733548,0.27958182358562844,2.9384055394936337,flat
2026-02-26,400.851806640625,406.6093255926281,397.8782360341113,403.8353349281015,34405900,MSFT,0.27958182358562844,-2.235390151222161,0.2791917205408831,down
2026-02-27,391.8912048339844,395.9624042352165,389.0374004516944,390.03523926255787,51367200,MSFT,-2.235390151222161,1.4793453501622311,-2.260753692228252,up
2026-03-02,397.6886291503906,400.32293811697235,389.78576315389057,392.01092411942045,35474900,MSFT,1.4793453501622311,1.3498946894749508,1.4685097698947989,up
2026-03-03,403.0570068359375,405.82103971635513,391.82136299902305,392.2903484387299,38199200,MSFT,1.3498946894749508,0.31441531290252733,1.3408647831676312,flat
2026-03-04,404.32427978515625,410.14166638677375,399.44483360720756,400.4027502952161,35808000,MSFT,0.31441531290252733,1.3524143668401711,0.3139220615922468,up
2026-03-05,409.79241943359375,410.72040218284053,403.525993165685,403.54596943015656,39001300,MSFT,1.3524143668401711,-0.41881645310669624,1.343350869662729,flat
2026-03-06,408.0761413574219,412.1572983375802,407.6271321747383,408.31564337314285,31123900,MSFT,-0.41881645310669624,0.11003722075924038,-0.41969594571245666,flat
2026-03-09,408.5251770019531,409.3234358422322,402.62794618065146,404.044890641513,30131900,MSFT,0.11003722075924038,-0.8915215141642507,0.10997672418457749,down
2026-03-10,404.8830871582031,409.31349393117443,402.05918625996463,409.1438479339772,31706400,MSFT,-0.8915215141642507,-0.21688058128880305,-0.895519345973096,flat
2026-03-11,404.0049743652344,408.1260534422115,400.7220762180728,404.6934855668013,25512100,MSFT,-0.21688058128880305,-0.7459038776109095,-0.2171161078240015,down
2026-03-12,400.9914855957031,405.2422886286942,400.84181586601125,403.7555185610488,27263900,MSFT,-0.7459038776109095,-1.5701969810701044,-0.7486996517855703,down
2026-03-13,394.69512939453125,403.9251383935716,393.3979511212616,400.13336309353434,26848000,MSFT,-1.5701969810701044,1.1123782896491852,-1.5826551578986114,up
2026-03-16,399.08563232421875,399.7641553863696,393.9367805641587,397.209690545171,27733700,MSFT,1.1123782896491852,-0.13502086602691366,1.1062368643045355,flat
2026-03-17,398.5467834472656,403.5259891234105,396.8903674487218,399.4049101655112,26228300,MSFT,-0.13502086602691366,-1.9078100591435554,-0.13511210133194002,down
2026-03-18,390.9432678222656,397.13983817793417,390.1549666521916,396.271723303423,25908500,MSFT,-1.9078100591435554,-0.7070176962847952,-1.926243582912999,down
2026-03-19,388.1792297363281,391.6417315076428,386.2234742615233,389.2569126674818,25138800,MSFT,-0.7070176962847952,-1.8379451907360234,-0.7095289098823652,down
2026-03-20,381.0447082519531,386.16362631018524,379.29849030352204,385.95408868282834,50853200,MSFT,-1.8379451907360234,0.2959136952026542,-1.8550452539822662,flat
2026-03-23,382.1722717285156,386.3731646745857,380.85511716508233,383.07032058481127,29680100,MSFT,0.2959136952026542,-2.6788584000617788,0.29547673243715394,down
2026-03-24,371.9344177246094,381.6434000325674,371.04635704379217,381.53362193174286,42733600,MSFT,-2.6788584000617788,-0.4560720873527657,-2.715393776818076,flat
2026-03-25,370.2381286621094,376.2451074667104,368.831172255135,376.10542586510894,31181200,MSFT,-0.4560720873527657,-1.366431796733969,-0.4571152690792659,down
2026-03-26,365.1790771484375,373.9101668945663,364.4007640805619,370.01860155518807,36836600,MSFT,-1.366431796733969,-2.513874928256188,-1.3758534009891197,down
2026-03-27,355.9989318847656,361.6666793192034,355.73951450811694,361.11784971721505,37883400,MSFT,-2.513874928256188,0.613842352061944,-2.5460125067359263,up
2026-03-30,358.1842041015625,364.5703662773937,355.51000344849933,361.1178525849577,44797000,MSFT,0.613842352061944,3.1229157756083703,0.611966014484149,up
2026-03-31,369.3699951171875,372.09407550142714,362.28533367877645,363.7621155862403,45244400,MSFT,3.1229157756083703,-0.21611901863888283,3.0751447801748215,flat
2026-04-01,368.57171630859375,373.1817267376728,367.4042619540212,372.682807332766,29417200,MSFT,-0.21611901863888283,1.1072868751592857,-0.21635289281511008,up
2026-04-02,372.6528625488281,372.83249667260446,363.3629859357669,366.41637016886637,24099100,MSFT,1.1072868751592857,-0.1553014641036521,1.1012013357501529,flat
2026-04-06,372.0741271972656,372.92229624611906,368.70142726638517,372.682794233078,16146600,MSFT,-0.1553014641036521,-0.15822508381434508,-0.1554221818278665,flat
2026-04-07,371.48541259765625,371.64507045865594,365.7677853538718,369.5396147715723,21443300,MSFT,-0.15822508381434508,0.5479578543501118,-0.15835039189674074,up
2026-04-08,373.52099609375,384.167949815935,370.6073237610428,384.148004001906,33064800,MSFT,0.5479578543501118,-0.3365977272341003,0.54646202714657,flat
2026-04-09,372.26373291015625,372.6927962909368,366.2567237727329,371.6949574789129,30435300,MSFT,-0.3365977272341003,-0.5897032858082851,-0.3371654917970858,down
2026-04-10,370.0684814453125,374.8281921461914,369.23030048358606,372.17393720824543,28111100,MSFT,-0.5897032858082851,3.6400898403186943,-0.5914489016538294,up
2026-04-13,383.539306640625,383.70895264062807,370.2181521550117,372.8025510733858,35745800,MSFT,3.6400898403186943,2.2738477393367207,3.575403655529446,up
2026-04-14,392.2604064941406,393.83700889302276,385.684652281273,387.0816509997633,37504500,MSFT,2.2738477393367207,4.606853385463006,2.2483811465560244,up
2026-04-15,410.3312683105469,413.47445440771634,395.8725939925935,397.1398382929036,45063400,MSFT,4.606853385463006,2.198340217176664,4.503888343389864,up
2026-04-16,419.35174560546875,419.9105328997013,411.2492993874727,418.95258572248235,41642400,MSFT,2.198340217176664,0.6020092104702002,2.1745251113201896,up
2026-04-17,421.87628173828125,430.64726300981,419.78081413338697,423.9018933176335,48568200,MSFT,0.6020092104702002,-1.1163956243767204,0.6002043749179862,down
2026-04-20,417.1664733886719,422.4150847565369,415.40027922801784,420.2398034863272,27582200,MSFT,-1.1163956243767204,1.456695024496124,-1.1226740924225573,up
2026-04-21,423.2433166503906,426.25677891783357,416.2983670043314,419.33177508554746,32048500,MSFT,1.456695024496124,2.0652560845584977,1.4461871447776973,up
2026-04-22,431.984375,432.7626880248645,422.7543663498755,425.2689090952171,29378200,MSFT,2.0652560845584977,-3.9660934617680055,2.04421882683406,down
2026-04-23,414.8514709472656,422.7443793162959,410.5208543154444,418.9825380949446,38308000,MSFT,-3.9660934617680055,2.1334937195510273,-4.046886377167461,up
2026-04-24,423.7023010253906,424.0316048781353,414.9013556123021,416.0688403922519,27457400,MSFT,2.1334937195510273,0.04710499812119462,2.111053357014146,flat
2026-04-27,423.9018859863281,426.1869149113369,416.1686352924954,421.46715688013995,30867300,MSFT,0.04710499812119462,1.0427908679775388,0.04709390719973684,up
2026-04-28,428.3222961425781,428.99086152362304,420.9881750222059,423.6524179624475,30438100,MSFT,1.0427908679775388,-1.1159034047451222,1.0373913089718179,down
2026-04-29,423.5426330566406,425.8975483734993,419.38166246548025,423.6623688360089,38288300,MSFT,-1.1159034047451222,-3.9296919836194433,-1.122176316871562,down
2026-04-30,406.8987121582031,413.5243765293071,397.1498378648014,409.92216255995794,70909400,MSFT,-3.9296919836194433,1.633231850252348,-4.008988740544931,up
2026-05-01,413.5443115234375,416.2085240460113,409.5529563541748,411.9078412872606,31372400,MSFT,1.633231850252348,-0.19785964451384253,1.6200380815886175,flat
2026-05-04,412.72607421875,419.87060358807366,409.91216153093814,410.6505829404435,28066500,MSFT,-0.19785964451384253,-0.5415548178495877,-0.19805564528877612,down
2026-05-05,410.4909362792969,415.8792597859335,407.916495085617,414.42242364358015,25700900,MSFT,-0.5415548178495877,0.6271519363626465,-0.543026541819537,up
2026-05-06,413.0653381347656,417.51572107575487,404.23445872829495,407.11822745622237,30285900,MSFT,0.6271519363626465,1.6450879458010714,0.6251935224948011,up
2026-05-07,419.8606262207031,427.05506598481406,417.8549909144547,419.2020489501835,34942400,MSFT,1.6450879458010714,-1.3427757958591746,1.6317029709620265,down
2026-05-08,414.22283935546875,417.7252633012779,413.105264767488,416.48795292910256,33383800,MSFT,-1.3427757958591746,-0.5925992396517477,-1.3518725545446366,down
2026-05-11,411.7681579589844,411.79809190456297,404.6236285818644,406.9885016374445,35657900,MSFT,-0.5925992396517477,-1.185000702966521,-0.5943620767689755,down
2026-05-12,406.8887023925781,414.6020070114768,405.76117016707224,413.58422243338293,38594200,MSFT,-1.185000702966521,-0.6277990380058274,-1.1920778009659372,down
2026-05-13,404.3342590332031,405.4318878236479,400.1633000811369,402.3286237155428,29667100,MSFT,-0.6277990380058274,1.0414344989990054,-0.6297779830460883,up
2026-05-14,408.5451354980469,410.94993067744383,400.013625877668,403.6058516736889,27077500,MSFT,1.0414344989990054,3.0505840389261074,1.0360489291041257,up
2026-05-15,421.0081481933594,427.24464052002446,412.01761111071977,413.3746572242232,50771200,MSFT,3.0505840389261074,0.383963141857957,3.0049788861924314,flat
2026-05-18,422.6246643066406,424.2012362508279,414.7117792841577,415.71960624154525,32564100,MSFT,0.383963141857957,-1.4449655975185882,0.3832278848626929,down
2026-05-19,416.51788330078125,431.7648588737268,415.58987007798993,428.9708919761278,33018700,MSFT,-1.4449655975185882,0.8720179231968883,-1.4555068940400357,up
2026-05-20,420.1499938964844,421.18775475321456,410.4110776678385,413.2749005432513,27864000,MSFT,0.8720179231968883,-0.2522902710918262,0.8682378065394921,flat
2026-05-21,419.0899963378906,426.3399963378906,415.7099914550781,424.75,31393500,MSFT,-0.2522902710918262,-0.1240757398686787,-0.2526090592902171,flat
2026-05-22,418.57000732421875,424.3999938964844,416.3299865722656,419.5400085449219,22390300,MSFT,-0.1240757398686787,-0.606830040489359,-0.12415277754476936,down
2026-05-26,416.0299987792969,419.7699890136719,413.0199890136719,416.42999267578125,30398000,MSFT,-0.606830040489359,-0.8076305462157207,-0.6086787367366893,down
2026-05-27,412.6700134277344,415.94000244140625,409.5799865722656,411.010009765625,28901500,MSFT,-0.8076305462157207,3.4700793226276616,-0.8109095484610436,up
2026-05-28,426.989990234375,429.489990234375,412.6700134277344,412.9800109863281,47250500,MSFT,3.4700793226276616,5.445092515456418,3.411229625288361,up
2026-05-29,450.239990234375,450.3299865722656,432.3599853515625,432.54998779296875,79654400,MSFT,5.445092515456418,2.2832265019252507,5.302018135641149,up
2026-06-01,460.5199890136719,466.32000732421875,458.2699890136719,464.8399963378906,53628900,MSFT,2.2832265019252507,-4.171369737114238,2.2575509712906507,down
2026-06-02,441.30999755859375,453.5,440.42999267578125,446.8800048828125,37036800,MSFT,-4.171369737114238,-3.1655755133551677,-4.260869114075234,down
2026-06-03,427.3399963378906,440.3900146484375,424.25,438.45001220703125,39037000,MSFT,-3.1655755133551677,0.16614205577816232,-3.2167630063060044,flat
2026-06-04,428.04998779296875,436.1499938964844,426.4100036621094,435.80999755859375,26899500,MSFT,0.16614205577816232,-2.6585620113925623,0.16600419254275758,down
2026-06-05,416.6700134277344,429.4700012207031,414.3999938964844,428.3399963378906,34782200,MSFT,-2.6585620113925623,-1.1831960627074034,-2.694540884818325,down
2026-06-08,411.739990234375,417.1600036621094,408.55999755859375,414.1400146484375,32086700,MSFT,-1.1831960627074034,-2.0231181740505533,-1.1902515359320367,down
2026-06-09,403.4100036621094,411.9800109863281,398.4800109863281,409.0299987792969,35317300,MSFT,-2.0231181740505533,-1.4997194555478321,-2.043863488144832,down
2024-06-11,175.26858520507812,175.48690308392554,172.44040109788673,174.8716518664662,21540600,GOOGL,,0.6624093428037714,,up
2024-06-12,176.42958068847656,179.0295432819228,174.76244297240288,176.88606752522927,27864700,GOOGL,0.6624093428037714,-1.4792489748530757,0.6602250527715201,down
2024-06-13,173.8197479248047,175.38766020073976,173.54189158649058,174.76247586851568,20913300,GOOGL,-1.4792489748530757,0.9305662641221124,-1.490298969186079,up
2024-06-14,175.437255859375,175.7051941501706,172.81745685502335,172.886928506799,18063600,GOOGL,0.9305662641221124,0.254534568342768,0.9262631710844962,flat
2024-06-17,175.88380432128906,176.99522948449695,173.47239026793287,174.11742569746272,19618500,GOOGL,0.254534568342768,-1.2130422867006163,0.2542111777546781,down
2024-06-18,173.75025939941406,176.03266350713454,172.7678442779151,175.78457643329608,21869900,GOOGL,-1.2130422867006163,0.6910837956995763,-1.2204596898364666,up
2024-06-20,174.95101928710938,175.93343447480135,173.65104535533175,174.02812743639052,20160100,GOOGL,0.6910837956995763,1.8888256077532972,0.6887067569055745,up
2024-06-21,178.2555389404297,179.466205138687,175.2586426839211,175.645657934706,57759000,GOOGL,1.8888256077532972,-0.22825411921002514,1.8712087852113546,flat
2024-06-24,177.84866333007812,179.5058831721026,177.30286873730756,178.78147315371626,18298000,GOOGL,-0.22825411921002514,2.6838511293819423,-0.22851501600543558,up
2024-06-25,182.62185668945312,182.87986179667686,178.04713041446374,178.24559704633074,23130200,GOOGL,2.6838511293819423,-0.08150694007991177,2.648467544105855,flat
2024-06-26,182.47300720214844,183.0981763241254,181.0837105201297,181.23257184786374,19839000,GOOGL,-0.08150694007991177,0.8320824153360995,-0.08154017504674789,up
2024-06-27,183.9913330078125,184.62643542138127,182.61196924355986,182.7707334904251,18848900,GOOGL,0.8320824153360995,-1.7582767902222352,0.8286396939422868,down
2024-06-28,180.75625610351562,183.71346525578238,180.56772262567728,182.90966546961494,29156600,GOOGL,-1.7582767902222352,0.46115825015646816,-1.7739180926955609,flat
2024-07-01,181.58982849121094,182.4730179096056,179.91275737108273,181.6295157623823,16006100,GOOGL,0.46115825015646816,1.2295609213967884,0.4600981733364489,up
2024-07-02,183.8225860595703,184.15006278268618,180.1707368089104,180.65699287814883,17372500,GOOGL,1.2295609213967884,0.3131236772118351,1.222063217758772,flat
2024-07-03,184.39817810058594,184.666101253454,182.59209683114494,183.43559898745033,10242100,GOOGL,0.3131236772118351,2.5723808720748975,0.3126344659837758,up
2024-07-05,189.1416015625,189.39960668236182,184.3783264542018,184.43786493247498,20967500,GOOGL,2.5723808720748975,-0.823720770235592,2.539851822986063,down
2024-07-08,187.58360290527344,188.71487939155085,186.34316749742393,188.4469411036859,21035900,GOOGL,-0.823720770235592,-0.026453048807417723,-0.8271320958866972,flat
2024-07-09,187.5339813232422,189.89577517091524,187.27597621110633,188.85380640623399,15121400,GOOGL,-0.026453048807417723,1.1641363499632629,-0.02645654824352573,up
2024-07-10,189.71713256835938,190.28277834321375,187.5835898719109,187.70266681734014,15952500,GOOGL,1.1641363499632629,-2.93438541105171,1.1574124162818726,down
2024-07-11,184.1501007080078,189.39961710579536,183.66384453862594,188.39735066829172,25625800,GOOGL,-2.93438541105171,-0.2694461207605525,-2.9782997105167426,flat
2024-07-12,183.65391540527344,185.67829936578423,183.07835154835516,183.66383343758727,22898400,GOOGL,-0.2694461207605525,0.7888704690608872,-0.26980978021159574,up
2024-07-15,185.1027069091797,186.79962897877238,183.50502571552826,183.50502571552826,16474000,GOOGL,0.7888704690608872,-1.399221211368562,0.7857751540036978,down
2024-07-16,182.51271057128906,187.2362833659617,181.96691593885006,185.9263913901426,18290700,GOOGL,-1.399221211368562,-1.5767710688091685,-1.409102594587246,down
2024-07-17,179.63490295410156,182.14554307379208,178.52346250305996,181.56997921247492,20734100,GOOGL,-1.5767710688091685,-1.839583988281901,-1.5893343415275165,down
2024-07-18,176.3303680419922,181.10356083919302,175.119701930773,180.53791505223174,25315700,GOOGL,-1.839583988281901,-0.016865716446379242,-1.856714749622844,flat
2024-07-19,176.30062866210938,178.91049478015813,175.77468519675912,177.511294978359,18881900,GOOGL,-0.016865716446379242,2.2570983408571,-0.01686713886827217,up
2024-07-22,180.2799072265625,181.30202472668176,178.85092330428975,179.20816928485795,24100300,GOOGL,2.2570983408571,0.06605261322556455,2.232002795173935,flat
2024-07-23,180.39898681640625,182.20506795075516,180.15089974687697,180.65700705961783,36352700,GOOGL,0.06605261322556455,-5.038786638639059,0.0660308080883752,down
2024-07-24,171.30906677246094,174.8418237800792,170.50526718996738,172.27164569377652,49585200,GOOGL,-5.038786638639059,-3.099098229245778,-5.17016581634155,down
2024-07-25,166.00003051757812,172.09304877138803,165.9107228003057,171.19994131459546,44852000,GOOGL,-3.099098229245778,-0.1673870468347327,-3.148136093493926,flat
2024-07-26,165.72216796875,166.80382399385917,162.8046615111257,165.8710141586151,41336900,GOOGL,-0.1673870468347327,1.514966529070505,-0.16752729547919945,up
2024-07-29,168.23280334472656,169.12591074335177,166.70459365013758,167.53816257445885,20293800,GOOGL,1.514966529070505,0.44829598818354466,1.5036055111932949,flat
2024-07-30,168.9869842529297,169.91979407162952,167.15114899500833,168.9373789518768,18959700,GOOGL,0.44829598818354466,0.7340404024260172,0.44729413478161084,up
2024-07-31,170.2274169921875,172.91668748879763,168.70912533779483,171.9144211788754,25729100,GOOGL,0.7340404024260172,-0.454696045831382,0.7313594374474799,flat
2024-08-01,169.45339965820312,172.718234225876,167.58779504728142,168.94730744825696,24531400,GOOGL,-0.454696045831382,-2.4010161636364935,-0.45573293261786846,down
2024-08-02,165.38479614257812,167.22063168798618,163.4100172779574,165.16647827243773,29130100,GOOGL,-2.4010161636364935,-4.446186972593836,-2.430310413591373,down
2024-08-05,158.03147888183594,163.17183620146415,153.7445266292353,154.3101724717456,53630700,GOOGL,-4.446186972593836,-0.6028434979270969,-4.548061000273375,down
2024-08-06,157.07879638671875,159.34136430659962,155.21319199044268,158.11084703677423,49004600,GOOGL,-0.6028434979270969,0.4106343733765394,-0.6046679353725023,flat
2024-08-07,157.72381591796875,161.73289574421796,157.25741108044065,160.01613770044082,25138600,GOOGL,0.4106343733765394,1.9441521709097742,0.40979357139558464,up
2024-08-08,160.7902069091797,162.43750885518617,158.98414073021175,159.28183313078614,25578800,GOOGL,1.9441521709097742,1.0121615590421573,1.925494961195378,up
2024-08-09,162.41766357421875,162.53674053879345,157.8429367667061,158.785664734338,28602300,GOOGL,1.0121615590421573,-0.8431818856534545,1.0070735079953164,down
2024-08-12,161.04818725585938,163.63821673656008,160.60163358167628,163.09243732479868,15895300,GOOGL,-0.8431818856534545,1.1522718276094635,-0.846756773503218,up
2024-08-13,162.90390014648438,163.46953080218395,161.72300324977175,162.15963892338314,18551700,GOOGL,1.1522718276094635,-2.3087334571616713,1.1456837359694116,down
2024-08-14,159.14288330078125,161.9710818575429,156.5032484754406,161.15734902797854,40591100,GOOGL,-2.3087334571616713,0.5799174425682008,-2.3358021489295187,up
2024-08-15,160.06578063964844,160.40317542086007,158.38870962322818,159.27189898700752,31524300,GOOGL,0.5799174425682008,1.0291350744909167,0.5782423941791348,up
2024-08-16,161.71307373046875,163.79699592189854,159.89707465805918,160.23446942114322,24208600,GOOGL,1.0291350744909167,2.2766310864624995,1.0238755338895351,up
2024-08-19,165.39468383789062,165.41453504299912,163.00312088041883,164.0153203524916,22416200,GOOGL,2.2766310864624995,0.3059789990244699,2.251102574676778,flat
2024-08-20,165.9007568359375,167.34959180081188,165.54352603745377,165.62290056465164,18341500,GOOGL,0.3059789990244699,-0.7955412531759132,0.3055118359898455,down
2024-08-21,164.58094787597656,165.57329603286027,163.40996917699755,163.886292052533,22902000,GOOGL,-0.7955412531759132,-1.2360400916857084,-0.7987225662754751,down
2024-08-22,162.54666137695312,166.3076549289941,162.06040523845343,165.9801781592332,22493300,GOOGL,-1.2360400916857084,1.1111029754264257,-1.2437426037969403,up
2024-08-23,164.35272216796875,164.9084347985432,162.57642535652303,163.4596147462646,13955700,GOOGL,1.1111029754264257,0.32604154481190584,1.1049755723766166,flat
2024-08-26,164.88858032226562,166.267943712712,163.20159141296193,165.10689813733183,14190400,GOOGL,0.32604154481190584,-0.8906974906298659,0.32551118185689587,down
2024-08-27,163.419921875,165.1664646925233,163.201619164844,164.57104961527048,11821900,GOOGL,-0.8906974906298659,-1.1112441138506735,-0.8946879134646174,down
2024-08-28,161.6039276123047,164.33288545251102,160.2940205808296,163.77715768210635,16407400,GOOGL,-1.1112441138506735,-0.6570467501504806,-1.1174645570553368,down
2024-08-29,160.5421142578125,164.70005625165825,159.02382249929119,163.05275436266322,19699800,GOOGL,-0.6570467501504806,0.9889948835161588,-0.6592148042808419,up
2024-08-30,162.12986755371094,162.4077238619854,160.45279653031872,161.37567316665184,22123800,GOOGL,0.9889948835161588,-3.684662226904112,0.9841363367082249,down
2024-09-03,156.1559295654297,160.61157889702227,155.28265821334085,160.48256877218185,38945300,GOOGL,-3.684662226904112,-0.5782876116333657,-3.754260911759132,down
2024-09-04,155.25289916992188,157.78339053713182,154.76665816042646,155.4612989897302,19353800,GOOGL,-0.5782876116333657,0.5049410033992396,-0.5799661688292825,up
2024-09-05,156.03683471679688,158.22991573533292,154.78646630753778,155.10402499624857,18688700,GOOGL,0.5049410033992396,-4.019321281083665,0.5036704515446525,down
2024-09-06,149.7652130126953,156.62234382988387,149.39804896411633,156.09640040925774,37912100,GOOGL,-4.019321281083665,-1.3336100522740035,-4.102327812106152,down
2024-09-09,147.76792907714844,152.42820519903154,146.28736276622044,151.54384395398554,39260500,GOOGL,-1.3336100522740035,-0.03361173071086965,-1.3425824919931684,flat
2024-09-10,147.71826171875,150.31172831197244,147.40028159964342,149.4969156283568,31118800,GOOGL,-0.03361173071086965,1.6816784121747919,-0.03361738071915573,up
2024-09-11,150.20240783691406,150.54025030429756,146.5854677760219,148.97025775559644,29607700,GOOGL,1.6816784121747919,2.335278577643596,1.6676947564255264,up
2024-09-12,153.71005249023438,153.839233801539,151.68296725155358,152.8256911821986,29621500,GOOGL,2.335278577643596,1.7906809739811402,2.308428165238389,up
2024-09-13,156.46250915527344,157.37667920350046,154.2267627397466,154.44535510677574,29591200,GOOGL,1.7906809739811402,0.38104425748302084,1.7748371442787383,flat
2024-09-16,157.05870056152344,157.2474993531957,155.60795803142506,156.313451749423,18379800,GOOGL,0.38104425748302084,0.7971826286974348,0.3803201227850756,up
2024-09-17,158.3107452392578,159.53294917671778,157.37669753536267,158.01264265003823,20715600,GOOGL,0.7971826286974348,0.30754541687643133,0.7940219146436589,flat
2024-09-18,158.79762268066406,159.48325404924594,157.59529635899653,158.84730896980255,23677300,GOOGL,0.30754541687643133,1.4579760604464642,0.3070734633592404,up
2024-09-19,161.11285400390625,162.7523953061902,160.31791891468873,162.67291544318158,26587700,GOOGL,1.4579760604464642,0.8942869059917591,1.4474497798976793,up
2024-09-20,162.5536651611328,162.6927776644467,161.03335881701463,162.46423894374368,40896400,GOOGL,0.8942869059917591,-1.06362297532262,0.890311842047202,down
2024-09-23,160.82470703125,164.4416474906759,160.64583942390462,163.3088698512438,24150900,GOOGL,-1.06362297532262,0.27184555923598364,-1.0693198761978588,flat
2024-09-24,161.26190185546875,162.18601827960998,159.67204679818846,161.9972194853163,23332100,GOOGL,0.27184555923598364,-0.4929478845546065,0.2714767274795625,flat
2024-09-25,160.4669647216797,161.77859462440557,160.27816594760657,160.44708717648132,18869200,GOOGL,-0.4929478845546065,0.76785101465211,-0.49416688029816297,up
2024-09-26,161.69911193847656,163.0405658423745,161.25196569121914,162.60335078741144,20319300,GOOGL,0.76785101465211,0.7497136248334701,0.7649180430820215,up
2024-09-27,162.91139221191406,164.65030615932238,161.59976214731748,161.7786145898017,21101300,GOOGL,0.7497136248334701,1.1588937673844502,0.7469172401246585,up
2024-09-30,164.7993621826172,165.09744958161895,162.22575806160205,162.2853907035285,20413900,GOOGL,1.1588937673844502,0.6873703680762011,1.1522300279230728,up
2024-10-01,165.93214416503906,168.08839566011457,163.53740758234116,166.62770671794624,28338100,GOOGL,0.6873703680762011,-0.6767005725029529,0.6850187480376784,down
2024-10-02,164.8092803955078,166.4587679633324,163.686434073945,165.36573037932214,17760200,GOOGL,-0.6767005725029529,0.0,-0.6790005727762177,flat
2024-10-03,164.8092803955078,165.5843378961242,162.88156783577605,163.36846915267606,15073100,GOOGL,0.0,0.723520293278157,0.0,up
2024-10-04,166.001708984375,167.1642954706186,164.43171611961677,166.9953742029211,19047400,GOOGL,0.723520293278157,-2.4422543507323424,0.7209154420758561,down
2024-10-07,161.94752502441406,167.41268277986842,161.7189863091265,166.65750280293437,22463100,GOOGL,-2.4422543507323424,0.8590184119253941,-2.4725720233429977,up
2024-10-08,163.33868408203125,163.68645779124333,161.8382399845631,162.901468985077,23072700,GOOGL,0.8590184119253941,-1.53303768373938,0.8553498429165893,down
2024-10-09,160.8346405029297,163.7957583809211,158.72807525360884,162.41456443992033,31181800,GOOGL,-1.53303768373938,0.1359143847530664,-1.5449102028622663,flat
2024-10-10,161.05323791503906,162.03697180217182,159.38387269706766,159.85089649743236,14144100,GOOGL,0.1359143847530664,0.7157132997024584,0.1358221047582137,up
2024-10-11,162.20591735839844,162.86172488598982,160.2185869014022,161.1029483482804,15344300,GOOGL,0.7157132997024584,1.0536458568019658,0.7131642275379952,up
2024-10-14,163.9149932861328,165.1769369826469,162.36486307226147,162.6033481425783,19016100,GOOGL,1.0536458568019658,0.30309989459458286,1.0481336941526591,flat
2024-10-15,164.4118194580078,166.61774183416674,163.58707567908868,164.73971556910084,20247200,GOOGL,0.30309989459458286,-0.1812918235011729,0.3026414729474914,flat
2024-10-16,164.11375427246094,164.749699418007,162.70275145459712,163.4877403209242,16406000,GOOGL,-0.1812918235011729,-1.3502199229240008,-0.18145635601358104,down
2024-10-17,161.89785766601562,165.3160682513299,161.7289364078274,164.68012315374543,21453400,GOOGL,-1.3502199229240008,0.3007312440234111,-1.3594182847081218,flat
2024-10-18,162.38473510742188,163.66657146894778,162.04689264086656,162.15619639911972,19757700,GOOGL,0.3007312440234111,0.39776185895081806,0.3002799521750939,flat
2024-10-21,163.0306396484375,163.45790836208016,161.58981312891888,161.9177244301946,20946500,GOOGL,0.39776185895081806,0.6521578798799332,0.39697287795360275,up
2024-10-22,164.09385681152344,164.71987068710104,161.9475365199372,161.9475365199372,16568100,GOOGL,0.6521578798799332,-1.4290888413719283,0.6500405310311141,down
2024-10-23,161.74880981445312,164.76956032222017,160.90418838301372,163.71626254064074,18280500,GOOGL,-1.4290888413719283,-0.03686663767397125,-1.439398658124365,flat
2024-10-24,161.68917846679688,162.29531475497333,159.9900045566217,161.79848222899673,22412500,GOOGL,-0.03686663767397125,1.5671174020158718,-0.036873435089541884,up
2024-10-25,164.22303771972656,164.54100267206263,162.38475119304076,162.63316747166715,19828900,GOOGL,1.5671174020158718,0.8773409129701149,1.5549649153142628,up
2024-10-28,165.66383361816406,167.68097239909127,162.9113772628699,167.68097239909127,32138600,GOOGL,0.8773409129701149,1.7754257758513026,0.8735146409296171,up
2024-10-29,168.60507202148438,169.3006496598447,166.0314832783505,166.66742827978365,42169000,GOOGL,1.7754257758513026,2.817080496831492,1.759849189356416,up
2024-10-30,173.3548126220703,180.86691803166593,172.95733750175077,179.5353953312524,68890800,GOOGL,2.817080496831492,-1.9202126999420255,2.778130592405682,down
2024-10-31,170.02603149414062,175.69986574053596,169.91672772946706,172.03323918990733,44769000,GOOGL,-1.9202126999420255,0.10518875552754103,-1.9388882439797157,flat
2024-11-01,170.2048797607422,171.22836871150324,167.81015851321018,168.99262234877236,31796500,GOOGL,0.10518875552754103,-1.1967854902579234,0.10513347092149014,down
2024-11-04,168.1678924560547,169.64844379948434,166.9456734265419,168.8535086611848,21492700,GOOGL,-1.1967854902579234,0.29544369225766864,-1.204004623983268,flat
2024-11-05,168.66473388671875,169.4497227111904,167.77042612333224,168.35668494331603,18242100,GOOGL,0.29544369225766864,3.9884428727912757,0.2950081150938069,up
2024-11-06,175.39183044433594,175.81911434381482,172.4009037964916,172.69900637438644,33695500,GOOGL,3.9884428727912757,2.402135842781572,3.910958075514428,up
2024-11-07,179.60498046875,179.93289179611503,176.067534869967,176.28614242154367,25352900,GOOGL,2.402135842781572,-1.3278006747663995,2.3737384239458117,down
2024-11-08,177.22018432617188,179.7540183112244,176.95189049215537,179.50560202546419,22006200,GOOGL,-1.3278006747663995,1.1213932615149913,-1.3366947662009803,up
2024-11-11,179.20751953125,179.40624953288767,177.33942415917616,177.44872793439595,17450400,GOOGL,1.1213932615149913,0.7041737848655583,1.1151522613746006,up
2024-11-12,180.46945190429688,181.33395085774214,178.25358296080182,178.68086684117154,25134900,GOOGL,0.7041737848655583,-1.5086352308897655,0.7017060592145462,down
2024-11-13,177.746826171875,179.8136514950511,177.4089684990119,179.31681892204128,23184000,GOOGL,-1.5086352308897655,-1.844814099561709,-1.5201308971729979,down
2024-11-14,174.4677276611328,177.68720818344102,173.21571503907634,177.15062051532624,31007500,GOOGL,-1.844814099561709,-1.7598868349315455,-1.8620430182169883,down
2024-11-15,171.3972930908203,173.03683438867833,170.1353342086739,172.62942807176185,32504600,GOOGL,-1.7598868349315455,1.6290839605426877,-1.7755569665365758,up
2024-11-18,174.1894989013672,174.32861141194803,171.80469351153303,172.32140362031606,20135300,GOOGL,1.6290839605426877,1.608664150887873,1.6159567646030362,up
2024-11-19,176.9916229248047,177.73687175049812,172.46051249052883,172.61950254558704,23434900,GOOGL,1.608664150887873,-1.2014408082264838,1.5958622596075076,down
2024-11-20,174.86517333984375,176.5544009125721,172.67911323618793,176.21655843045156,18997100,GOOGL,-1.2014408082264838,-4.744849111218851,-1.2087164419818794,down
2024-11-21,166.56808471679688,173.0269078339117,162.6629730093742,172.79835394534456,59734400,GOOGL,-4.744849111218851,-1.7121149967305516,-4.861109587091474,down
2024-11-22,163.71624755859375,165.4054902668861,162.8616950123504,164.7993539822004,38604600,GOOGL,-1.7121149967305516,1.754073981285642,-1.726941156486977,up
2024-11-25,166.58795166015625,167.56175439657423,164.56088148234778,165.0378364955745,33135300,GOOGL,1.754073981285642,0.8768301337631179,1.7388676661182927,up
2024-11-26,168.04864501953125,168.74422275300518,166.5184073625678,166.5680936524055,20486700,GOOGL,0.8768301337631179,0.065039921054999,0.8730083027415658,flat
2024-11-27,168.15794372558594,168.40636000516253,166.95561742322607,167.9294049937709,19266500,GOOGL,0.065039921054999,-0.1654658783225571,0.06501877926491717,flat
2024-11-29,167.87969970703125,168.35665466444746,166.101046017883,167.43255348682078,14257200,GOOGL,-0.1654658783225571,1.503422417626199,-0.16560292430409093,up
2024-12-02,170.4036407470703,170.98989954223964,167.50214035040204,167.7008703464783,23789100,GOOGL,1.503422417626199,-0.08748543662978614,1.4922330325556292,flat
2024-12-03,170.2545623779297,171.58606987747282,169.7676762176285,170.40362122950918,22248700,GOOGL,-0.08748543662978614,1.7684126525625121,-0.08752372747213365,up
2024-12-04,173.26536560058594,173.8019532050098,169.9763367929556,170.0657630063179,31615100,GOOGL,1.7684126525625121,-0.9921340322369132,1.752958169372009,down
2024-12-05,171.5463409423828,174.9446737388749,171.2383071896845,174.24911120663256,21356200,GOOGL,-0.9921340322369132,1.199034624180606,-0.9970884789991619,up
2024-12-06,173.60324096679688,173.97089221181594,170.77128929069295,170.9402105427862,21462400,GOOGL,1.199034624180606,0.49279870675387194,1.1919031533021611,flat
2024-12-09,174.45875549316406,175.3441303590525,172.7476915668061,173.05609352730906,25389600,GOOGL,0.49279870675387194,5.588188706893682,0.4915884284555889,up
2024-12-10,184.2078399658203,185.39165905883286,180.10925267461994,181.89990276575224,54813000,GOOGL,5.588188706893682,5.52464765252858,5.437632966192577,up
2024-12-11,194.38467407226562,194.59358956818772,183.88950517431252,184.3471064632806,67894100,GOOGL,5.52464765252858,-1.760480294122213,5.377436667966876,down
2024-12-12,190.9625701904297,194.16582489848338,190.71386920648584,193.98676747620544,34817500,GOOGL,-1.760480294122213,-1.114821081999462,-1.776161058861055,down
2024-12-13,188.83367919921875,191.7285469445743,188.65460660803555,190.01748306194702,25143500,GOOGL,-1.114821081999462,3.603413674414191,-1.121081786143407,up
2024-12-16,195.6381378173828,197.96597529078676,191.6191215772895,191.8678225512729,44934900,GOOGL,3.603413674414191,-0.6305268692253008,3.5400093819668186,down
2024-12-17,194.4045867919922,200.37341051362353,193.9668706236853,196.2250798486302,43504000,GOOGL,-0.6305268692253008,-3.5922611822347017,-0.6325230854329903,down
2024-12-18,187.4210662841797,195.976386699195,186.764507184961,194.2056368053088,34166100,GOOGL,-3.5922611822347017,0.0583823251764537,-3.658370940112701,flat
2024-12-19,187.53048706054688,192.02700516266594,187.40117286917095,190.63428570513082,32265200,GOOGL,0.0583823251764537,1.5383810477430426,0.05836528932728273,up
2024-12-20,190.41542053222656,191.88772607244653,184.25758188521124,184.8146696474835,63462900,GOOGL,1.5383810477430426,1.682257444768509,1.5266679418852689,up
2024-12-23,193.6186981201172,194.08625719212253,189.16196548395996,191.6191324608379,25675000,GOOGL,1.682257444768509,0.7604148319074966,1.6682642109763335,up
2024-12-24,195.09100341796875,195.09100341796875,192.7731083908338,193.82759815006608,10403300,GOOGL,0.7604148319074966,-0.2600605499173958,0.757538251749276,flat
2024-12-26,194.58364868164062,195.72766709348628,193.36998671071595,194.13597478356786,12046600,GOOGL,-0.2600605499173958,-1.4519495172375274,-0.26039929478748075,down
2024-12-27,191.75839233398438,194.3051030426647,189.65935551931798,193.9370152813754,18891400,GOOGL,-1.4519495172375274,-0.7885365237647157,-1.462593459657137,down
2024-12-30,190.24630737304688,191.5494980812226,188.13731273783964,188.8137872976618,14264700,GOOGL,-0.7885365237647157,-1.0144384231546066,-0.7916619137475669,down
2024-12-31,188.31637573242188,190.96255767118524,187.53047217416017,190.0871254076539,17466900,GOOGL,-1.0144384231546066,0.0686707339187631,-1.0196189147703387,flat
2025-01-02,188.44569396972656,191.00234725825092,186.52572974438567,189.65935593229025,20370800,GOOGL,0.0686707339187631,1.2458484740497822,0.06864716635900536,up
2025-01-03,190.79344177246094,192.20607673113864,188.9928490622425,190.37562593745199,18596200,GOOGL,1.2458484740497822,2.6487305218821255,1.2381516432488178,up
2025-01-06,195.8470458984375,197.19003728298551,192.8427489428689,192.9720631324044,29563600,GOOGL,2.6487305218821255,-0.7009643606654015,2.6142590346137218,down
2025-01-07,194.47422790527344,199.95559215597262,193.5888530048973,196.085805432373,26487200,GOOGL,-0.7009643606654015,-0.7877717042277466,-0.7034326571890628,down
2025-01-08,192.9422149658203,195.27005246800397,191.3803807232366,191.5693958945213,24864800,GOOGL,-0.7877717042277466,-0.9847871761844762,-0.790891018366937,down
2025-01-10,191.04214477539062,195.49887742154428,189.32113818407666,193.29041142782185,26665200,GOOGL,-0.9847871761844762,-0.5363599027422894,-0.9896682771715348,down
2025-01-13,190.01747131347656,190.1865861405531,186.38644345909503,189.08236847778906,21823700,GOOGL,-0.5363599027422894,-0.7067542440627683,-0.5378034766167141,down
2025-01-14,188.6745147705078,190.98245196740993,187.33152340912505,190.24630678281764,17174900,GOOGL,-0.7067542440627683,3.1055627861055646,-0.7092635820954374,up
2025-01-15,194.53392028808594,195.33970907887064,190.86309119272985,192.0866958313472,21776000,GOOGL,3.1055627861055646,-1.350053631762549,3.0583158827647408,down
2025-01-16,191.90760803222656,194.46424594926418,191.80812157869914,193.1312124772056,17815400,GOOGL,-1.350053631762549,1.6017912901450604,-1.3592497176609717,up
2025-01-17,194.9815673828125,196.2051719482703,192.74325857357104,195.50881224351804,27735100,GOOGL,1.6017912901450604,1.0459284450090145,1.5890979809383647,up
2025-01-21,197.02093505859375,201.23889429991502,196.8418624454126,198.03563938794179,29971300,GOOGL,1.0459284450090145,0.1615633376920833,1.0404964570893318,flat
2025-01-22,197.33924865722656,199.43828553458843,196.5036170079127,198.02566579041408,26200600,GOOGL,0.1615633376920833,-0.19660051071594964,0.16143296453624384,flat
2025-01-23,196.95127868652344,199.25923110054313,194.18572496319172,197.11045095911172,26951400,GOOGL,-0.19660051071594964,1.1263849517629376,-0.19679402319262707,up
2025-01-24,199.16970825195312,199.85611023612495,196.97118481318788,197.07067128135972,23877500,GOOGL,1.1263849517629376,-4.19560237944604,1.120088474066832,down
2025-01-27,190.81333923339844,195.85700244066396,189.73894916830926,191.41022766272687,41728900,GOOGL,-4.19560237944604,1.81951537859264,-4.286159788369337,up
2025-01-28,194.28521728515625,194.46427471258818,189.68921264751984,191.7484641400102,24157900,GOOGL,1.81951537859264,0.05631966131864896,1.8031602885227795,flat
2025-01-29,194.39463806152344,195.7674571519655,192.4249153665142,194.54385257803781,18218300,GOOGL,0.05631966131864896,2.7941230377413584,0.056303807749565386,up
2025-01-30,199.82626342773438,200.3535083038363,196.6428938419765,196.97118096512546,24354700,GOOGL,2.7941230377413584,1.5681881248466034,2.7557996505203333,up
2025-01-31,202.9599151611328,204.41232049224394,200.75144907949408,200.95040684244714,32001100,GOOGL,1.5681881248466034,-1.3675251844178393,1.5560191120015048,down
2025-02-03,200.18438720703125,202.6912973186069,199.06026910715457,199.6471997728737,27838300,GOOGL,-1.3675251844178393,2.5592555203469924,-1.376961942192815,up
2025-02-04,205.3076171875,205.97413392522495,201.75616026465778,202.33314830168123,43856400,GOOGL,2.5592555203469924,-7.292360334863368,2.527054819094661,down
2025-02-05,190.33584594726562,191.74846576717462,187.05298980095407,190.0772023789456,70373900,GOOGL,-7.292360334863368,0.14111120464010973,-7.571930402738343,flat
2025-02-06,190.60443115234375,191.10183309670842,187.73939109536238,188.51533691421105,29297400,GOOGL,0.14111120464010973,-3.26722626000564,0.1410117363426813,down
2025-02-07,184.376953125,190.18660431911357,182.28787402069702,190.05729013281342,49315000,GOOGL,-3.26722626000564,0.6096913035878782,-3.3217919129865248,up
2025-02-10,185.50108337402344,187.22208986080463,184.89425239135454,186.37651565839897,23105600,GOOGL,0.6096913035878782,-0.6167229264393281,0.6078402063351297,down
2025-02-11,184.3570556640625,185.96863303397024,183.32245116573748,184.06855404876913,21239500,GOOGL,-0.6167229264393281,-0.9227261922340135,-0.6186325175852737,down
2025-02-12,182.65594482421875,184.14815067534644,180.88519509524076,182.26797191010567,22072600,GOOGL,-0.9227261922340135,1.3779244712435634,-0.927009680637921,up
2025-02-13,185.1728057861328,185.3120777313061,182.18839394998832,183.36227049888035,21402500,GOOGL,1.3779244712435634,-0.48887209699488565,1.3685174083113008,flat
2025-02-14,184.26754760742188,185.43146650970297,183.36228746976212,184.09843274259524,20448400,GOOGL,-0.48887209699488565,-0.7882059840555233,-0.49007098558149664,down
2025-02-18,182.8151397705078,184.9937630121433,180.79568881581937,184.6356329562648,29916700,GOOGL,-0.7882059840555233,0.8162358766687916,-0.791328747451065,up
2025-02-19,184.30734252929688,184.49635771924724,182.63606390508187,183.11358075743158,19549400,GOOGL,0.8162358766687916,-0.38324279152357477,0.8129226883811678,flat
2025-02-20,183.6009979248047,184.34710081960932,181.77056246596453,183.839756315763,20441500,GOOGL,-0.38324279152357477,-2.654956690124022,-0.3839790484128151,down
2025-02-21,178.72647094726562,184.37694976979722,178.14948286814752,184.18793460152546,35199200,GOOGL,-2.654956690124022,-0.2281990858376548,-2.6908371646165867,flat
2025-02-24,178.31861877441406,182.16850543528213,177.9604887236702,181.04438722615922,29854200,GOOGL,-0.2281990858376548,-2.1366919815178242,-0.22845985674495908,down
2025-02-25,174.5084991455078,177.81125539535978,173.7822965453186,177.11488051844918,41913400,GOOGL,-2.1366919815178242,-1.5334554734807715,-2.159849711697694,down
2025-02-26,171.83248901367188,175.16508845335508,170.68847049649932,174.1603418876601,35431300,GOOGL,-1.5334554734807715,-2.448918917622911,-1.54533449809581,down
2025-02-27,167.62445068359375,173.65295965631302,167.06736294980485,173.0859293485287,39991000,GOOGL,-2.448918917622911,1.0563895688801006,-2.47940366392513,up
2025-02-28,169.3952178955078,169.72350502540073,165.9034614440167,167.80352548017922,48130600,GOOGL,1.0563895688801006,-1.920373715768653,1.0508487617865099,down
2025-03-03,166.14219665527344,172.46915017235435,165.06780660374991,171.0366301036563,40770500,GOOGL,-1.920373715768653,2.341174628350906,-1.9390524123198278,up
2025-03-04,170.03187561035156,172.3895559244155,164.9384846542463,165.3762007856933,45388000,GOOGL,2.341174628350906,1.228649664562509,2.314189502819324,up
2025-03-05,172.1209716796875,172.87701716435777,168.18154163334694,169.63396197807168,30954900,GOOGL,1.228649664562509,-0.387247653393763,1.2211630252384014,flat
2025-03-06,171.45443725585938,173.90164604987194,169.6140441942678,169.64388709325567,28302000,GOOGL,-0.387247653393763,0.8761317421054571,-0.38799939849014176,up
2025-03-07,172.95660400390625,174.06083692312112,169.38526170085638,170.37010783184354,27385800,GOOGL,0.8761317421054571,-4.485771535024085,0.8723159791680528,down
2025-03-10,165.1981658935547,167.77768707285077,163.02700292073365,167.57848498247546,43604000,GOOGL,-4.485771535024085,-1.10327257552284,-4.589496043713826,down
2025-03-11,163.37557983398438,166.074610170201,160.71639599552714,164.24206639490993,39587400,GOOGL,-1.10327257552284,1.871498429716234,-1.1094037649297284,up
2025-03-12,166.4331512451172,166.96100335852913,162.86764957538162,165.90529913170525,28372400,GOOGL,1.871498429716234,-2.6030764722875688,1.85420137401815,down
2025-03-13,162.10076904296875,165.45712989370372,161.4534078114044,165.36748287025196,31756200,GOOGL,-2.6030764722875688,1.67731984265731,-2.637556179622673,up
2025-03-14,164.81971740722656,165.81566708355933,161.79202188086273,162.60870791000892,31995900,GOOGL,1.67731984265731,-0.7251408931526537,1.6634081799223444,down
2025-03-17,163.62454223632812,165.6264105255193,163.00705838835037,164.36155036232188,31184300,GOOGL,-0.7251408931526537,-2.203417269575092,-0.7277828192661204,down
2025-03-18,160.0192108154297,163.58471199332098,156.08521317066442,163.01701346080097,42074800,GOOGL,-2.203417269575092,2.0041157549156807,-2.2280550964483172,up
2025-03-19,163.22618103027344,165.19815700358515,160.3478872642785,161.10480349722013,34275600,GOOGL,2.0041157549156807,-0.6650811413949742,1.9842977020507662,down
2025-03-20,162.14059448242188,164.22212545502225,160.3080509045436,160.91558075554488,28138500,GOOGL,-0.6650811413949742,0.7309680383465356,-0.6673026614373625,up
2025-03-21,163.32579040527344,163.57477782056455,160.2383403768693,160.55705156299513,36625800,GOOGL,0.7309680383465356,2.250115123537899,0.7283094149115584,up
2025-03-24,167.0008087158203,167.63823099962073,164.47110361416807,166.39329409591747,30879100,GOOGL,2.250115123537899,1.7175831108865447,2.2251734836757073,up
2025-03-25,169.8691864013672,169.93891017820465,167.63826869436164,168.2955839776117,24174400,GOOGL,1.7175831108865447,-3.2246888335616286,1.7029994068119958,down
2025-03-26,164.3914337158203,168.92300730211159,164.17232359449744,168.31547745607713,28901600,GOOGL,-3.2246888335616286,-1.708460817536861,-3.2778274169813653,down
2025-03-27,161.58287048339844,164.74998295425303,161.3438371056606,163.96318944763343,24508300,GOOGL,-1.708460817536861,-4.875501617404798,-1.723223392830635,down
2025-03-28,153.70489501953125,161.16456257842086,153.00773337780885,159.8399478606563,48669300,GOOGL,-4.875501617404798,0.2008794818411319,-4.998364306487356,flat
2025-03-31,154.01365661621094,154.91000524190235,150.04978117819655,152.489854834344,54603500,GOOGL,0.2008794818411319,1.5713970233534935,0.20067798880366527,up
2025-04-01,156.43382263183594,157.45964958057314,152.99778409802235,152.99778409802235,30672900,GOOGL,1.5713970233534935,-0.019118133188422703,1.5591784159892685,flat
2025-04-02,156.40391540527344,157.7683766642482,154.07339703462338,154.52157130636616,25041700,GOOGL,-0.019118133188422703,-4.024434134071253,-0.019119960936463672,down
2025-04-03,150.1095428466797,152.16119683607278,149.78087761580798,150.49796262916686,46883400,GOOGL,-4.024434134071253,-3.3970349818791767,-4.107654914644394,down
2025-04-04,145.01026916503906,150.45811474262314,144.79115903527634,147.41049617328275,62259500,GOOGL,-3.3970349818791767,0.7898336941343009,-3.4560751471296456,up
2025-04-07,146.15560913085938,152.23090799124293,139.96080117715204,140.9766740613606,76794100,GOOGL,0.7898336941343009,-1.3969373345635971,0.7867308353862323,down
2025-04-08,144.11390686035156,151.62337549950988,142.45067281990836,150.60750263275938,52200200,GOOGL,-1.3969373345635971,9.682117355552332,-1.4067863346318341,up
2025-04-09,158.0671844482422,158.90377855359424,143.3271257672898,143.83505464618503,70406200,GOOGL,9.682117355552332,-3.7111653908629583,9.241615392602396,down
2025-04-10,152.2010498046875,157.08119755588638,149.32274040564454,155.90596893520956,48022000,GOOGL,-3.7111653908629583,2.8268365961385378,-3.7817817736369617,up
2025-04-11,156.50352478027344,157.03137687020202,152.2010302665367,152.28069286385934,33636200,GOOGL,2.8268365961385378,1.2282122318133304,2.787618934635571,up
2025-04-14,158.42572021484375,161.06498074344722,156.92182649738766,159.35194610703772,30333000,GOOGL,1.2282122318133304,-1.7350972609141424,1.220730900839078,down
2025-04-15,155.6768798828125,159.0033479067655,154.5813444386225,158.4854650554691,27551500,GOOGL,-1.7350972609141424,-1.9064655121715957,-1.7503264918488475,down
2025-04-16,152.70895385742188,155.25858239966342,150.89631829246227,152.47988970477897,28187400,GOOGL,-1.9064655121715957,-1.415247142916809,-1.9248728950345648,down
2025-04-17,150.54774475097656,154.0534763910807,147.8985151753075,153.66505665607545,33046600,GOOGL,-1.415247142916809,-2.3088094753279775,-1.4253572674831523,down
2025-04-21,147.07188415527344,148.346698501599,145.50825109483685,148.2769899279801,26049100,GOOGL,-2.3088094753279775,2.5732937988399263,-2.3358799636601217,up
2025-04-22,150.85647583007812,151.57356070413425,147.93833581818626,148.28692423087432,26971800,GOOGL,2.5732937988399263,2.561576205200411,2.540741850783626,up
2025-04-23,154.7207794189453,156.89194229421238,153.1870084950911,154.97972084901838,31128800,GOOGL,2.561576205200411,2.529758778813851,2.5293175681621207,up
2025-04-24,158.6348419189453,158.9435838456132,155.15897254458986,155.5175149877812,45894000,GOOGL,2.529758778813851,1.682590130924555,2.4982900002306936,up
2025-04-25,161.30401611328125,165.42724716152773,160.38772903857225,164.4014202116321,56034000,GOOGL,1.682590130924555,-0.8335367157243923,1.668591392551726,down
2025-04-28,159.95948791503906,162.4891935610974,157.95763441398879,161.7721085344851,29745800,GOOGL,-0.8335367157243923,-0.28018416299369076,-0.8370300587487559,flat
2025-04-29,159.5113067626953,160.0889594093041,156.88200017636458,159.6706623611363,26809000,GOOGL,-0.28018416299369076,-0.8491607734768092,-0.2805774135419224,down
2025-04-30,158.15679931640625,158.62489684356424,154.7705615625615,157.34011335090173,34981100,GOOGL,-0.8491607734768092,1.5743132344695043,-0.852786684708199,up
2025-05-01,160.6466827392578,161.29404393761732,158.26636366652554,159.80011945187778,30203200,GOOGL,1.5743132344695043,1.692483031904679,1.562049469591641,up
2025-05-02,163.3656005859375,164.3017955779231,161.21434594864942,162.7481167388763,25715000,GOOGL,1.692483031904679,0.10975751910458076,1.6783201177431424,flat
2025-05-05,163.54490661621094,164.72011996544808,162.06093609508568,162.33980079480253,21341800,GOOGL,0.10975751910458076,-0.5968140372915709,0.10969732957724287,down
2025-05-06,162.56884765625,164.13249581033162,160.53711717512775,161.51314352018753,21277200,GOOGL,-0.5968140372915709,-7.259694660615546,-0.5986020900498837,down
2025-05-07,150.766845703125,164.33167352764482,147.24117583349363,163.41540177767422,127490100,GOOGL,-7.259694660615546,1.9157128838409143,-7.536701460638322,up
2025-05-08,153.6551055908203,155.29841637896206,152.28069025725696,154.37219053033292,57498700,GOOGL,1.9157128838409143,-0.9917039235880276,1.8975941409473989,down
2025-05-09,152.1313018798828,154.42198900650553,151.58352655875794,153.5455484927057,32435300,GOOGL,-0.9917039235880276,3.7381356232253804,-0.9966540612784606,up
2025-05-12,157.81817626953125,158.45558338936252,155.61712102310727,156.85210396646104,44138800,GOOGL,3.7381356232253804,0.6752541775067566,3.669961114484308,up
2025-05-13,158.88385009765625,159.9196462677562,155.52750456311006,158.14684186881533,42382100,GOOGL,0.6752541775067566,3.660752940760692,0.6729845479358376,up
2025-05-14,164.7001953125,166.32359816964652,158.9635305710967,159.3121190412647,48755900,GOOGL,3.660752940760692,-0.8526289926654163,3.5953390308354227,down
2025-05-15,163.29591369628906,165.53680044166376,161.71234217984835,165.1682887318073,33146700,GOOGL,-0.8526289926654163,1.3600752250026993,-0.8562846680584981,up
2025-05-16,165.51686096191406,168.66406524073284,164.94916241420358,167.05061660833445,42846900,GOOGL,1.3600752250026993,0.21061437058191856,1.3509092181212774,flat
2025-05-19,165.86546325683594,165.9650643097772,163.55486775907139,163.84368649742183,30426100,GOOGL,0.21061437058191856,-1.537171627388334,0.21039288944265916,down
2025-05-20,163.31582641601562,167.817523283891,162.24019892385144,165.75590012466307,46607700,GOOGL,-1.537171627388334,2.7930314547252255,-1.549108596244091,up
2025-05-21,167.87728881835938,172.43874053476267,162.8975400271314,163.02701835873927,73416000,GOOGL,2.7930314547252255,1.3704046334823028,2.7547377329906726,up
2025-05-22,170.17788696289062,176.05399815735478,170.0185465918855,171.15392841908286,74864400,GOOGL,1.3704046334823028,-1.4045558873313935,1.3610995047478889,down
2025-05-23,167.7876434326172,169.27161392343552,167.20999079586213,168.37525009523515,35211400,GOOGL,-1.4045558873313935,2.6295430638285433,-1.4145131200888452,up
2025-05-27,172.19969177246094,172.46860243837372,169.3114438097941,169.47079940418584,37995700,GOOGL,2.6295430638285433,-0.31231837511505045,2.5955649392530167,flat
2025-05-28,171.66188049316406,174.56009759174123,171.21370619473115,172.45864324425892,34784000,GOOGL,-0.31231837511505045,-0.2900791491011634,-0.3128071068167838,flat
2025-05-29,171.16392517089844,173.71355410724578,169.93891122977584,173.29525703459385,29317300,GOOGL,-0.2900791491011634,-0.06982902186148943,-0.2905006940716234,flat
2025-05-30,171.04440307617188,171.51250064033223,166.76181642373982,170.65598330984582,52639900,GOOGL,-0.06982902186148943,-1.5779736699886526,-0.06985341367866599,down
2025-06-02,168.34536743164062,169.18196148692468,166.7120106202351,167.16018492149544,38612300,GOOGL,-1.5779736699886526,-1.6860995359061381,-1.5905562162208164,down
2025-06-03,165.50689697265625,167.79758408844376,164.61054841286258,166.8116037120677,45084900,GOOGL,-1.6860995359061381,1.1252957131504093,-1.7004760245306079,up
2025-06-04,167.3693389892578,167.5386486033552,165.68618167672102,166.0646474005772,26900800,GOOGL,1.1252957131504093,0.0952162408784929,1.1190113620161852,flat
2025-06-05,167.52870178222656,170.23767092126516,166.9112026488037,169.65006425936653,36379100,GOOGL,0.0952162408784929,3.2518696100731104,0.09517093897009331,up
2025-06-06,172.9765167236328,173.79320267833577,170.13806952300837,170.13806952300837,35731800,GOOGL,3.2518696100731104,1.510357669583673,3.2001153292723754,up
2025-06-09,175.58908081054688,175.96800471005412,173.87397240224888,174.04348698482235,28935900,GOOGL,1.510357669583673,1.425412469152465,1.499065329316167,up
2025-06-10,178.09194946289062,180.5948038838724,174.41244383100403,175.6987675223273,61766100,GOOGL,1.425412469152465,-0.6998882913616278,1.4153489836623308,down
2025-06-11,176.8455047607422,179.8569029175766,176.24720547354727,179.2586188457646,31646800,GOOGL,-0.6998882913616278,-0.9303654342066259,-0.7023489976485725,down
2025-06-12,175.2001953125,176.2172980493167,174.25290075490625,175.6788256293735,20941900,GOOGL,-0.9303654342066259,-0.5862259970457862,-0.9347203656434072,down
2025-06-13,174.17312622070312,176.6261351195968,171.8996131999643,171.9494740114175,27663100,GOOGL,-0.5862259970457862,1.202266218469128,-0.5879510467408793,up
2025-06-16,176.26715087890625,176.43666545813562,174.15317124562452,174.23294549738824,27389200,GOOGL,1.202266218469128,-0.46388264938480583,1.1950964077677624,flat
2025-06-17,175.44947814941406,176.85547082344988,174.08338020939252,175.20018931566514,24973000,GOOGL,-0.46388264938480583,-1.4947395940097752,-0.4649619239519016,down
2025-06-18,172.82696533203125,176.057738792968,172.70729634857923,175.50930033034524,28707500,GOOGL,-1.4947395940097752,-3.8541413202514363,-1.5060234099095131,down
2025-06-20,166.1659698486328,173.8440631360939,164.98933381824614,173.45517315134433,75659900,GOOGL,-3.8541413202514363,-0.8701311211455343,-3.9303786334377393,down
2025-06-23,164.72010803222656,166.86398612208345,161.53917977382372,165.7970377232315,57671000,GOOGL,-0.8701311211455343,0.9564619938106977,-0.8739388663271664,up
2025-06-24,166.29559326171875,167.7414654003419,165.65741447979076,166.44516047022438,40524300,GOOGL,0.9564619938106977,2.3445479993848606,0.9519168547847878,up
2025-06-25,170.19447326660156,171.86970222006798,167.07338726794845,167.15316152434053,35479000,GOOGL,2.3445479993848606,1.6756433756370592,2.317485649703389,up
2025-06-26,173.04632568359375,173.19590810922037,169.45657569929264,171.93948268163984,31796700,GOOGL,1.6756433756370592,2.875423560529078,1.6617593551461949,up
2025-06-27,178.0221405029297,178.17170771682706,171.241481190895,173.046329910377,108140200,GOOGL,2.875423560529078,-1.2882987614747043,2.834859023545728,down
2025-06-30,175.7286834716797,180.7144602330707,174.08338322657394,180.26574336762212,63378900,GOOGL,-1.2882987614747043,-0.22129881722442457,-1.2966692993759406,flat
2025-07-01,175.3397979736328,175.58908681807281,173.0363714854685,175.24009156508697,35904500,GOOGL,-0.22129881722442457,1.5923496760832156,-0.22154404491439958,up
2025-07-02,178.13182067871094,178.35119606008848,174.5719841997796,175.04063318866915,29128900,GOOGL,1.5923496760832156,0.49821625696726546,1.5798047857470632,flat
2025-07-03,179.01930236816406,179.15890351135596,176.54636131074304,177.9922335542414,21689700,GOOGL,0.49821625696726546,-1.5262087472188712,0.49697926666363856,down
2025-07-07,176.28709411621094,178.78996387462078,175.18025102838192,178.5506411042797,34175600,GOOGL,-1.5262087472188712,-1.3745081320238994,-1.5379751867221443,down
2025-07-08,173.864013671875,177.44379785510552,172.3184197808512,177.3440914457585,40442500,GOOGL,-1.3745081320238994,1.2961509351299583,-1.384041957997884,up
2025-07-09,176.1175537109375,178.9295387925745,172.27851516418144,174.75145590035325,43025600,GOOGL,1.2961509351299583,0.5661910719422236,1.287822785294554,up
2025-07-10,177.11471557617188,177.92240891673904,173.8839422139032,175.1303863111691,29252400,GOOGL,0.5661910719422236,1.4469230378233222,0.5645942348896957,up
2025-07-11,179.67742919921875,180.91389212460822,175.97797606848104,176.2870917998284,34282900,GOOGL,1.4469230378233222,0.7603007641392878,1.436554998467368,up
2025-07-14,181.04351806640625,183.14751640721383,179.16886118965368,180.49507959550706,32536600,GOOGL,0.7603007641392878,0.24234572184032022,0.7574250447592439,flat
2025-07-15,181.48226928710938,183.69595532751242,181.08341324296114,182.28996266650833,33448300,GOOGL,0.24234572184032022,0.5329747321715761,0.24205253817901734,up
2025-07-16,182.44952392578125,183.80565587223137,181.5121954195811,182.71876014286474,33104200,GOOGL,0.5329747321715761,0.3333859663267047,0.5315594483554971,flat
2025-07-17,183.0577850341797,183.53641535247564,179.96659729454643,181.62187886390834,31992600,GOOGL,0.3333859663267047,0.8061849439958246,0.33283146738663594,up
2025-07-18,184.5335693359375,185.88970124039062,183.1874187229756,184.87259850820493,34014500,GOOGL,0.8061849439958246,2.7234422990290996,0.8029526338203881,up
2025-07-21,189.55923461914062,189.74868135121883,185.62045888710102,185.720180506412,45803100,GOOGL,2.7234422990290996,0.652284472759046,2.6870164870149664,up
2025-07-22,190.7957000732422,191.10481579575136,186.9267476808465,190.9552485801447,44660200,GOOGL,0.652284472759046,-0.5801269627039751,0.6501663035949317,down
2025-07-23,189.6888427734375,191.9823029377756,188.64182669674165,190.95523422678895,58681900,GOOGL,-0.5801269627039751,1.0198329269446305,-0.5818162356216232,up
2025-07-24,191.62335205078125,197.3869090653604,190.45668205461735,196.46952792005337,74881700,GOOGL,1.0198329269446305,0.5255677791484503,1.0146677189277755,up
2025-07-25,192.63046264648438,193.77720042486192,190.71592620592727,191.43387927305906,39785900,GOOGL,0.5255677791484503,-0.3105852792606001,0.5241914918051709,flat
2025-07-28,192.0321807861328,193.49800038051387,190.29712498462092,193.0991291078416,38139500,GOOGL,-0.3105852792606001,1.6460600264393666,-0.3110685963396429,up
2025-07-29,195.19314575195312,195.36266032343974,191.53358770597436,191.88258292419434,41389200,GOOGL,1.6460600264393666,0.39847788234341763,1.6326593142637382,flat
2025-07-30,195.970947265625,197.0379108346005,194.13618500265545,195.04360005779435,32445400,GOOGL,0.39847788234341763,-2.355885844845562,0.3976860620187278,down
2025-07-31,191.35409545898438,195.43247218848848,190.54640210266098,195.1532699224849,51329200,GOOGL,-2.355885844845562,-1.4434577278789718,-2.384080539082146,down
2025-08-01,188.59197998046875,190.28714088647305,187.28570901887355,188.4922583678995,34832200,GOOGL,-1.4434577278789718,3.124843238806796,-1.4539769284590338,up
2025-08-04,194.4851837158203,194.7145404143055,189.57918094353215,189.7486955367273,31547400,GOOGL,3.124843238806796,-0.18970983417964105,3.0770138557058164,flat
2025-08-05,194.11622619628906,197.2971541323202,193.33844625639603,194.1561209300893,31602300,GOOGL,-0.18970983417964105,0.7294364915233498,-0.18989001119730603,up
2025-08-06,195.5321807861328,196.07065317332066,193.11906676548202,193.94670749735778,21562900,GOOGL,0.7294364915233498,0.21930021365812458,0.7267889704085412,flat
2025-08-07,195.9609832763672,196.97807082829456,193.77721051804474,196.49944049707085,26321800,GOOGL,0.21930021365812458,2.493377651810591,0.21906010171948995,up
2025-08-08,200.84703063964844,202.03364795164893,196.60912036272285,196.65898117376335,39161800,GOOGL,2.493377651810591,-0.20852087385341278,2.4628002228148373,flat
2025-08-11,200.42822265625,200.90685295750995,198.50372015999918,200.36839577051538,25832400,GOOGL,-0.20852087385341278,1.1641715004738318,-0.20873858132390383,up
2025-08-12,202.7615509033203,203.91825467935456,200.01937388440479,200.79715378526663,30397900,GOOGL,1.1641715004738318,-0.6786557166853724,1.1574471622953615,down
2025-08-13,201.385498046875,203.94817934449617,196.94814463612107,203.5493232968563,28342900,GOOGL,-0.6786557166853724,0.48524776481284615,-0.6809690569456966,flat
2025-08-14,202.3627166748047,203.85844975532365,200.65757426824428,200.9268104830451,25230400,GOOGL,0.48524776481284615,0.47304174779103647,0.4840742326743626,flat
2025-08-15,203.31997680664062,205.85276000380134,200.7074345682602,203.2701312097242,34931400,GOOGL,0.47304174779103647,-0.19617587625099242,0.4719264212390405,flat
2025-08-18,202.92111206054688,204.68608127587706,201.91399064284568,203.61911775674488,18526600,GOOGL,-0.19617587625099242,-0.9483978735265963,-0.19636855315474802,down
2025-08-19,200.99661254882812,202.86128819689205,199.39119181596234,202.45245084896237,24240200,GOOGL,-0.9483978735265963,-1.1162409848264332,-0.9529238047808015,down
2025-08-20,198.7530059814453,200.70742189093835,196.04074228977996,200.15898342104597,28955500,GOOGL,-1.1162409848264332,0.21573874031637352,-1.12251770711445,flat
2025-08-21,199.18179321289062,201.90402322277677,198.8626961782015,199.18179321289062,19774600,GOOGL,0.21573874031637352,3.1739650232296412,0.21550635846111316,up
2025-08-22,205.50375366210938,207.9467813600623,200.72738596931413,202.15331089436756,42827000,GOOGL,3.1739650232296412,1.1645399050512317,3.124635832550969,up
2025-08-25,207.8969268798828,209.92115104730735,204.69605147341804,205.84277405344866,29928900,GOOGL,1.1645399050512317,-0.6475209459150477,1.1578113267037058,down
2025-08-26,206.55075073242188,207.258737698756,205.11484464858782,206.91969332896332,28464100,GOOGL,-0.6475209459150477,0.1641412742279913,-0.6496264567961753,flat
2025-08-27,206.88978576660156,208.31572581537765,205.0649896678173,205.11485047791405,23022900,GOOGL,0.1641412742279913,2.0050109416597905,0.16400670966899591,up
2025-08-28,211.03794860839844,211.61630051242363,206.31142697470574,206.66043741838072,32339300,GOOGL,2.0050109416597905,0.600083163522469,1.9851752968511667,up
2025-08-29,212.30435180664062,214.03939239893296,209.60205408045064,209.91116980825524,39728400,GOOGL,0.600083163522469,-0.7327015380227841,0.5982898352379417,down
2025-09-02,210.74879455566406,211.0778424398192,205.61343524607918,207.84706876322787,47523000,GOOGL,-0.7327015380227841,9.136501092955474,-0.7353989799509505,up
2025-09-03,230.0038604736328,230.65200537566233,224.15054812619755,225.5665221360729,103336100,GOOGL,9.136501092955474,0.7110011966006802,8.742921636802219,up
2025-09-04,231.63919067382812,231.70898363627637,225.46679662750995,228.996719869086,51684200,GOOGL,0.7110011966006802,1.162297721858252,0.7084855004739897,up
2025-09-05,234.33152770996094,235.08936036459093,231.2403397689098,231.5394894431058,46588900,GOOGL,1.162297721858252,-0.3194472724791231,1.1555949294927672,flat
2025-09-08,233.5829620361328,237.66498669397225,233.21368944217105,235.01017746372742,32474700,GOOGL,-0.3194472724791231,2.388481700496592,-0.3199585945051483,up
2025-09-09,239.16204833984375,240.00040430810463,232.7745373112583,233.71270408816554,38061000,GOOGL,2.388481700496592,-0.19197097001325547,2.360403689699672,flat
2025-09-10,238.7029266357422,241.18806943420256,237.38551236319012,238.43344965061024,35141100,GOOGL,-0.19197097001325547,0.5017376076595914,-0.19215547044255016,up
2025-09-11,239.9005889892578,241.77692250779666,235.78863959738683,239.41155563146188,30599300,GOOGL,0.5017376076595914,0.17890075291984164,0.5004830990028816,flat
2025-09-12,240.32977294921875,241.60727216892423,237.53523769524105,239.90060472674395,26771600,GOOGL,0.17890075291984164,4.489198014101614,0.1787409161272889,up
2025-09-15,251.11865234375,251.91709313601174,244.18222746714693,244.18222746714693,58383800,GOOGL,4.489198014101614,-0.17885059236890655,4.39135117877959,flat
2025-09-16,250.66952514648438,252.54584342751238,248.98282303107263,251.58772669443232,34109700,GOOGL,-0.17885059236890655,-0.6489882625132726,-0.17901072099667636,down
2025-09-17,249.04270935058594,251.10867430438276,245.7990560449756,250.7294115061419,34108000,GOOGL,-0.6489882625132726,1.0018832488637663,-0.6511033474058028,up
2025-09-18,251.53782653808594,253.4940056881638,249.312185617516,251.18850393768201,31239500,GOOGL,1.0018832488637663,1.0673358575602698,0.9968976707687179,up
2025-09-19,254.2225799560547,255.50007913340238,251.3182589953225,252.75544937708653,55571400,GOOGL,1.0673358575602698,-0.8597641964209091,1.0616800372023734,down
2025-09-22,252.036865234375,255.28051872493555,249.81122418035432,253.93314887572123,32290500,GOOGL,-0.8597641964209091,-0.3445136451741382,-0.8634814907680249,flat
2025-09-23,251.16856384277344,253.8632882566711,249.9908602190898,252.54585863312587,26628000,GOOGL,-0.3445136451741382,-1.796078547157165,-0.3451084599710553,down
2025-09-24,246.65737915039062,251.8572116525034,245.95874917105462,251.1685566625181,28201000,GOOGL,-1.796078547157165,-0.546256348153018,-1.8124038096646853,down
2025-09-25,245.30999755859375,246.00864273328935,240.26987173165682,243.9227126560544,31020400,GOOGL,-0.546256348153018,0.30514468325337774,-0.547753783857208,flat
2025-09-26,246.0585479736328,248.93292875938775,245.4896689933639,246.58752699597628,18503200,GOOGL,0.30514468325337774,-1.0099720985634497,0.3046800618032671,down
2025-09-29,243.57342529296875,250.6595513653868,242.2959260790964,247.36600774683615,32505800,GOOGL,-1.0099720985634497,-0.3892668642423547,-1.015106919525183,flat
2025-09-30,242.62527465820312,242.81489082935371,238.7827869377237,242.33583244883135,34724300,GOOGL,-0.3892668642423547,0.7404269877596459,-0.39002647962846426,up
2025-10-01,244.42173767089844,245.8190127995852,238.14402788220525,240.2798481454496,31658200,GOOGL,0.7404269877596459,0.32258481374851655,0.7376992833033811,flat
2025-10-02,245.210205078125,246.32801300536266,241.82682587144092,244.6712510924991,25483300,GOOGL,0.32258481374851655,-0.13837502899796128,0.32206562518754284,flat
2025-10-03,244.8708953857422,245.8190372139174,241.18809864914257,244.0125741538274,30249600,GOOGL,-0.13837502899796128,2.070506726162047,-0.13847085565151981,up
2025-10-06,249.9409637451172,250.82924041118625,244.1023965111835,244.30200291397747,28894700,GOOGL,2.070506726162047,-1.864795830997934,2.049363091153464,down
2025-10-07,245.2800750732422,249.95094390133718,245.04055349112926,247.78518329877946,23181300,GOOGL,-1.864795830997934,-0.46387251997318524,-1.882402376103207,flat
2025-10-08,244.1422882080078,245.52957313307672,243.34386267365892,244.48163581199606,21307100,GOOGL,-0.46387251997318524,-1.263178894593786,-0.4649517473332282,down
2025-10-09,241.05833435058594,244.28202248032238,238.68297718710045,243.99259549865826,27892100,GOOGL,-1.263178894593786,-2.05357020215029,-1.2712248273502764,down
2025-10-10,236.1080322265625,243.61333616794536,235.37944680935243,240.958526974338,33180300,GOOGL,-2.05357020215029,3.2041203662295015,-2.0749491492563887,up
2025-10-13,243.6732177734375,244.02254038501275,239.2419009980627,239.74092459803205,24995000,GOOGL,3.2041203662295015,0.5324631507020117,3.153859229170393,up
2025-10-14,244.97068786621094,246.63742490132327,240.04033214741565,240.75892736637323,22111600,GOOGL,0.5324631507020117,2.2733706817676502,0.5310505777361084,up
2025-10-15,250.53977966308594,251.61767243328853,245.5096286311317,246.76716258187247,27007700,GOOGL,2.2733706817676502,0.1712976285638046,2.2479146942886667,flat
2025-10-16,250.9689483642578,256.4581925767255,249.61160360230107,251.27834055068328,27997200,GOOGL,0.1712976285638046,0.7317281816854759,0.17115108150660147,up
2025-10-17,252.80535888671875,253.72356048353365,247.32607427452788,250.27031046967195,29671600,GOOGL,0.7317281816854759,1.2830631273142767,0.7290640393191596,up
2025-10-20,256.04901123046875,256.82748687148535,253.73354951664797,254.19265795496185,22350200,GOOGL,1.2830631273142767,-2.3738071519987414,1.2749016098477421,down
2025-10-21,249.9709014892578,254.38226816359625,243.6732110393333,254.24254216862593,47312100,GOOGL,-2.3738071519987414,0.4911033040772006,-2.40243592293803,flat
2025-10-22,251.19851684570312,255.8593804848901,248.8031942886971,253.873276187685,35029400,GOOGL,0.4911033040772006,0.5522596565561644,0.48990132549883547,up
2025-10-23,252.58578491210938,254.54194887812838,251.35819113136333,252.48597410141812,19901400,GOOGL,0.5522596565561644,2.7027095600908213,0.5507402942314631,up
2025-10-24,259.4124450683594,261.16898745224296,254.82142179583195,256.07894057309267,28655100,GOOGL,2.7027095600908213,3.597254584975551,2.666831385146446,up
2025-10-27,268.7441711425781,269.61249783187736,263.76392512831256,264.30287916974333,35235200,GOOGL,3.597254584975551,-0.6684828852006608,3.5340643341132636,down
2025-10-28,266.9476623535156,270.2013056862688,265.9795554362353,269.1633281612099,29738600,GOOGL,-0.6684828852006608,2.654509524665838,-0.6707272397153706,up
2025-10-29,274.0338134765625,274.80229881772505,267.14729422835535,267.22712459889897,43580300,GOOGL,2.654509524665838,2.5166768008160867,2.619888758512797,up
2025-10-30,280.93035888671875,291.02060225143094,279.51311834988803,291.02060225143094,74876000,GOOGL,2.5166768008160867,-0.10303593732721161,2.4855299851848,flat
2025-10-31,280.6408996582031,285.44150434001006,276.48901957648127,282.6569440736325,39267900,GOOGL,-0.10303593732721161,0.8997458797758817,-0.10308905583968891,up
2025-11-03,283.16595458984375,284.97241759660864,279.25359613963377,281.62895336390585,29786000,GOOGL,0.8997458797758817,-2.1782061481776416,0.8957222832878007,down
2025-11-04,276.9980163574219,280.7207127582489,275.72051721535576,276.20955057551157,30078400,GOOGL,-2.1782061481776416,2.4392863859447944,-2.2022792752013447,up
2025-11-05,283.7547912597656,285.86068664735006,276.79840119805726,278.32541216487215,31010300,GOOGL,2.4392863859447944,0.15476318382823262,2.4100109152870046,flat
2025-11-06,284.1939392089844,287.78691520805194,280.59100344938025,284.77279318145315,37173600,GOOGL,0.15476318382823262,-2.0790194478004564,0.15464354903073105,down
2025-11-07,278.2854919433594,283.225837847663,274.65261591386644,282.6569436244069,34479600,GOOGL,-2.0790194478004564,4.041887258044019,-2.1009353464985905,up
2025-11-10,289.5334777832031,290.2320924976737,282.30759586857965,283.8645774088431,29557300,GOOGL,4.041887258044019,0.4170991247052891,3.9623394162976937,flat
2025-11-11,290.7411193847656,291.34994399814246,286.75892091303916,287.18807388729897,19842100,GOOGL,0.4170991247052891,-1.5790691828124315,0.41623167754594304,down
2025-11-12,286.1501159667969,291.43978461940384,283.13602426355726,291.1104119733703,24829900,GOOGL,-1.5790691828124315,-2.8390987874346796,-1.591669299299497,down
2025-11-13,278.0260314941406,282.2876823136169,276.69861158680555,281.7886586854728,29494000,GOOGL,-2.8390987874346796,-0.7754032031895175,-2.880180634582686,down
2025-11-14,275.8702087402344,278.01600396166356,270.1713681999226,270.8799731285475,31647200,GOOGL,-0.7754032031895175,3.114943336156073,-0.7784250851426218,up
2025-11-17,284.4634094238281,293.3759943011471,283.01625922074476,285.2219350622342,52670200,GOOGL,3.114943336156073,-0.2596312508870824,3.067413474690363,flat
2025-11-18,283.724853515625,288.236015842567,277.65674001133203,287.3577599014325,49158700,GOOGL,-0.2596312508870824,3.0005606051610068,-0.25996887733506197,up
2025-11-19,292.2381896972656,303.21670857801746,286.07026549054086,286.5992292728396,68198900,GOOGL,3.0005606051610068,-1.1474968674489383,2.9564244995286053,down
2025-11-20,288.884765625,305.8216273232207,288.1062900504894,303.94529376978943,62025200,GOOGL,-1.1474968674489383,3.527380010682246,-1.154131415741622,up
2025-11-21,299.0748291015625,303.3265199413647,293.27617727722287,295.8411659039572,74137700,GOOGL,3.527380010682246,6.3138132285396775,3.46659328985,up
2025-11-24,317.9578552246094,318.85612204740676,308.9954110970811,310.52242205466104,85165100,GOOGL,6.3138132285396775,1.5255244752224506,6.122503662352257,up
2025-11-25,322.8083801269531,328.187838552192,317.0296784660599,325.5729598317621,88632100,GOOGL,1.5255244752224506,-1.0790160699995277,1.5140053542090788,down
2025-11-26,319.3252258300781,323.86632857763385,316.1713929045335,320.053780820363,51373400,GOOGL,-1.0790160699995277,0.0718774110255449,-1.0848796659713515,flat
2025-11-28,319.55474853515625,326.2117368304371,316.1713843298485,322.73852157316225,26018600,GOOGL,0.0718774110255449,-1.6521840443809,0.07185159158595525,down
2025-12-01,314.2751159667969,319.2254218425781,313.27706870792247,317.0796263275952,41183000,GOOGL,-1.6521840443809,0.2921587890349908,-1.665984825654784,flat
2025-12-02,315.19329833984375,317.75828707212025,313.2970146639371,316.1214749687581,35854700,GOOGL,0.2921587890349908,1.209584892083404,0.29173283468531025,up
2025-12-03,319.0058288574219,320.9520026070636,313.4866291038915,315.2731421058358,41838300,GOOGL,1.209584892083404,-0.6288610847050125,1.2023278752705897,down
2025-12-04,316.9997253417969,321.7304590031499,314.0854447714545,321.6007384606332,31240900,GOOGL,-0.6288610847050125,1.1491755385129698,-0.6308467450985435,up
2025-12-05,320.6426086425781,322.52893244489843,318.5467339173106,318.86608586892413,28851700,GOOGL,1.1491755385129698,-2.286172872336123,1.142622671269136,down
2025-12-08,313.3121643066406,320.02342950621124,310.8154143139121,319.63392187795114,33909400,GOOGL,-2.286172872336123,1.071015338749004,-2.3127110569809797,up
2025-12-09,316.66778564453125,317.57660631064704,311.4945269093235,311.96391713296777,30194000,GOOGL,1.071015338749004,0.9871373681283879,1.0653205944418722,up
2025-12-10,319.7937316894531,320.8923078304596,314.27092168020465,315.4194206321133,33428900,GOOGL,0.9871373681283879,-2.42964954388305,0.9822969952304814,down
2025-12-11,312.02386474609375,320.70257104825845,308.19885677560706,319.66391441105065,42353700,GOOGL,-2.42964954388305,-1.005027386453461,-2.459652503173009,down
2025-12-12,308.887939453125,314.46067218572114,305.1627773855729,313.29221022339095,35940200,GOOGL,-1.005027386453461,-0.34595184179638805,-1.0101118824282764,flat
2025-12-15,307.8193359375,311.0151883437652,304.4836813703359,310.91531224146183,29151900,GOOGL,-0.34595184179638805,-0.5353327337273561,-0.34655163891960766,down
2025-12-16,306.1714782714844,310.3660001485481,302.1966411442108,304.55358908476643,30585000,GOOGL,-0.5353327337273561,-3.21297701987725,-0.5367707739022983,down
2025-12-17,296.3342590332031,307.6894729197007,295.7350329501308,307.60959033164653,43930400,GOOGL,-3.21297701987725,1.9344857270350957,-3.265726081512035,up
2025-12-18,302.0668029785156,303.56485302569047,298.8410213827925,301.32777470817274,33518000,GOOGL,1.9344857270350957,1.5539306686872534,1.9160124141452444,up
2025-12-19,306.7607116699219,306.85059101726483,300.5787559089981,301.33777770154796,59943200,GOOGL,1.5539306686872534,0.8529800481200889,1.541980802173458,up
2025-12-22,309.3773193359375,309.7268704705607,304.90313186415943,309.4771954426739,26429900,GOOGL,0.8529800481200889,1.4752296285657662,0.8493627287605566,up
2025-12-23,313.94134521484375,314.5305745464577,308.91788552805923,309.2274800840275,25478700,GOOGL,1.4752296285657662,-0.08271420003246321,1.4644539642077772,flat
2025-12-24,313.6816711425781,314.67037436380235,311.5145092668577,314.360779810128,10097400,GOOGL,-0.08271420003246321,-0.18464359524886786,-0.08274842710196427,flat
2025-12-26,313.10247802734375,314.6804107746781,311.8740659325972,314.0712183432231,10899000,GOOGL,-0.18464359524886786,0.01594582008006551,-0.1848142716629373,flat
2025-12-29,313.15240478515625,313.6117983030154,310.2162240166622,310.9652491009125,19621800,GOOGL,0.01594582008006551,0.09248270553916527,0.015944548869310238,flat
2025-12-30,313.4420166015625,316.5379928503015,312.0538089034933,312.09376543928346,17380900,GOOGL,0.09248270553916527,-0.27083397430479605,0.09243996663374693,flat
2025-12-31,312.5931091308594,314.17104176667254,311.03513952358344,312.4433102220648,16377700,GOOGL,-0.27083397430479605,0.6868949495614229,-0.2712013930594704,up
2026-01-02,314.74029541015625,322.0807464242433,309.9265541489014,316.4880203907529,32009400,GOOGL,0.6868949495614229,0.4410665337652553,0.6845465739850215,flat
2026-01-05,316.1285095214844,318.60526603903236,314.2209888461081,317.2470486555906,30195600,GOOGL,0.4410665337652553,-0.6950159471580952,0.4400966860659075,down
2026-01-06,313.9313659667969,320.5227923064431,311.3746963103618,315.9886856047422,31212100,GOOGL,-0.6950159471580952,2.430498275331261,-0.6974424325014611,up
2026-01-07,321.56146240234375,325.72602466406613,313.78158025326775,313.9513421990662,35104400,GOOGL,2.430498275331261,1.074592343155878,2.401431699339222,up
2026-01-08,325.0169372558594,329.8905982345552,321.08205673508803,328.54234711069296,31896100,GOOGL,1.074592343155878,0.9617794295012638,1.0688596319191308,up
2026-01-09,328.14288330078125,330.3999246926398,325.37646465172014,326.6647962522232,26214200,GOOGL,0.9617794295012638,1.0013033143840833,0.9571837743600703,up
2026-01-12,331.4285888671875,333.6057781716088,324.5775210522192,325.37646891287716,33923900,GOOGL,1.0013033143840833,1.2384703412038789,0.996323487272357,up
2026-01-13,335.5332336425781,340.04734658205444,333.18628259299794,334.5145706345901,33517600,GOOGL,1.2384703412038789,-0.038691182966998916,1.2308640341220087,flat
2026-01-14,335.4034118652344,336.08252056576845,330.05039437456895,334.62442706687915,28525600,GOOGL,-0.038691182966998916,-0.9111415232374798,-0.038698669936456154,down
2026-01-15,332.347412109375,337.25103316994193,330.3100554080323,337.2110766328429,28442400,GOOGL,-0.9111415232374798,-0.8353901983038203,-0.9153178048605836,down
2026-01-16,329.5710144042969,334.2149635116852,327.27401649506595,333.97528525413946,40341600,GOOGL,-0.8353901983038203,-2.424240347805051,-0.838899138112511,down
2026-01-20,321.5814208984375,327.30398324237245,320.01345448184367,320.4528849486331,35361000,GOOGL,-2.424240347805051,1.9813657405210794,-2.454108763585905,up
2026-01-21,327.953125,332.0478012719212,318.9348648307384,320.50283121296127,35386600,GOOGL,1.9813657405210794,0.6577664193148758,1.961992178812403,up
2026-01-22,330.11029052734375,334.7142826747097,328.3226090802118,334.0152109953496,26253600,GOOGL,0.6577664193148758,-0.7896142517177074,0.6556125756840723,down
2026-01-23,327.5036926269531,333.2562145369407,327.0243361197249,332.05776231305794,27280000,GOOGL,-0.7896142517177074,1.6253525439399175,-0.7927482134239525,up
2026-01-26,332.8267822265625,335.4034148973675,326.5749102768944,327.3838548641184,26042100,GOOGL,1.6253525439399175,0.38707809267282123,1.6122850940925555,flat
2026-01-27,334.1150817871094,337.4707297257924,333.04649592160257,334.93402312381306,21636200,GOOGL,0.38707809267282123,0.436406329650052,0.3863308730187143,flat
2026-01-28,335.57318115234375,337.10119086219134,331.5084650266126,335.6231039588608,27434400,GOOGL,0.436406329650052,0.6666568449686716,0.4354568386508538,up
2026-01-29,337.810302734375,341.8450595994438,326.11553330804276,339.857625711299,39785600,GOOGL,0.6666568449686716,-0.07391569238641704,0.6644445152127445,flat
2026-01-30,337.56060791015625,339.5580079569619,331.8580393103398,339.5580079569619,31024000,GOOGL,-0.07391569238641704,1.6834270755414549,-0.0739430235031412,up
2026-02-02,343.2431945800781,344.38169669555197,335.193675272949,335.7829045969607,32006100,GOOGL,1.6834270755414549,-1.1580194628212914,1.6694144844609853,down
2026-02-03,339.26837158203125,348.5463032010534,337.0312933144156,346.8884575284791,36506700,GOOGL,-1.1580194628212914,-1.9634265844849064,-1.1647767258048705,down
2026-02-04,332.6070861816406,342.8637251238478,328.0929422734009,342.51417399710857,70618400,GOOGL,-1.9634265844849064,-0.5374777878328518,-1.9829578821114844,down
2026-02-05,330.81939697265625,332.2575275064077,306.06161379445837,311.81413592946416,88205800,GOOGL,-0.5374777878328518,-2.5328381436290015,-0.5389273962435709,down
2026-02-06,322.4402770996094,329.95052083207565,319.50412705068965,326.75466854448496,56380500,GOOGL,-2.5328381436290015,0.4522170418437055,-2.5654666187762256,flat
2026-02-09,323.8984069824219,327.2740180221729,316.84758707958963,320.5127991892576,39640100,GOOGL,0.4522170418437055,-1.7698680633528863,0.45119761277827747,down
2026-02-10,318.16583251953125,321.25184233940706,314.2009923012897,320.5527401483992,39170000,GOOGL,-1.7698680633528863,-2.3918682158958204,-1.7857175162165135,down
2026-02-11,310.55572509765625,320.6426005966259,309.25742736560915,318.5553213774315,45406400,GOOGL,-2.3918682158958204,-0.6302886415383235,-2.4209378579667558,down
2026-02-12,308.59832763671875,315.82890653132813,306.80067966689137,311.684307255737,47761300,GOOGL,-0.6302886415383235,-1.0614953298754504,-0.632283346412636,down
2026-02-13,305.32257080078125,308.2287915112591,303.31517401115394,307.32996759040856,38499700,GOOGL,-1.0614953298754504,-1.210267861158787,-1.0671693804613325,down
2026-02-17,301.6273498535156,304.0442171582303,295.86486207725466,299.6499434457439,39247600,GOOGL,-1.210267861158787,0.4337534684544453,-1.2176512355151718,flat
2026-02-18,302.9356689453125,304.983022308801,300.8583862777236,301.6972906518214,28482100,GOOGL,0.4337534684544453,-0.15824155632001569,0.43281546952123556,flat
2026-02-19,302.456298828125,305.0728879320441,299.64995428739604,301.42763905495286,25834400,GOOGL,-0.15824155632001569,4.005291957693391,-0.15836689050871283,up
2026-02-20,314.570556640625,316.0885697634931,303.5049428811186,303.9244103176242,53210800,GOOGL,4.005291957693391,-1.1080198311034462,3.9271596067314167,down
2026-02-23,311.0850524902344,319.1046122516075,309.4671633706354,318.6352220336332,31423000,GOOGL,-1.1080198311034462,-0.18940250460213193,-1.1142040951804093,flat
2026-02-24,310.495849609375,311.8640638461802,305.53230897934316,310.11633870149166,25615600,GOOGL,-0.18940250460213193,0.643295557210255,-0.1895820979512424,up
2026-02-25,312.4932556152344,313.23231441520727,309.03776179839537,311.65435118745364,29963600,GOOGL,0.643295557210255,-1.7641494020525283,0.6412352425617708,down
2026-02-26,306.98040771484375,312.73292940852764,301.95694798569707,312.2335794136705,36431200,GOOGL,-1.7641494020525283,1.4249536789151085,-1.7798959880026242,up
2026-02-27,311.354736328125,311.9639287272481,303.4050620118916,303.7446468483449,44640600,GOOGL,1.4249536789151085,-1.6807887343381123,1.4148966401481737,down
2026-03-02,306.12152099609375,308.0889612664211,300.908305641281,302.83581985466094,34790200,GOOGL,-1.6807887343381123,-0.9591575706884403,-1.6950742877400962,down
2026-03-03,303.1853332519531,303.5448811012492,296.3242691134317,298.2018299939976,35497000,GOOGL,-0.9591575706884403,-0.14821671387289514,-0.9637871137742905,flat
2026-03-04,302.7359619140625,305.07291645770977,300.3590508331652,302.49628364637806,29536200,GOOGL,-0.14821671387289514,-0.7422541736676336,-0.148326663500164,down
2026-03-05,300.4888916015625,302.90572878105803,297.60263367704704,302.6460874794852,35752300,GOOGL,-0.7422541736676336,-0.7843764535739872,-0.7450225875783579,down
2026-03-06,298.1319274902344,300.1393243405422,294.7962729857715,295.7050936872067,25576900,GOOGL,-0.7843764535739872,2.6985254760708344,-0.7874688670685488,up
2026-03-09,306.1770935058594,306.6168332730834,293.9044256827884,294.1842573074437,29312100,GOOGL,2.6985254760708344,0.22197168869222406,2.6627573258840185,flat
2026-03-10,306.8567199707031,309.3252467158022,305.3875962722132,305.98724420005084,23239700,GOOGL,0.22197168869222406,0.5406520345286214,0.2217256954955653,up
2026-03-11,308.5157470703125,311.23412470378855,305.7374076911934,306.56689883882945,24125700,GOOGL,0.5406520345286214,-1.6683014417014475,0.5391957579841923,down
2026-03-12,303.3687744140625,308.7555713296518,300.8502897843219,306.636841807898,24928300,GOOGL,-1.6683014417014475,-0.41837729564295767,-1.6823743285437442,flat
2026-03-13,302.09954833984375,307.50632242162294,300.26065041451466,306.8267356773544,23693100,GOOGL,-0.41837729564295767,1.0850879030806393,-0.41925494222188997,up
2026-03-16,305.3775939941406,306.3070315122431,302.8391017033621,304.16832484157635,23519700,GOOGL,1.0850879030806393,1.754159974009184,1.0792430673513667,up
2026-03-17,310.7344055175781,311.2341070358109,305.3176276402165,305.67739809365116,21955200,GOOGL,1.754159974009184,-1.0388577259506704,1.7389521764320726,down
2026-03-18,307.5063171386719,312.28346234614037,306.74676108497374,309.0853604878573,20009800,GOOGL,-1.0388577259506704,-0.18200011968599883,-1.0442915185014243,flat
2026-03-19,306.9466552734375,307.8760927647981,302.16951004441273,303.8285227221892,25075800,GOOGL,-0.18200011968599883,-1.995898201913937,-0.18216594113119108,down
2026-03-20,300.8203125,305.8173276578073,298.0919312440676,305.2776414809433,44364100,GOOGL,-1.995898201913937,0.3521661147902977,-2.016085311090813,flat
2026-03-23,301.87969970703125,305.7973733016039,300.75036931754545,301.92965766257777,29326900,GOOGL,0.3521661147902977,-3.8469190337155457,0.3515474619599001,down
2026-03-24,290.2666320800781,299.7409842283802,290.15668188195673,299.02141279307426,36864300,GOOGL,-3.8469190337155457,0.16870180877650576,-3.922867113558763,flat
2026-03-25,290.7563171386719,295.82329783701033,289.0673235725591,293.2648285118823,29460700,GOOGL,0.16870180877650576,-3.4406811522389447,0.1685596671163304,down
2026-03-26,280.7523193359375,287.7781215852462,278.33375052565475,287.7381369232671,39080600,GOOGL,-3.4406811522389447,-2.342306677223538,-3.501266341009786,down
2026-03-27,274.1762390136719,279.203235317384,273.7864876697142,277.1144865271076,35890600,GOOGL,-2.342306677223538,-0.3061928559749294,-2.3701747101302657,flat
2026-03-30,273.33673095703125,276.9245842043685,271.9475460941929,276.2550012483934,35141200,GOOGL,-0.3061928559749294,5.140767278298308,-0.3066625853971971,up
2026-03-31,287.3883361816406,287.9080147834651,276.9245851168754,277.87403020607053,43875400,GOOGL,5.140767278298308,3.418426038221156,5.012990705870468,up
2026-04-01,297.2124938964844,300.34059988895723,290.23664948178913,290.6663854824321,37684500,GOOGL,3.418426038221156,-0.5447446206045203,3.361296174041603,down
2026-04-02,295.59344482421875,297.90206355243157,289.2772403921399,290.5164904801884,21666500,GOOGL,-0.5447446206045203,1.4267800370968198,-0.54623376459625,up
2026-04-06,299.8109130859375,300.4405418912755,295.0037868253031,295.69337737406744,16945500,GOOGL,1.4267800370968198,1.8233945467744705,1.416697322990074,up
2026-04-07,305.27764892578125,305.4475608650088,297.5422790326475,302.54929810267237,23205400,GOOGL,1.8233945467744705,3.882673963431005,1.806970063372021,up
2026-04-08,317.1305847167969,321.88772251879675,314.8319393907938,320.25872115869026,33547100,GOOGL,3.882673963431005,0.3687064768298942,3.8091941363026396,flat
2026-04-09,318.29986572265625,319.3492572184689,310.8743084256086,315.72141928886384,23739200,GOOGL,0.3687064768298942,-0.39247175229265574,0.36802842067981195,flat
2026-04-10,317.0506286621094,321.6378852163977,316.1311948927162,319.8289680511782,19152600,GOOGL,-0.39247175229265574,1.2829389221314713,-0.3932439437588319,up
2026-04-13,321.1181945800781,321.43801087893695,315.28168437302884,316.9507009019676,18866400,GOOGL,1.2829389221314713,3.610221659486279,1.2747789780323844,up
2026-04-14,332.7112731933594,333.09105123243734,323.5567375910905,324.59612530340485,27721400,GOOGL,3.610221659486279,1.2646066883422513,3.5465803637109183,up
2026-04-15,336.91876220703125,337.278563176308,330.70247381548376,332.69130668872015,24918800,GOOGL,1.2646066883422513,-0.32629979618038485,1.25667731821318,flat
2026-04-16,335.81939697265625,339.67710854893676,334.3202924195682,338.5477782390461,20541500,GOOGL,-0.32629979618038485,1.684431209009718,-0.3268333148616994,up
2026-04-17,341.4760437011719,342.1156763245155,336.0392884001999,337.4484504303517,25581900,GOOGL,1.684431209009718,-1.2467774438631563,1.6704019890516726,down
2026-04-20,337.2185974121094,341.1962021124509,336.40905286572576,340.55660000710446,18784200,GOOGL,-1.2467774438631563,-1.5203648803314485,-1.2546149259453765,down
2026-04-21,332.0916442871094,339.13742351057505,331.1522029907326,337.48841459650436,23123800,GOOGL,-1.5203648803314485,2.115626211004451,-1.5320409239913333,up
2026-04-22,339.1174621582031,339.6171637007564,334.96994545488326,336.818816762841,20293000,GOOGL,2.115626211004451,-0.12672556948888358,2.0935575571808553,flat
2026-04-23,338.6877136230469,341.7558578013153,335.97930940305434,340.9763246437424,18650300,GOOGL,-0.12672556948888358,1.6258881347370746,-0.1268059342409964,up
2026-04-24,344.19439697265625,345.06387272769797,335.1897964239415,338.5277988797623,26426100,GOOGL,1.6258881347370746,1.7247411505119103,1.6128121174901693,up
2026-04-27,350.130859375,352.9691603649003,342.5254168368208,345.77347673538645,28576900,GOOGL,1.7247411505119103,-0.15984362710370625,1.7100363295902885,flat
2026-04-28,349.5711975097656,352.20963620070955,345.91337868788094,348.34192077884484,27824100,GOOGL,-0.15984362710370625,0.045745218860759884,-0.15997151332615384,flat
2026-04-29,349.7311096191406,355.5776236260777,344.0045190996302,347.36252924438134,35376300,GOOGL,0.045745218860759884,9.961702406520633,0.045734758925342116,up
2026-04-30,384.5702819824219,385.6096696957082,365.60163158627074,373.8467067603946,72040000,GOOGL,9.961702406520633,0.23129604425597972,9.496195924186008,flat
2026-05-01,385.45977783203125,386.52914645154755,378.82372671588394,381.4022037517389,30105200,GOOGL,0.23129604425597972,-0.6326388005902461,0.23102896670280068,down
2026-05-04,383.0212097167969,387.14874909409923,379.56328378663693,385.39979379858875,26298600,GOOGL,-0.6326388005902461,1.351598885142269,-0.6346484401737387,up
2026-05-05,388.1981201171875,392.58551415458055,383.79074899852696,385.99945170269467,23878600,GOOGL,1.351598885142269,2.4740662220501752,1.3425462662561916,up
2026-05-06,397.8023986816406,399.61131576273664,392.52555179602564,394.0146525811788,31308500,GOOGL,2.4740662220501752,-0.012565985809642743,2.4439568109513985,flat
2026-05-07,397.7524108886719,399.8611671879692,392.4455831227277,399.6812819584635,24433500,GOOGL,-0.012565985809642743,0.7060470320022549,-0.012566775395786467,up
2026-05-08,400.56072998046875,401.76002583943523,396.1233780013978,396.7630105926761,21461800,GOOGL,0.7060470320022549,-3.033924459227455,0.7035661903728889,down
2026-05-11,388.40802001953125,397.2027547509894,388.23810807955056,393.41500861238904,30753700,GOOGL,-3.033924459227455,-0.33193073752800784,-3.080900534991551,flat
2026-05-12,387.1187744140625,388.28805889354703,382.541491402114,387.10877062384725,26017500,GOOGL,-0.33193073752800784,3.9421737678543955,-0.33248284969245434,up
2026-05-13,402.3796691894531,403.4590416115898,384.77019153718186,385.3698394939953,28144600,GOOGL,3.9421737678543955,-0.38497776707889786,3.866453705308542,flat
2026-05-14,400.8305969238281,402.6894719958145,395.6037078837972,397.04285074569174,21136700,GOOGL,-0.38497776707889786,-1.0696401675080014,-0.38572071388428897,down
2026-05-15,396.54315185546875,399.30151410906007,392.9452946767326,396.0834349796574,20309700,GOOGL,-1.0696401675080014,0.04032653410523945,-1.075401941615029,flat
2026-05-18,396.70306396484375,408.36608091552193,394.29449886421145,395.4538101055549,26837200,GOOGL,0.04032653410523945,-2.3378884460741545,0.040318405143820256,down
2026-05-19,387.4285888671875,396.91291402359946,385.8794958446922,396.72302500471704,39545700,GOOGL,-2.3378884460741545,0.322451056536055,-2.365650610638229,flat
2026-05-20,388.6778564453125,393.62488340369265,382.6714341601505,387.4685872554011,31744400,GOOGL,0.322451056536055,-0.32141465159613025,0.3219322979792405,flat
2026-05-21,387.4285888671875,392.2656959548347,382.7913440893277,385.46976743485186,24852800,GOOGL,-0.32141465159613025,-1.2098216184623256,-0.32193229797924916,down
2026-05-22,382.74139404296875,388.5079387636157,381.54209816202837,387.1187843592316,20442100,GOOGL,-1.2098216184623256,1.5431995898472772,-1.2171995269428917,up
2026-05-26,388.6478576660156,389.0276356997364,382.3716078175452,384.2804712769477,27747400,GOOGL,1.5431995898472772,-0.012861975688982508,1.53141336694057,flat
2026-05-27,388.5978698730469,393.64487351491664,385.66962629134815,386.4391861502527,23087300,GOOGL,-0.012861975688982508,0.33434443979794004,-0.01286280291200787,flat
2026-05-28,389.8971252441406,391.6360768291116,384.9300907577927,387.76839182151133,24357500,GOOGL,0.33434443979794004,-2.509425962392897,0.33378675149664483,down
2026-05-29,380.1129455566406,385.0100143138995,378.2340629764561,385.0100143138995,44415800,GOOGL,-2.509425962392897,-1.0438005061361832,-2.541448919513057,down
2026-06-01,376.14532470703125,378.3340198477676,373.2970198869562,376.2952290661171,28672100,GOOGL,-1.0438005061361832,-3.857903067859958,-1.04928631091566,down
2026-06-02,361.6340026855469,373.31702687507857,358.2260345973877,366.371163421305,50412300,GOOGL,-3.857903067859958,-0.7903866515702074,-3.934291252506397,down
2026-06-03,358.77569580078125,366.2312646097652,357.8662353535933,361.81388965190393,55441600,GOOGL,-0.7903866515702074,3.676987830078726,-0.7935267638281661,up
2026-06-04,371.96783447265625,373.0271992966173,357.99616844622375,358.68575901079333,44055500,GOOGL,3.676987830078726,-0.9833745219524848,3.6109993629012163,down
2026-06-05,368.30999755859375,371.8578661166277,363.90262653478294,366.1213024821565,37471200,GOOGL,-0.9833745219524848,-1.3575520711203493,-0.9882415831165496,down
2026-06-08,363.30999755859375,366.20001220703125,360.5299987792969,365.17999267578125,27942500,GOOGL,-1.3575520711203493,0.2614880442088685,-1.3668510642695169,flat
2026-06-09,364.260009765625,372.0799865722656,357.29998779296875,367.0899963378906,29535100,GOOGL,0.2614880442088685,-2.1632912402002935,0.26114675903969464,down
2024-06-11,187.22999572753906,187.77000427246094,184.5399932861328,187.05999755859375,27265100,AMZN,,-0.18159287809064173,,flat
2024-06-12,186.88999938964844,188.35000610351562,185.42999267578125,188.02000427246094,33984200,AMZN,-0.18159287809064173,-1.6373254687715777,-0.1817579578364876,down
2024-06-13,183.8300018310547,187.6699981689453,182.6699981689453,186.08999633789062,39721500,AMZN,-1.6373254687715777,-0.09247574783878276,-1.6508777761010902,flat
2024-06-14,183.66000366210938,183.72000122070312,182.22999572753906,183.0800018310547,25456400,AMZN,-0.09247574783878276,0.2177904217078641,-0.0925185330377967,flat
2024-06-17,184.05999755859375,185.0,181.22000122070312,182.52000427246094,35601900,AMZN,0.2177904217078641,-0.6791263808433312,0.2175536021534634,down
2024-06-18,182.80999755859375,184.2899932861328,181.42999267578125,183.74000549316406,36659200,AMZN,-0.6791263808433312,1.7996874289478493,-0.6814429382413544,up
2024-06-20,186.10000610351562,186.50999450683594,182.72000122070312,182.91000366210938,44726800,AMZN,1.7996874289478493,1.6012872809265222,1.7836847681061676,up
2024-06-21,189.0800018310547,189.27999877929688,185.86000061035156,187.8000030517578,70792500,AMZN,1.6012872809265222,-1.8563541743415901,1.5886019163884733,down
2024-06-24,185.57000732421875,191.0,185.3300018310547,189.3300018310547,50610400,AMZN,-1.8563541743415901,0.4149318226444709,-1.8738006784044703,flat
2024-06-25,186.33999633789062,188.83999633789062,185.4199981689453,186.80999755859375,45366400,AMZN,0.4149318226444709,3.901472799901873,0.4140733544431204,up
2024-06-26,193.61000061035156,194.8000030517578,186.25999450683594,186.9199981689453,65103900,AMZN,3.901472799901873,2.18997235669518,3.827288718411035,up
2024-06-27,197.85000610351562,199.83999633789062,194.1999969482422,195.00999450683594,74397500,AMZN,2.18997235669518,-2.3249966952787915,2.166336912708652,down
2024-06-28,193.25,198.85000610351562,192.5,197.72999572753906,76930200,AMZN,-2.3249966952787915,2.043982896891161,-2.352451121310858,up
2024-07-01,197.1999969482422,198.3000030517578,192.82000732421875,193.49000549316406,41192000,AMZN,2.043982896891161,1.4198798656638534,2.0233739225558187,up
2024-07-02,200.0,200.42999267578125,195.92999267578125,197.27999877929688,45600000,AMZN,1.4198798656638534,-1.2050018310546862,1.409893985494711,down
2024-07-03,197.58999633789062,200.02999877929688,196.75999450683594,199.94000244140625,31597900,AMZN,-1.2050018310546862,1.2196992290986808,-1.2123208336190894,up
2024-07-05,200.0,200.5500030517578,198.1699981689453,198.64999389648438,39858900,AMZN,1.2196992290986808,-0.355003356933592,1.2123208336190852,flat
2024-07-08,199.2899932861328,201.1999969482422,197.9600067138672,200.0399932861328,34767300,AMZN,-0.355003356933592,0.02509059834530092,-0.35563498917093783,flat
2024-07-09,199.33999633789062,200.57000732421875,199.0500030517578,199.39999389648438,32700100,AMZN,0.02509059834530092,0.2257434315787954,0.02508745118109151,flat
2024-07-10,199.7899932861328,200.11000061035156,197.69000244140625,200.0,32883800,AMZN,0.2257434315787954,-2.3724863074531144,0.22548901390979956,down
2024-07-11,195.0500030517578,200.27000427246094,192.86000061035156,200.08999633789062,44565000,AMZN,-2.3724863074531144,-0.28710461411536325,-2.4010829708542523,flat
2024-07-12,194.49000549316406,196.47000122070312,193.8300018310547,194.8000030517578,30598500,AMZN,-0.28710461411536325,-0.9100746683474936,-0.28751754997392004,down
2024-07-15,192.72000122070312,196.19000244140625,190.8300018310547,194.55999755859375,40683200,AMZN,-0.9100746683474936,0.15566783408964557,-0.9142411458262565,flat
2024-07-16,193.02000427246094,196.6199951171875,192.24000549316406,195.58999633789062,33994700,AMZN,0.15566783408964557,-2.637038381521739,0.15554679731073517,down
2024-07-17,187.92999267578125,191.5800018310547,185.99000549316406,191.35000610351562,48076100,AMZN,-2.637038381521739,-2.224228616340451,-2.6724318518412247,down
2024-07-18,183.75,189.67999267578125,181.4499969482422,189.58999633789062,51043600,AMZN,-2.224228616340451,-0.33741230867346816,-2.2493376002440963,flat
2024-07-19,183.1300048828125,184.92999267578125,180.11000061035156,181.13999938964844,43081800,AMZN,-0.33741230867346816,-0.3167158934036185,-0.33798282769946275,flat
2024-07-22,182.5500030517578,185.05999755859375,182.47999572753906,185.0,39931900,AMZN,-0.3167158934036185,2.1144894800451786,-0.3172184996925187,up
2024-07-23,186.41000366210938,189.38999938964844,183.55999755859375,184.10000610351562,47537700,AMZN,2.1144894800451786,-2.9934025650088625,2.092444370758336,down
2024-07-24,180.8300018310547,185.4499969482422,180.41000366210938,183.1999969482422,41532400,AMZN,-2.9934025650088625,-0.5419431054668911,-3.039119500388669,down
2024-07-25,179.85000610351562,183.89999389648438,176.8000030517578,182.91000366210938,44464200,AMZN,-0.5419431054668911,1.4734466536293178,-0.5434169444389781,up
2024-07-26,182.5,183.19000244140625,180.24000549316406,180.38999938964844,29506000,AMZN,1.4734466536293178,0.3835599716395466,1.4626968944213103,flat
2024-07-29,183.1999969482422,184.75,182.3800048828125,183.83999633789062,33270100,AMZN,0.3835599716395466,-0.8133134602594794,0.38282625594168157,down
2024-07-30,181.7100067138672,185.86000061035156,179.3800048828125,184.72000122070312,39508600,AMZN,-0.8133134602594794,2.9002194810164417,-0.8166388972744573,up
2024-07-31,186.97999572753906,187.94000244140625,184.4600067138672,185.0500030517578,41667300,AMZN,2.9002194810164417,-1.5563100170141508,2.858958980412218,down
2024-08-01,184.07000732421875,190.60000610351562,181.8699951171875,189.2899932861328,70435600,AMZN,-1.5563100170141508,-8.78470841762542,-1.5685476578311948,down
2024-08-02,167.89999389648438,168.77000427246094,160.5500030517578,166.75,141448400,AMZN,-8.78470841762542,-4.097671157906757,-9.194763210362273,down
2024-08-05,161.02000427246094,162.9600067138672,151.61000061035156,154.2100067138672,83149400,AMZN,-4.097671157906757,0.5651399696776416,-4.183992032584356,up
2024-08-06,161.92999267578125,165.0800018310547,158.5399932861328,161.7100067138672,59950800,AMZN,0.5651399696776416,0.5187498515865308,0.5635490449044775,up
2024-08-07,162.77000427246094,167.5800018310547,161.42999267578125,166.5500030517578,48408200,AMZN,0.5187498515865308,1.8615215947435537,0.5174089797253657,up
2024-08-08,165.8000030517578,166.69000244140625,162.5500030517578,165.1699981689453,44616200,AMZN,1.8615215947435537,0.687575011257735,1.8444073455592802,up
2024-08-09,166.94000244140625,168.5500030517578,165.85000610351562,166.39999389648438,36401000,AMZN,0.687575011257735,-0.0838620987187122,0.6852219939590103,flat
2024-08-12,166.8000030517578,168.5500030517578,166.11000061035156,168.13999938964844,30072800,AMZN,-0.0838620987187122,2.0563504874259175,-0.0838972826487498,up
2024-08-13,170.22999572753906,171.0399932861328,167.10000610351562,167.80999755859375,39237900,AMZN,2.0563504874259175,-0.07636117446156998,2.035493050775571,flat
2024-08-14,170.10000610351562,172.27999877929688,168.86000061035156,172.11000061035156,28843800,AMZN,-0.07636117446156998,4.403286281963403,-0.07639034445704182,up
2024-08-15,177.58999633789062,177.91000366210938,173.99000549316406,174.86000061035156,51698500,AMZN,4.403286281963403,-0.2984395462729106,4.309096676161586,flat
2024-08-16,177.05999755859375,178.33999633789062,176.25999450683594,177.0399932861328,31489200,AMZN,-0.2984395462729106,0.6551472258579993,-0.29888576510359083,up
2024-08-19,178.22000122070312,178.3000030517578,176.16000366210938,177.63999938964844,31129800,AMZN,0.6551472258579993,0.3703308593809629,0.6530104639669463,flat
2024-08-20,178.8800048828125,179.00999450683594,177.42999267578125,177.9199981689453,26255200,AMZN,0.3703308593809629,0.6876093995775934,0.3696468229324675,up
2024-08-21,180.11000061035156,182.38999938964844,178.88999938964844,179.9199981689453,35599100,AMZN,0.6876093995775934,-2.2097583221652117,0.6852561474421804,down
2024-08-22,176.1300048828125,181.47000122070312,175.67999267578125,181.3800048828125,32047500,AMZN,-2.2097583221652117,0.5166572293719973,-2.234539227075752,up
2024-08-23,177.0399932861328,178.97000122070312,175.24000549316406,177.33999633789062,29150100,AMZN,0.5166572293719973,-0.869856159361615,0.5153271352930898,down
2024-08-26,175.5,177.47000122070312,174.3000030517578,176.6999969482422,22366200,AMZN,-0.869856159361615,-1.3561281383547064,-0.8736614913990125,down
2024-08-27,173.1199951171875,174.88999938964844,172.25,174.14999389648438,29842000,AMZN,-1.3561281383547064,-1.3401063602498708,-1.365407545258995,down
2024-08-28,170.8000030517578,173.69000244140625,168.9199981689453,173.69000244140625,29045000,AMZN,-1.3401063602498708,0.7728290643119529,-1.3491668231426823,up
2024-08-29,172.1199951171875,174.2899932861328,170.80999755859375,173.22000122070312,26407800,AMZN,0.7728290643119529,3.7067191865004956,0.7698580379841968,up
2024-08-30,178.5,178.89999389648438,172.60000610351562,172.77999877929688,43429400,AMZN,3.7067191865004956,-1.2605042016806678,3.6396721617948,down
2024-09-03,176.25,178.25999450683594,175.25999450683594,177.5500030517578,37817500,AMZN,-1.2605042016806678,-1.6567365497562103,-1.2685159527315688,down
2024-09-04,173.3300018310547,175.97999572753906,172.5399932861328,174.47999572753906,30309200,AMZN,-1.6567365497562103,2.6308183871355473,-1.6706139175178973,up
2024-09-05,177.88999938964844,179.8800048828125,175.0,175.0,40170500,AMZN,2.6308183871355473,-3.6539434607352317,2.596807578891771,down
2024-09-06,171.38999938964844,178.3800048828125,171.16000366210938,177.24000549316406,41466500,AMZN,-3.6539434607352317,2.3396899008788496,-3.722372046282126,up
2024-09-09,175.39999389648438,175.85000610351562,173.50999450683594,174.52999877929688,29037400,AMZN,2.3396899008788496,2.3660258265018275,2.312738729709197,up
2024-09-10,179.5500030517578,180.5,176.7899932861328,177.49000549316406,36233800,AMZN,2.3660258265018275,2.768031821904482,2.338469252840609,up
2024-09-11,184.52000427246094,184.99000549316406,175.72999572753906,180.10000610351562,42564700,AMZN,2.768031821904482,1.3440254011034547,2.730414417528586,up
2024-09-12,187.0,187.41000366210938,183.5399932861328,184.8000030517578,33544200,AMZN,1.3440254011034547,-0.27272433520638684,1.3350735010507195,flat
2024-09-13,186.49000549316406,188.5,185.91000366210938,187.0,26495400,AMZN,-0.27272433520638684,-0.8579580976924128,-0.2730969055689944,down
2024-09-16,184.88999938964844,185.80999755859375,183.36000061035156,185.2899932861328,26065500,AMZN,-0.8579580976924128,1.0763186217390919,-0.8616597457795744,up
2024-09-17,186.8800048828125,189.4499969482422,186.13999938964844,186.85000610351562,26091700,AMZN,1.0763186217390919,-0.24080275860086653,1.0705675426824472,flat
2024-09-18,186.42999267578125,188.8000030517578,185.05999755859375,186.4499969482422,34448100,AMZN,-0.24080275860086653,1.845197970580159,-0.2410931547252041,up
2024-09-19,189.8699951171875,190.99000549316406,188.47000122070312,190.0399932861328,39543200,AMZN,1.845197970580159,0.9111555436973395,1.8283807518041346,up
2024-09-20,191.60000610351562,191.83999633789062,187.41000366210938,190.22999572753906,100378600,AMZN,0.9111555436973395,1.1899784481557152,0.9070295653554553,up
2024-09-23,193.8800048828125,194.4499969482422,190.57000732421875,191.63999938964844,36993100,AMZN,1.1899784481557152,0.04126358007008335,1.1829538769620485,flat
2024-09-24,193.9600067138672,195.3699951171875,190.1300048828125,194.27000427246094,43478900,AMZN,0.04126358007008335,-0.7372694808574054,0.041255068996117736,down
2024-09-25,192.52999877929688,193.9499969482422,192.16000366210938,193.75,26391100,AMZN,-0.7372694808574054,-0.7115748848874004,-0.7400007450933529,down
2024-09-26,191.16000366210938,194.52999877929688,189.5399932861328,194.30999755859375,36334900,AMZN,-0.7115748848874004,-1.6687603998192135,-0.7141186533660476,down
2024-09-27,187.97000122070312,190.89999389648438,187.33999633789062,190.67999267578125,36002300,AMZN,-1.6687603998192135,-0.8724793206352333,-1.68284107446147,down
2024-09-30,186.3300018310547,188.49000549316406,184.64999389648438,187.13999938964844,41583900,AMZN,-0.8724793206352333,-0.6440170323887107,-0.8763077056375612,down
2024-10-01,185.1300048828125,186.19000244140625,183.4499969482422,184.89999389648438,36044900,AMZN,-0.6440170323887107,-0.19986515757441925,-0.6460997690134298,flat
2024-10-02,184.75999450683594,186.60000610351562,184.0399932861328,184.44000244140625,23704100,AMZN,-0.19986515757441925,-1.5154729791167831,-0.2000651545077023,down
2024-10-03,181.9600067138672,183.44000244140625,180.8800048828125,183.0500030517578,30204300,AMZN,-1.5154729791167831,2.500542770436165,-1.5270736231762942,up
2024-10-04,186.50999450683594,187.60000610351562,183.60000610351562,185.75,40890300,AMZN,2.500542770436165,-3.061493551686767,2.4697907897679774,down
2024-10-07,180.8000030517578,183.60000610351562,180.25,182.9499969482422,42364200,AMZN,-3.061493551686767,1.0619458719785868,-3.1093362659704415,up
2024-10-08,182.72000122070312,183.08999633789062,180.9199981689453,181.9199981689453,26372100,AMZN,1.0619458719785868,1.3408477078997505,1.0563468311108655,up
2024-10-09,185.1699981689453,185.85000610351562,182.0500030517578,182.82000732421875,26343100,AMZN,1.3408477078997505,0.7992632403596822,1.3319379012842232,up
2024-10-10,186.64999389648438,188.1300048828125,185.8300018310547,187.1300048828125,27785000,AMZN,0.7992632403596822,1.1626110360002828,0.796086049904925,up
2024-10-11,188.82000732421875,189.92999267578125,186.3000030517578,186.6300048828125,25751600,AMZN,1.1626110360002828,-0.6779016992029097,1.155904643352474,down
2024-10-14,187.5399932861328,189.8300018310547,187.36000061035156,189.77999877929688,22614400,AMZN,-0.6779016992029097,0.07998782160802964,-0.6802098901968148,flat
2024-10-15,187.69000244140625,188.41000366210938,184.5800018310547,187.6300048828125,32178900,AMZN,0.07998782160802964,-0.4262363692000948,0.07995584839864811,flat
2024-10-16,186.88999938964844,187.77999877929688,185.61000061035156,187.0500030517578,23456800,AMZN,-0.4262363692000948,0.34244710350397334,-0.42714734594326426,flat
2024-10-17,187.52999877929688,188.94000244140625,186.0,188.22000122070312,25039400,AMZN,0.34244710350397334,0.7785456851548744,0.3418620886077508,up
2024-10-18,188.99000549316406,190.74000549316406,186.27999877929688,187.14999389648438,37417700,AMZN,0.7785456851548744,0.04233124965837831,0.775530657038828,flat
2024-10-21,189.07000732421875,189.4600067138672,186.39999389648438,188.0500030517578,24639400,AMZN,0.04233124965837831,0.3332044214411578,0.04232229251258213,flat
2024-10-22,189.6999969482422,191.52000427246094,186.97999572753906,188.35000610351562,29650600,AMZN,0.3332044214411578,-2.6304640562205495,0.33265052557146263,down
2024-10-23,184.7100067138672,189.16000366210938,183.69000244140625,188.85000610351562,31937100,AMZN,-2.6304640562205495,0.9041189476714617,-2.6656796914304173,up
2024-10-24,186.3800048828125,187.11000061035156,183.86000061035156,185.25,21647400,AMZN,0.9041189476714617,0.7779788122410869,0.9000562616286057,up
2024-10-25,187.8300018310547,190.4499969482422,187.52999877929688,187.85000610351562,29362100,AMZN,0.7779788122410869,0.2981406341556969,0.774968161813032,flat
2024-10-28,188.38999938964844,190.2100067138672,188.2100067138672,189.57000732421875,27930800,AMZN,0.2981406341556969,1.2951868195294036,0.29769707636567116,up
2024-10-29,190.8300018310547,191.4600067138672,187.82000732421875,188.5800018310547,35690200,AMZN,1.2951868195294036,0.9956473710913016,1.286871001658346,up
2024-10-30,192.72999572753906,195.61000061035156,192.4199981689453,194.6999969482422,37707600,AMZN,0.9956473710913016,-3.2843885079535617,0.9907234588807736,down
2024-10-31,186.39999389648438,190.60000610351562,185.22999572753906,190.50999450683594,75146800,AMZN,-3.2843885079535617,6.185621865256041,-3.339535403553647,up
2024-11-01,197.92999267578125,200.5,197.02000427246094,199.0,99687800,AMZN,6.185621865256041,-1.086239567545566,6.001852632124923,down
2024-11-04,195.77999877929688,197.3300018310547,194.30999755859375,196.4499969482422,38492100,AMZN,-1.086239567545566,1.9000925752873599,-1.092182223034851,up
2024-11-05,199.5,199.82000732421875,195.99000549316406,196.0399932861328,30564800,AMZN,1.9000925752873599,3.8045094425516846,1.8822662731709527,up
2024-11-06,207.08999633789062,207.5500030517578,199.13999938964844,200.00999450683594,72292200,AMZN,3.8045094425516846,1.429333510169939,3.7339227369914427,up
2024-11-07,210.0500030517578,212.25,207.19000244140625,207.44000244140625,52878400,AMZN,1.429333510169939,-0.8902691496347037,1.4192148444279071,down
2024-11-08,208.17999267578125,209.9600067138672,207.44000244140625,209.72000122070312,36075800,AMZN,-0.8902691496347037,-0.6436720074140534,-0.8942557238934116,down
2024-11-11,206.83999633789062,209.64999389648438,205.58999633789062,208.5,35456000,AMZN,-0.6436720074140534,1.0007771034946433,-0.6457525082191786,up
2024-11-12,208.91000366210938,209.5399932861328,206.00999450683594,208.3699951171875,38942900,AMZN,1.0007771034946433,2.4843245179395845,0.9958024917575062,up
2024-11-13,214.10000610351562,215.08999633789062,209.13999938964844,209.39999389648438,46212900,AMZN,2.4843245179395845,-1.2237320417028852,2.4539669362855587,down
2024-11-14,211.47999572753906,215.89999389648438,210.8800048828125,214.16000366210938,42620300,AMZN,-1.2237320417028852,-4.194247823144082,-1.2312812938838413,down
2024-11-15,202.61000061035156,207.33999633789062,199.61000061035156,206.75999450683594,86591100,AMZN,-4.194247823144082,-0.4491405455644082,-4.284745921407266,flat
2024-11-18,201.6999969482422,204.6699981689453,200.9499969482422,204.14999389648438,36409900,AMZN,-0.4491405455644082,1.4427385751800914,-0.4501522120521847,up
2024-11-19,204.61000061035156,205.3000030517578,198.77999877929688,199.3300018310547,31197900,AMZN,1.4427385751800914,-0.8455088814713241,1.432430133148399,down
2024-11-20,202.8800048828125,203.1300048828125,199.4499969482422,202.97999572753906,32769000,AMZN,-0.8455088814713241,-2.2180598835253806,-0.8491035845116046,down
2024-11-21,198.3800048828125,203.49000549316406,195.75,203.49000549316406,58800000,AMZN,-2.2180598835253806,-0.6351495788949668,-2.243028738507276,down
2024-11-22,197.1199951171875,199.25999450683594,196.75,198.25,31530800,AMZN,-0.6351495788949668,2.1966324768223133,-0.637175235688548,up
2024-11-25,201.4499969482422,201.9499969482422,199.0,199.27999877929688,40685700,AMZN,2.1966324768223133,3.1819328663262647,2.172854091400392,up
2024-11-26,207.86000061035156,208.0,201.7899932861328,201.89999389648438,41673700,AMZN,3.1819328663262647,-1.0199148999145757,3.132358260823746,down
2024-11-27,205.74000549316406,207.63999938964844,205.0500030517578,206.97999572753906,28061600,AMZN,-1.0199148999145757,1.0450052683389277,-1.0251516694207488,up
2024-11-29,207.88999938964844,208.1999969482422,204.58999633789062,205.8300018310547,24892400,AMZN,1.0450052683389277,1.356490130596999,1.0395828320660514,up
2024-12-02,210.7100067138672,212.99000549316406,209.50999450683594,209.9600067138672,39523200,AMZN,1.356490130596999,1.2956175029913197,1.347372166869659,up
2024-12-03,213.44000244140625,214.02000427246094,209.64999389648438,210.30999755859375,32214800,AMZN,1.2956175029913197,2.211394849472459,1.2872961773847142,up
2024-12-04,218.16000366210938,220.0,215.75,215.9600067138672,48745700,AMZN,2.211394849472459,1.0955259211262725,2.1872981158048215,up
2024-12-05,220.5500030517578,222.14999389648438,217.3000030517578,218.02999877929688,41140200,AMZN,1.0955259211262725,2.9381072944344444,1.0895685064302911,up
2024-12-06,227.02999877929688,227.14999389648438,220.60000610351562,220.75,44178100,AMZN,2.9381072944344444,-0.4140432746599476,2.89577215747153,flat
2024-12-09,226.08999633789062,230.0800018310547,225.6699981689453,227.2100067138672,46819400,AMZN,-0.4140432746599476,-0.4644181824783544,-0.41490280720463035,flat
2024-12-10,225.0399932861328,229.05999755859375,224.1999969482422,226.08999633789062,31199900,AMZN,-0.4644181824783544,2.319588240507109,-0.4654999543156226,up
2024-12-11,230.25999450683594,231.1999969482422,226.25999450683594,226.41000366210938,35385800,AMZN,2.319588240507109,-0.5602333522571668,2.293094704166905,down
2024-12-12,228.97000122070312,231.08999633789062,227.6300048828125,229.8300018310547,28204100,AMZN,-0.5602333522571668,-0.6594726378065796,-0.5618085452278564,down
2024-12-13,227.4600067138672,230.1999969482422,225.86000061035156,228.39999389648438,28768100,AMZN,-0.6594726378065796,2.4048121869595374,-0.6616567663893641,up
2024-12-16,232.92999267578125,233.0,228.00999450683594,230.22999572753906,37552100,AMZN,2.4048121869595374,-0.764177579215608,2.3763519526408725,down
2024-12-17,231.14999389648438,232.72999572753906,227.85000610351562,232.38999938964844,35948100,AMZN,-0.764177579215608,-4.598741035997545,-0.7671123770166014,down
2024-12-18,220.52000427246094,231.39999389648438,220.11000061035156,230.77000427246094,43281400,AMZN,-4.598741035997545,1.2561168873593154,-4.707841093326928,up
2024-12-19,223.2899932861328,226.08999633789062,222.9199981689453,224.91000366210938,39918700,AMZN,1.2561168873593154,0.729994595290151,1.2482931876037162,up
2024-12-20,224.9199981689453,226.2100067138672,218.72999572753906,219.83999633789062,88279200,AMZN,0.729994595290151,0.06224408269079884,0.7273430311082978,flat
2024-12-23,225.05999755859375,226.8800048828125,223.89999389648438,225.00999450683594,28070000,AMZN,0.06224408269079884,1.7728630305015702,0.062224719096359925,up
2024-12-24,229.0500030517578,229.13999938964844,226.1300048828125,226.94000244140625,15007500,AMZN,1.7728630305015702,-0.873171784917226,1.7573311182246014,down
2024-12-26,227.0500030517578,228.5,226.6699981689453,228.5,16146700,AMZN,-0.873171784917226,-1.4534256804240364,-0.8770062671428771,down
2024-12-27,223.75,226.02999877929688,220.89999389648438,225.60000610351562,27367100,AMZN,-1.4534256804240364,-1.0949707031249978,-1.4640913829901727,down
2024-12-30,221.3000030517578,223.0,218.42999267578125,220.05999755859375,28321200,AMZN,-1.0949707031249978,-0.8630834323407832,-1.1010096307821615,down
2024-12-31,219.38999938964844,223.22999572753906,218.94000244140625,222.97000122070312,24819700,AMZN,-0.8630834323407832,0.3783225458606987,-0.8668295678212695,flat
2025-01-02,220.22000122070312,225.14999389648438,218.19000244140625,222.02999877929688,33956600,AMZN,0.3783225458606987,1.8027432561515733,0.37760870596221324,up
2025-01-03,224.19000244140625,225.36000061035156,221.6199951171875,222.50999450683594,27515600,AMZN,1.8027432561515733,1.5254909370185477,1.7866865271653998,up
2025-01-06,227.61000061035156,228.83999633789062,224.83999633789062,226.77999877929688,31849800,AMZN,1.5254909370185477,-2.416414035082548,1.5139723199454136,down
2025-01-07,222.11000061035156,228.3800048828125,221.4600067138672,227.89999389648438,28084200,AMZN,-2.416414035082548,0.009006470850470016,-2.446088330127337,flat
2025-01-08,222.1300048828125,223.52000427246094,220.1999969482422,223.19000244140625,25033300,AMZN,0.009006470850470016,-1.4360970473526025,0.009006065292234923,down
2025-01-10,218.94000244140625,221.7100067138672,216.5,221.4600067138672,36811500,AMZN,-1.4360970473526025,-0.21923619356289947,-1.446508722386957,flat
2025-01-13,218.4600067138672,219.39999389648438,216.47000122070312,218.05999755859375,27262700,AMZN,-0.21923619356289947,-0.3204303696411115,-0.21947686793363338,flat
2025-01-14,217.75999450683594,221.82000732421875,216.1999969482422,220.44000244140625,24711700,AMZN,-0.3204303696411115,2.5670516796895804,-0.3209448470719797,up
2025-01-15,223.35000610351562,223.57000732421875,220.75,222.8300018310547,31291300,AMZN,2.5670516796895804,-1.2043887924316987,2.534656144787849,down
2025-01-16,220.66000366210938,224.64999389648438,220.30999755859375,224.4199981689453,24757300,AMZN,-1.2043887924316987,2.3928209424767255,-1.211700319693935,up
2025-01-17,225.94000244140625,226.50999450683594,223.0800018310547,225.83999633789062,42370100,AMZN,2.3928209424767255,2.1111818274402117,2.3646416176010763,up
2025-01-21,230.7100067138672,231.77999877929688,226.94000244140625,228.89999389648438,39951500,AMZN,2.1111818274402117,1.8638063663626525,2.0892051574076542,up
2025-01-22,235.00999450683594,235.44000244140625,231.19000244140625,232.02000427246094,41448200,AMZN,1.8638063663626525,0.17446222360446573,1.8466503377704704,flat
2025-01-23,235.4199981689453,235.52000427246094,231.50999450683594,234.10000610351562,26404400,AMZN,0.17446222360446573,-0.24211709704484718,0.17431021503980867,flat
2025-01-24,234.85000610351562,236.39999389648438,232.92999267578125,234.5,25890700,AMZN,-0.24211709704484718,0.24270472668348475,-0.24241067445138365,flat
2025-01-27,235.4199981689453,235.61000061035156,225.86000061035156,226.2100067138672,49428300,AMZN,0.24270472668348475,1.1596277923593856,0.24241067445138453,up
2025-01-28,238.14999389648438,241.77000427246094,233.97999572753906,234.2899932861328,41587200,AMZN,1.1596277923593856,-0.4534900692607424,1.152955641148476,flat
2025-01-29,237.07000732421875,240.38999938964844,236.14999389648438,239.02000427246094,26091700,AMZN,-0.4534900692607424,-1.0250170242948609,-0.4545214548105975,down
2025-01-30,234.63999938964844,237.9499969482422,232.22000122070312,237.13999938964844,32020700,AMZN,-1.0250170242948609,1.2955989149507907,-1.030306500192206,up
2025-01-31,237.67999267578125,240.2899932861328,236.41000366210938,236.5,36110200,AMZN,1.2955989149507907,-0.10938846972727845,1.2872778270920828,flat
2025-02-03,237.4199981689453,239.25,232.89999389648438,234.05999755859375,37285900,AMZN,-0.10938846972727845,1.9543422733693472,-0.10944834258047258,up
2025-02-04,242.05999755859375,242.52000427246094,238.02999877929688,239.00999450683594,29713800,AMZN,1.9543422733693472,-2.4332807771026643,1.935490231141661,down
2025-02-05,236.1699981689453,238.32000732421875,235.1999969482422,237.02000427246094,38727300,AMZN,-2.4332807771026643,1.1263088803542765,-2.4633742288564036,up
2025-02-06,238.8300018310547,239.66000366210938,236.00999450683594,238.00999450683594,60897100,AMZN,1.1263088803542765,-4.053095448794508,1.1200132499427724,down
2025-02-07,229.14999389648438,234.80999755859375,228.05999755859375,232.5,77539300,AMZN,-4.053095448794508,1.7412199866636335,-4.137522511569369,up
2025-02-10,233.13999938964844,233.9199981689453,229.1999969482422,230.5500030517578,35419900,AMZN,1.7412199866636335,-0.16299428832775575,1.726234455405195,flat
2025-02-11,232.75999450683594,233.44000244140625,230.1300048828125,231.9199981689453,23713700,AMZN,-0.16299428832775575,-1.645472556041927,-0.16312726853763526,down
2025-02-12,228.92999267578125,231.17999267578125,228.16000366210938,230.4600067138672,32285200,AMZN,-1.645472556041927,0.6290143220533118,-1.6591608211964908,up
2025-02-13,230.3699951171875,230.4199981689453,227.52000427246094,228.85000610351562,31346500,AMZN,0.6290143220533118,-0.7336035409240549,0.6270442838655876,down
2025-02-14,228.67999267578125,229.88999938964844,227.22999572753906,229.1999969482422,27031100,AMZN,-0.7336035409240549,-0.8877028355405714,-0.7363076447512864,down
2025-02-18,226.64999389648438,229.3000030517578,223.72000122070312,228.82000732421875,42975100,AMZN,-0.8877028355405714,-0.008819331220011328,-0.8916663909923439,flat
2025-02-19,226.6300048828125,226.8300018310547,223.7100067138672,225.52000427246094,28566700,AMZN,-0.008819331220011328,-1.6546793977871843,-0.008819720145894445,down
2025-02-20,222.8800048828125,225.1300048828125,221.80999755859375,224.77999877929688,30001700,AMZN,-1.6546793977871843,-2.8266344731418536,-1.6685221316839496,down
2025-02-21,216.5800018310547,223.30999755859375,214.74000549316406,223.27999877929688,55323900,AMZN,-2.8266344731418536,-1.7868663239768212,-2.8673529284667794,down
2025-02-24,212.7100067138672,217.72000122070312,212.4199981689453,217.4499969482422,42387600,AMZN,-1.7868663239768212,0.0423094048469963,-1.8030235415601108,flat
2025-02-25,212.8000030517578,213.33999633789062,204.16000366210938,211.6300048828125,58958000,AMZN,0.0423094048469963,0.7283848822975836,0.04230045694208501,up
2025-02-26,214.35000610351562,218.16000366210938,213.08999633789062,214.94000244140625,39120600,AMZN,0.7283848822975836,-2.617215045770671,0.725744971005982,down
2025-02-27,208.74000549316406,219.97000122070312,208.3699951171875,218.35000610351562,40548600,AMZN,-2.617215045770671,1.6958863624485065,-2.652073681079192,up
2025-02-28,212.27999877929688,212.6199951171875,206.99000549316406,208.64999389648438,51771700,AMZN,1.6958863624485065,-3.4200087377916355,1.6816667501531268,down
2025-03-03,205.02000427246094,214.00999450683594,202.5500030517578,213.35000610351562,42948400,AMZN,-3.4200087377916355,-0.5950644792114046,-3.4798596014760457,down
2025-03-04,203.8000030517578,206.8000030517578,197.42999267578125,200.11000061035156,60853100,AMZN,-0.5950644792114046,2.2374865016246748,-0.5968420431592877,up
2025-03-05,208.36000061035156,209.97999572753906,203.25999450683594,204.8000030517578,38610100,AMZN,2.2374865016246748,-3.6763311766513818,2.212822004340125,down
2025-03-06,200.6999969482422,205.77000427246094,198.3000030517578,204.39999389648438,49863800,AMZN,-3.6763311766513818,-0.7224698407026442,-3.7456115209580503,down
2025-03-07,199.25,202.27000427246094,192.52999877929688,199.49000549316406,59802800,AMZN,-0.7224698407026442,-2.363867861413893,-0.72509229263983,down
2025-03-10,194.5399932861328,196.72999572753906,190.85000610351562,195.60000610351562,62350900,AMZN,-2.363867861413893,1.0537694677220655,-2.3922554740530595,up
2025-03-11,196.58999633789062,200.17999267578125,193.39999389648438,193.89999389648438,54002900,AMZN,1.0537694677220655,1.1699491808345508,1.0482560161564325,up
2025-03-12,198.88999938964844,201.52000427246094,195.2899932861328,200.72000122070312,43679300,AMZN,1.1699491808345508,-2.5139524437347016,1.1631581915007516,down
2025-03-13,193.88999938964844,198.8800048828125,191.82000732421875,198.1699981689453,41270800,AMZN,-2.5139524437347016,2.093969555611075,-2.546092021137873,up
2025-03-14,197.9499969482422,198.64999389648438,195.32000732421875,197.41000366210938,38096700,AMZN,2.093969555611075,-1.116439246854839,2.0723473340341267,down
2025-03-17,195.74000549316406,199.0,194.32000732421875,198.77000427246094,47341800,AMZN,-1.116439246854839,-1.4917738259935254,-1.122718207408066,down
2025-03-18,192.82000732421875,194.0,189.3800048828125,192.52000427246094,40414900,AMZN,-1.4917738259935254,1.4106347155876442,-1.5030126840267755,up
2025-03-19,195.5399932861328,195.97000122070312,191.9600067138672,193.3800048828125,39442900,AMZN,1.4106347155876442,-0.3017266841301769,1.4007778521538292,flat
2025-03-20,194.9499969482422,199.32000732421875,192.3000030517578,193.07000732421875,38921100,AMZN,-0.3017266841301769,0.6463245885351521,-0.30218279679656834,up
2025-03-21,196.2100067138672,196.99000549316406,192.52000427246094,192.89999389648438,60056900,AMZN,0.6463245885351521,3.593082692897376,0.6442448675219972,up
2025-03-24,203.25999450683594,203.63999938964844,199.9499969482422,200.0,41625400,AMZN,3.593082692897376,1.2053587883713357,3.5300372234540007,up
2025-03-25,205.7100067138672,206.2100067138672,203.22000122070312,203.60000610351562,31171200,AMZN,1.2053587883713357,-2.2264360904062586,1.1981521917604296,down
2025-03-26,201.1300048828125,206.00999450683594,199.92999267578125,205.83999633789062,32855300,AMZN,-2.2264360904062586,0.11435177345771042,-2.251595315988914,flat
2025-03-27,201.36000061035156,203.7899932861328,199.27999877929688,200.88999938964844,27317700,AMZN,0.11435177345771042,-4.290822091507418,0.11428644161791421,down
2025-03-28,192.72000122070312,199.25999450683594,191.8800048828125,198.4199981689453,52548200,AMZN,-4.290822091507418,-1.2764667384211892,-4.385598921751455,down
2025-03-31,190.25999450683594,191.3300018310547,184.39999389648438,188.19000244140625,63547600,AMZN,-1.2764667384211892,1.0038913682617334,-1.2846835734262254,up
2025-04-01,192.1699981689453,193.92999267578125,187.1999969482422,187.86000061035156,41267300,AMZN,1.0038913682617334,1.998228846583383,0.998885850959942,up
2025-04-02,196.00999450683594,198.33999633789062,187.66000366210938,187.66000366210938,53679200,AMZN,1.998228846583383,-8.979129298487255,1.9785262896236875,down
2025-04-03,178.41000366210938,184.1300048828125,176.9199981689453,183.0,95553600,AMZN,-8.979129298487255,-4.153356599971369,-9.40813573992858,down
2025-04-04,171.0,178.13999938964844,166.0,167.14999389648438,123159400,AMZN,-4.153356599971369,2.4912248577988017,-4.242073641032032,up
2025-04-07,175.25999450683594,183.41000366210938,161.3800048828125,162.0,109327100,AMZN,2.4912248577988017,-2.6246667744515673,2.4606997782102065,down
2025-04-08,170.66000366210938,185.89999389648438,168.57000732421875,185.22999572753906,87710400,AMZN,-2.6246667744515673,11.977031526306249,-2.659725971781296,up
2025-04-09,191.10000610351562,192.64999389648438,169.92999267578125,172.1199951171875,116804300,AMZN,11.977031526306249,-5.170070417193329,11.312358861813516,down
2025-04-10,181.22000122070312,186.8699951171875,175.85000610351562,185.44000244140625,68302000,AMZN,-5.170070417193329,2.0141230945248445,-5.308511365514089,up
2025-04-11,184.8699951171875,185.86000061035156,178.0,179.92999267578125,50594300,AMZN,2.0141230945248445,-1.4875318183769082,1.9941079422269643,down
2025-04-14,182.1199951171875,187.44000244140625,179.22999572753906,186.83999633789062,48002500,AMZN,-1.4875318183769082,-1.3891933050343641,-1.4987065296594422,down
2025-04-15,179.58999633789062,182.35000610351562,177.92999267578125,181.41000366210938,43642000,AMZN,-1.3891933050343641,-2.9288905919567454,-1.3989329016472998,down
2025-04-16,174.3300018310547,179.10000610351562,171.41000366210938,176.2899932861328,51875300,AMZN,-2.9288905919567454,-0.9866352335440198,-2.9726389380639047,down
2025-04-17,172.61000061035156,176.2100067138672,172.0,176.0,44726500,AMZN,-0.9866352335440198,-3.0647084568839134,-0.991534732389348,down
2025-04-21,167.32000732421875,169.60000610351562,165.2899932861328,169.60000610351562,48126100,AMZN,-3.0647084568839134,3.5022621892476513,-3.112652758689672,up
2025-04-22,173.17999267578125,176.77999877929688,169.35000610351562,169.85000610351562,56607200,AMZN,3.5022621892476513,4.284567352780599,3.442328337941731,up
2025-04-23,180.60000610351562,187.3800048828125,180.19000244140625,183.4499969482422,63470100,AMZN,4.284567352780599,3.2890293365840373,4.195320105151849,up
2025-04-24,186.5399932861328,186.74000549316406,180.17999267578125,180.9199981689453,43763200,AMZN,3.2890293365840373,1.3133978209558528,3.2360982528496263,up
2025-04-25,188.99000549316406,189.94000244140625,185.49000549316406,187.6199951171875,36414300,AMZN,1.3133978209558528,-0.6825802991833552,1.3048475365695442,down
2025-04-28,187.6999969482422,190.22000122070312,184.88999938964844,190.11000061035156,33224700,AMZN,-0.6825802991833552,-0.16515586767922308,-0.6849205339079747,flat
2025-04-29,187.38999938964844,188.02000427246094,183.67999267578125,183.99000549316406,41667300,AMZN,-0.16515586767922308,-1.5849304820837684,-0.16529240033086565,down
2025-04-30,184.4199981689453,185.0500030517578,178.85000610351562,182.1699981689453,55176500,AMZN,-1.5849304820837684,3.1341496782804956,-1.597624814818092,up
2025-05-01,190.1999969482422,191.80999755859375,187.5,190.6300048828125,74266000,AMZN,3.1341496782804956,-0.11566836184702112,3.086037888402181,flat
2025-05-02,189.97999572753906,192.8800048828125,186.39999389648438,191.44000244140625,77903500,AMZN,-0.11566836184702112,-1.910722026349243,-0.11573530932636394,down
2025-05-05,186.35000610351562,188.17999267578125,185.52999877929688,186.50999450683594,35217500,AMZN,-1.910722026349243,-0.7190832051464091,-1.9292122294797283,down
2025-05-06,185.00999450683594,187.92999267578125,183.85000610351562,184.57000732421875,29314100,AMZN,-0.7190832051464091,1.9998985551532122,-0.721681069789819,up
2025-05-07,188.7100067138672,190.99000549316406,185.00999450683594,185.55999755859375,43948600,AMZN,1.9998985551532122,1.785806262143419,1.9801632738363693,up
2025-05-08,192.0800018310547,194.3300018310547,188.82000732421875,191.42999267578125,41043600,AMZN,1.785806262143419,0.5102018524557383,1.770048072706834,up
2025-05-09,193.05999755859375,194.69000244140625,191.16000366210938,193.3800048828125,29663100,AMZN,0.5102018524557383,8.070031092964335,0.5089047328858073,up
2025-05-12,208.63999938964844,211.66000366210938,205.75,210.7100067138672,75205000,AMZN,8.070031092964335,1.308471882441209,7.760926703827985,up
2025-05-13,211.3699951171875,214.83999633789062,210.10000610351562,211.0800018310547,56193700,AMZN,1.308471882441209,-0.5298742220089303,1.2999853383055318,down
2025-05-14,210.25,211.92999267578125,208.85000610351562,211.4499969482422,38492100,AMZN,-0.5298742220089303,-2.41617209562649,-0.5312830342904736,down
2025-05-15,205.1699981689453,206.8800048828125,202.6699981689453,206.4499969482422,64347300,AMZN,-2.41617209562649,0.20470740005538168,-2.4458403999516363,flat
2025-05-16,205.58999633789062,206.85000610351562,204.3699951171875,206.85000610351562,43318500,AMZN,0.20470740005538168,0.27725440652370814,0.2044981599618388,flat
2025-05-19,206.16000366210938,206.6199951171875,201.25999450683594,201.64999389648438,34314800,AMZN,0.27725440652370814,-1.0137739138364021,0.2768707654383062,down
2025-05-20,204.07000732421875,205.58999633789062,202.64999389648438,204.6300048828125,29470400,AMZN,-1.0137739138364021,-1.4455883280997672,-1.0189475975831261,down
2025-05-21,201.1199951171875,203.4600067138672,200.05999755859375,201.61000061035156,42460900,AMZN,-1.4455883280997672,0.9844923599836131,-1.4561387567879491,up
2025-05-22,203.10000610351562,205.75999450683594,200.16000366210938,201.3800048828125,38938900,AMZN,0.9844923599836131,-1.0388973643241206,0.9796778074282274,down
2025-05-23,200.99000549316406,202.3699951171875,197.85000610351562,198.89999389648438,33393500,AMZN,-1.0388973643241206,2.5026113945093353,-1.0443315729919826,up
2025-05-27,206.02000427246094,206.69000244140625,202.19000244140625,203.08999633789062,34892000,AMZN,2.5026113945093353,-0.6310081665849121,2.471808928544102,down
2025-05-28,204.72000122070312,207.66000366210938,204.41000366210938,205.9199981689453,28549800,AMZN,-0.6310081665849121,0.4787005283780621,-0.6330074379308311,flat
2025-05-29,205.6999969482422,208.80999755859375,204.22999572753906,208.02999877929688,34650000,AMZN,0.4787005283780621,-0.33544115296213484,0.47755840086203327,flat
2025-05-30,205.00999450683594,205.99000549316406,201.6999969482422,204.83999633789062,51679400,AMZN,-0.33544115296213484,0.7999607012299847,-0.3360050181079145,up
2025-06-02,206.64999389648438,207.0,202.67999267578125,204.97999572753906,29113300,AMZN,0.7999607012299847,-0.4548692041520419,0.7967779780350723,flat
2025-06-03,205.7100067138672,208.9499969482422,205.02999877929688,207.11000061035156,33139100,AMZN,-0.4548692041520419,0.7388989179248462,-0.45590688203023205,up
2025-06-04,207.22999572753906,208.17999267578125,205.17999267578125,206.5500030517578,29915600,AMZN,0.7388989179248462,0.32814165352026414,0.7361824330479416,flat
2025-06-05,207.91000366210938,212.80999755859375,207.55999755859375,209.5500030517578,51864200,AMZN,0.32814165352026414,2.7223334916139486,0.3276044436817532,up
2025-06-06,213.57000732421875,213.8699951171875,210.5,212.39999389648438,39832500,AMZN,2.7223334916139486,1.5966607137600786,2.68593707089079,up
2025-06-09,216.97999572753906,217.85000610351562,212.8800048828125,214.75,38102500,AMZN,1.5966607137600786,0.29035159702168745,1.5840481625608374,flat
2025-06-10,217.61000061035156,217.69000244140625,214.14999389648438,216.77999877929688,31303300,AMZN,0.29035159702168745,-2.0265629565462184,0.28993089092673024,down
2025-06-11,213.1999969482422,218.39999389648438,212.88999938964844,217.41000366210938,39326000,AMZN,-2.0265629565462184,0.018765734284498237,-2.047379463536856,flat
2025-06-12,213.24000549316406,213.5800018310547,211.3300018310547,211.77999877929688,27640000,AMZN,0.018765734284498237,-0.534608591390695,0.01876397374083124,down
2025-06-13,212.10000610351562,214.0500030517578,209.6199951171875,209.9600067138672,29337800,AMZN,-0.534608591390695,1.8859028217320217,-0.5360427367806205,up
2025-06-16,216.10000610351562,217.05999755859375,211.60000610351562,212.30999755859375,33284200,AMZN,1.8859028217320217,-0.5923177895162723,1.8683401409550209,down
2025-06-17,214.82000732421875,217.41000366210938,214.55999755859375,215.1999969482422,32086300,AMZN,-0.5923177895162723,-1.0706651956707725,-0.5940789492202303,down
2025-06-18,212.52000427246094,217.9600067138672,212.33999633789062,215.08999633789062,44360500,AMZN,-1.0706651956707725,-1.3316402099383007,-1.0764380578029789,down
2025-06-20,209.69000244140625,214.88999938964844,208.27000427246094,214.67999267578125,75350700,AMZN,-1.3316402099383007,-0.5818118205440093,-1.3405860444963278,down
2025-06-23,208.47000122070312,210.38999938964844,207.30999755859375,209.7899932861328,37311700,AMZN,-0.5818118205440093,2.062648355436747,-0.5835109391705959,up
2025-06-24,212.77000427246094,214.33999633789062,211.0500030517578,212.13999938964844,38378800,AMZN,2.062648355436747,-0.3665924536515264,2.041663831593163,flat
2025-06-25,211.99000549316406,216.02999877929688,211.11000061035156,214.6199951171875,31755700,AMZN,-0.3665924536515264,2.4199205109171285,-0.3672660505276756,up
2025-06-26,217.1199951171875,218.0399932861328,212.00999450683594,213.1199951171875,50480800,AMZN,2.4199205109171285,2.8463559660798277,2.3911043937020575,up
2025-06-27,223.3000030517578,223.3000030517578,216.74000549316406,219.9199981689453,119217100,AMZN,2.8463559660798277,-1.7510092291414314,2.806599891518406,down
2025-06-30,219.38999938964844,223.82000732421875,219.1199951171875,223.52000427246094,58887800,AMZN,-1.7510092291414314,0.487719279454657,-1.7665207343808733,flat
2025-07-01,220.4600067138672,221.8800048828125,217.92999267578125,219.5,39256800,AMZN,0.487719279454657,-0.24494626166946531,0.48653378201404185,flat
2025-07-02,219.9199981689453,221.60000610351562,219.05999755859375,219.72999572753906,30894200,AMZN,-0.24494626166946531,1.5869432167251007,-0.2452467458083949,up
2025-07-03,223.41000366210938,224.00999450683594,221.36000061035156,221.82000732421875,29632400,AMZN,1.5869432167251007,0.026855359030597548,1.5744829251554495,flat
2025-07-07,223.47000122070312,224.2899932861328,222.3699951171875,223.0,36604100,AMZN,0.026855359030597548,-1.8391733064396676,0.026851753624536286,down
2025-07-08,219.36000061035156,224.0,218.42999267578125,223.9199981689453,45692000,AMZN,-1.8391733064396676,1.4496684294917905,-1.8562963722362966,up
2025-07-09,222.5399932861328,224.2899932861328,220.47000122070312,221.07000732421875,38155100,AMZN,1.4496684294917905,-0.12581953255335065,1.4392611963869897,flat
2025-07-10,222.25999450683594,222.7899932861328,219.6999969482422,221.5500030517578,30370600,AMZN,-0.12581953255335065,1.2417933203629827,-0.12589875178302515,up
2025-07-11,225.02000427246094,226.67999267578125,222.3699951171875,223.5800018310547,50518300,AMZN,1.2417933203629827,0.29775049161142597,1.2341463087489881,flat
2025-07-14,225.69000244140625,226.66000366210938,224.24000549316406,225.07000732421875,35702600,AMZN,0.29775049161142597,0.2924381474455062,0.29730809278073134,flat
2025-07-15,226.35000610351562,227.27000427246094,225.4600067138672,226.1999969482422,34907300,AMZN,0.2924381474455062,-1.3960696164789232,0.29201137891530815,down
2025-07-16,223.19000244140625,226.10000610351562,222.17999267578125,225.8800048828125,39535900,AMZN,-1.3960696164789232,0.30915472640284936,-1.4059063272129655,flat
2025-07-17,223.8800048828125,224.5,222.50999450683594,223.32000732421875,31855800,AMZN,0.30915472640284936,1.0050026580880944,0.30867782583285625,up
2025-07-18,226.1300048828125,226.39999389648438,222.97999572753906,225.13999938964844,37833800,AMZN,1.0050026580880944,1.4018476542235536,0.9999860894734277,up
2025-07-21,229.3000030517578,229.69000244140625,225.64999389648438,225.83999633789062,40297600,AMZN,1.4018476542235536,-0.7980819043607368,1.392112644502984,down
2025-07-22,227.47000122070312,230.0,226.35000610351562,229.67999267578125,37483700,AMZN,-0.7980819043607368,0.3604836070819184,-0.8012836242670536,flat
2025-07-23,228.2899932861328,228.7899932861328,227.08999633789062,228.47000122070312,28294900,AMZN,0.3604836070819184,1.725876103762447,0.35983542219350506,up
2025-07-24,232.22999572753906,236.0,228.63999938964844,229.1699981689453,42902300,AMZN,1.725876103762447,-0.340177109187767,1.7111520335049442,flat
2025-07-25,231.44000244140625,232.47999572753906,231.17999267578125,232.22000122070312,28712100,AMZN,-0.340177109187767,0.5833005662313484,-0.3407570270545692,up
2025-07-28,232.7899932861328,234.2899932861328,232.25,233.35000610351562,26300100,AMZN,0.5833005662313484,-0.7646371539299812,0.581605955069594,down
2025-07-29,231.00999450683594,234.72000122070312,230.30999755859375,234.14999389648438,33716200,AMZN,-0.7646371539299812,-0.3549595623255297,-0.7675754918146072,flat
2025-07-30,230.19000244140625,231.8000030517578,229.2899932861328,231.63999938964844,32993300,AMZN,-0.3549595623255297,1.7029402351838252,-0.35559103854630675,up
2025-07-31,234.11000061035156,236.52999877929688,231.39999389648438,235.77000427246094,104357300,AMZN,1.7029402351838252,-8.269617085933035,1.6886027515609427,down
2025-08-01,214.75,220.44000244140625,212.8000030517578,217.2100067138672,122258800,AMZN,-8.269617085933035,-1.443541840985152,-8.631653211497635,down
2025-08-04,211.64999389648438,217.44000244140625,211.4199981689453,217.39999389648438,77890100,AMZN,-1.443541840985152,0.9922070229506863,-1.4540622735209996,up
2025-08-05,213.75,216.3000030517578,212.8699951171875,213.0500030517578,51505100,AMZN,0.9922070229506863,4.004677220394748,0.9873169687714854,up
2025-08-06,222.30999755859375,222.64999389648438,213.74000549316406,214.6999969482422,54823000,AMZN,4.004677220394748,0.368857601198358,3.9265685415040394,flat
2025-08-07,223.1300048828125,226.22000122070312,220.82000732421875,221.0,40603500,AMZN,0.368857601198358,-0.19719555047620352,0.3681789897764909,flat
2025-08-08,222.69000244140625,223.8000030517578,221.8800048828125,223.13999938964844,32970500,AMZN,-0.19719555047620352,-0.6241858073597895,-0.19739023688590293,down
2025-08-11,221.3000030517578,223.0500030517578,220.39999389648438,221.77999877929688,31646200,AMZN,-0.6241858073597895,0.07681796954406295,-0.6261419913672536,flat
2025-08-12,221.47000122070312,223.5,219.0500030517578,222.22999572753906,37185800,AMZN,0.07681796954406295,1.395221168040428,0.07678847964323424,up
2025-08-13,224.55999755859375,224.9199981689453,222.0,222.0,36508300,AMZN,1.395221168040428,2.858923333961183,1.3855775538096453,up
2025-08-14,230.97999572753906,233.11000061035156,227.02000427246094,227.39999389648438,61545800,AMZN,2.858923333961183,0.021648217457226338,2.8188187008165966,flat
2025-08-15,231.02999877929688,234.0800018310547,229.80999755859375,232.5800018310547,39649200,AMZN,0.021648217457226338,0.19911124801876845,0.02164587456875392,flat
2025-08-18,231.49000549316406,231.91000366210938,228.3300018310547,230.22999572753906,25248900,AMZN,0.19911124801876845,-1.503309388634011,0.1989132843084511,down
2025-08-19,228.00999450683594,230.52999877929688,227.1199951171875,230.08999633789062,29891000,AMZN,-1.503309388634011,-1.8420231785568841,-1.514723622862111,down
2025-08-20,223.80999755859375,227.27000427246094,220.9199981689453,227.1199951171875,36604300,AMZN,-1.8420231785568841,-0.8310623433453235,-1.8591996826338653,down
2025-08-21,221.9499969482422,222.77999877929688,220.5,222.64999389648438,32140500,AMZN,-0.8310623433453235,3.1043025385826706,-0.8345349193359648,up
2025-08-22,228.83999633789062,229.13999938964844,220.82000732421875,222.7899932861328,37315300,AMZN,3.1043025385826706,-0.3932852258726194,3.057093586711227,flat
2025-08-25,227.94000244140625,229.60000610351562,227.30999755859375,227.35000610351562,22633700,AMZN,-0.3932852258726194,0.3378100659005012,-0.3940606259072855,flat
2025-08-26,228.7100067138672,229.0,226.02000427246094,227.11000061035156,26105400,AMZN,0.3378100659005012,0.17926124405795996,0.337240769430964,flat
2025-08-27,229.1199951171875,229.8699951171875,227.80999755859375,228.57000732421875,21254500,AMZN,0.17926124405795996,1.08240705271474,0.17910076284830656,up
2025-08-28,231.60000610351562,232.7100067138672,228.02000427246094,229.00999450683594,33679600,AMZN,1.08240705271474,-1.1226278216735164,1.0765909591411498,down
2025-08-29,229.0,231.80999755859375,228.16000366210938,231.32000732421875,26199200,AMZN,-1.1226278216735164,-1.5982548742835667,-1.1289768498294606,down
2025-09-02,225.33999633789062,226.1699981689453,221.8300018310547,223.52000427246094,38843900,AMZN,-1.5982548742835667,0.28845707190781056,-1.6111647069703763,flat
2025-09-03,225.99000549316406,227.1699981689453,224.36000061035156,225.2100067138672,29223100,AMZN,0.28845707190781056,4.2877945692648245,0.28804183282881296,up
2025-09-04,235.67999267578125,235.77000427246094,230.77999877929688,231.19000244140625,59391800,AMZN,4.2877945692648245,-1.4214150326010255,4.198414682453216,down
2025-09-05,232.3300018310547,236.0,231.92999267578125,235.19000244140625,36721800,AMZN,-1.4214150326010255,1.5107797009308976,-1.431613896889294,up
2025-09-08,235.83999633789062,237.60000610351562,233.75,234.94000244140625,33947100,AMZN,1.5107797009308976,1.0176429751274751,1.4994810804568526,up
2025-09-09,238.24000549316406,238.85000610351562,235.0800018310547,236.36000061035156,27033800,AMZN,1.0176429751274751,-3.3201827903485137,1.0124998519937196,down
2025-09-10,230.3300018310547,237.67999267578125,229.10000610351562,237.52000427246094,60907700,AMZN,-3.3201827903485137,-0.16498279850283293,-3.3765520828453623,flat
2025-09-11,229.9499969482422,231.52999877929688,229.33999633789062,231.49000549316406,37485600,AMZN,-0.16498279850283293,-0.7827802024989672,-0.16511904499798355,down
2025-09-12,228.14999389648438,230.7899932861328,226.2899932861328,230.35000610351562,38496200,AMZN,-0.7827802024989672,1.4376501718361023,-0.7858600093329492,up
2025-09-15,231.42999267578125,233.72999572753906,230.32000732421875,230.6300048828125,33243300,AMZN,1.4376501718361023,1.1320962964584513,1.4274139722700787,up
2025-09-16,234.0500030517578,235.89999389648438,232.22999572753906,232.94000244140625,38203900,AMZN,1.1320962964584513,-1.0382430689534927,1.1257360441086761,down
2025-09-17,231.6199951171875,234.3000030517578,228.7100067138672,233.77000427246094,42815200,AMZN,-1.0382430689534927,-0.16837898189709932,-1.043670410989713,flat
2025-09-18,231.22999572753906,233.47999572753906,228.7899932861328,232.5,37931700,AMZN,-0.16837898189709932,0.10811746080494622,-0.1685208986324988,flat
2025-09-19,231.47999572753906,234.16000366210938,229.6999969482422,232.3699951171875,97943200,AMZN,0.10811746080494622,-1.6632067201427403,0.10805905597171611,down
2025-09-22,227.6300048828125,230.57000732421875,227.50999450683594,230.55999755859375,45914500,AMZN,-1.6632067201427403,-3.0400202172415014,-1.6771933038536895,down
2025-09-23,220.7100067138672,227.86000061035156,220.07000732421875,227.8300018310547,70956200,AMZN,-3.0400202172415014,-0.22654160880354324,-3.0871872178262887,flat
2025-09-24,220.2100067138672,224.55999755859375,219.4499969482422,224.14999389648438,49509000,AMZN,-0.22654160880354324,-0.935476479077324,-0.22679860251128842,down
2025-09-25,218.14999389648438,220.6699981689453,216.47000122070312,220.05999755859375,52226300,AMZN,-0.935476479077324,0.7471945580644679,-0.9398795415484473,up
2025-09-26,219.77999877929688,221.0500030517578,218.02000427246094,219.0800018310547,41650100,AMZN,0.7471945580644679,1.087450815780766,0.7444168873481812,up
2025-09-29,222.1699981689453,222.60000610351562,219.3000030517578,220.0800018310547,44259200,AMZN,1.087450815780766,-1.1702709034319914,1.0815805882780047,down
2025-09-30,219.57000732421875,222.24000549316406,217.88999938964844,222.02999877929688,48396400,AMZN,-1.1702709034319914,0.48276063361811783,-1.1771724709007034,flat
2025-10-01,220.6300048828125,222.14999389648438,216.61000061035156,217.36000061035156,43933800,AMZN,0.48276063361811783,0.8067800117406154,0.4815990813160187,up
2025-10-02,222.41000366210938,222.80999755859375,218.9499969482422,221.00999450683594,41258600,AMZN,0.8067800117406154,-1.3039023009411066,0.8035429408424817,down
2025-10-03,219.50999450683594,224.1999969482422,219.33999633789062,223.44000244140625,43639000,AMZN,-1.3039023009411066,0.633228292302257,-1.312477732054764,up
2025-10-06,220.89999389648438,221.72999572753906,216.02999877929688,221.0,43690900,AMZN,0.633228292302257,0.39837252472938456,0.631231825646721,flat
2025-10-07,221.77999877929688,222.88999938964844,220.1699981689453,220.8800048828125,31194700,AMZN,0.39837252472938456,1.5510877718191152,0.39758112251014543,up
2025-10-08,225.22000122070312,226.72999572753906,221.19000244140625,222.9199981689453,46686000,AMZN,1.5510877718191152,1.118907849570383,1.5391813667974614,up
2025-10-09,227.74000549316406,228.2100067138672,221.75,225.0,46412100,AMZN,1.118907849570383,-4.99253978296661,1.1126943813862118,down
2025-10-10,216.3699951171875,228.25,216.0,226.2100067138672,72367500,AMZN,-4.99253978296661,1.7100394188331425,-5.121476887040818,up
2025-10-13,220.07000732421875,220.67999267578125,217.0399932861328,217.6999969482422,37809700,AMZN,1.7100394188331425,-1.6721987604375044,1.6955828210376052,down
2025-10-14,216.38999938964844,219.32000732421875,212.60000610351562,215.55999755859375,45665600,AMZN,-1.6721987604375044,-0.3789417568938358,-1.6863378479674926,flat
2025-10-15,215.57000732421875,217.7100067138672,212.66000366210938,216.6199951171875,45909500,AMZN,-0.3789417568938358,-0.510277898660183,-0.37966156016826813,down
2025-10-16,214.47000122070312,218.58999633789062,212.80999755859375,215.6699981689453,42414600,AMZN,-0.510277898660183,-0.6667636156250767,-0.5115842622809568,down
2025-10-17,213.0399932861328,214.8000030517578,211.02999877929688,214.55999755859375,45986900,AMZN,-0.6667636156250767,1.6147214372026486,-0.6689964147498498,up
2025-10-20,216.47999572753906,216.69000244140625,213.58999633789062,213.8800048828125,38882800,AMZN,1.6147214372026486,2.563748688697798,1.6018234695332656,up
2025-10-21,222.02999877929688,223.32000732421875,217.99000549316406,218.42999267578125,50494600,AMZN,2.563748688697798,-1.8375903497213075,2.5314357693141156,down
2025-10-22,217.9499969482422,220.00999450683594,216.52000427246094,219.3000030517578,44308500,AMZN,-1.8375903497213075,1.4406971477930908,-1.8546837697264011,up
2025-10-23,221.08999633789062,221.3000030517578,218.17999267578125,219.0,31540000,AMZN,1.4406971477930908,1.411194729592502,1.4304177190941962,up
2025-10-24,224.2100067138672,225.39999389648438,221.89999389648438,221.97000122070312,38685100,AMZN,1.411194729592502,1.2309863182682124,1.4013300747685162,up
2025-10-27,226.97000122070312,228.39999389648438,225.5399932861328,227.66000366210938,38267000,AMZN,1.2309863182682124,1.0045375014470892,1.2234712914707928,up
2025-10-28,229.25,231.49000549316406,226.2100067138672,228.22000122070312,47100000,AMZN,1.0045375014470892,0.45801659836763875,0.9995255600938363,flat
2025-10-29,230.3000030517578,232.82000732421875,227.75999450683594,231.6699981689453,52036200,AMZN,0.45801659836763875,-3.2305698405632133,0.45697089412932096,down
2025-10-30,222.86000061035156,228.44000244140625,222.75,227.05999755859375,102252900,AMZN,-3.2305698405632133,9.584492754129247,-3.283904572023767,up
2025-10-31,244.22000122070312,250.5,243.97999572753906,250.10000610351562,166340800,AMZN,9.584492754129247,4.004585509136338,9.152568904562086,up
2025-11-03,254.0,258.6000061035156,252.89999389648438,255.36000061035156,95997800,AMZN,4.004585509136338,-1.8425168014886806,3.9264803615285846,down
2025-11-04,249.32000732421875,257.010009765625,248.66000366210938,250.3800048828125,51546300,AMZN,-1.8425168014886806,0.3529558792604526,-1.8597025701107324,flat
2025-11-05,250.1999969482422,251.0,246.16000366210938,249.02999877929688,40610700,AMZN,0.3529558792604526,-2.861712130072702,0.35233445181079426,down
2025-11-06,243.0399932861328,250.3800048828125,242.1699981689453,249.16000366210938,46004200,AMZN,-2.861712130072702,0.5636975040415049,-2.9034574612610755,up
2025-11-07,244.41000366210938,244.89999389648438,238.49000549316406,242.89999389648438,46374300,AMZN,0.5636975040415049,1.632498741700883,0.5621146751201347,up
2025-11-10,248.39999389648438,251.75,245.58999633789062,248.33999633789062,36476500,AMZN,1.632498741700883,0.28180846386129943,1.6193167513876698,flat
2025-11-11,249.10000610351562,249.75,247.22999572753906,248.41000366210938,23564100,AMZN,0.28180846386129943,-1.9670851205187079,0.2814121282400631,down
2025-11-12,244.1999969482422,250.3699951171875,243.75,250.24000549316406,31190100,AMZN,-1.9670851205187079,-2.7108907452568887,-1.986689759076167,down
2025-11-13,237.5800018310547,243.75,236.5,243.0500030517578,41401700,AMZN,-2.7108907452568887,-1.2164320933474637,-2.7483132611142094,down
2025-11-14,234.69000244140625,238.72999572753906,232.88999938964844,235.05999755859375,38956700,AMZN,-1.2164320933474637,-0.7754941860691922,-1.223891180071706,down
2025-11-17,232.8699951171875,234.60000610351562,229.19000244140625,233.25,59919000,AMZN,-0.7754941860691922,-4.431653833391602,-0.7785167790615941,down
2025-11-18,222.5500030517578,230.1999969482422,222.4199981689453,228.10000610351562,60608400,AMZN,-4.431653833391602,0.06290693674619874,-4.532852780262118,flat
2025-11-19,222.69000244140625,223.74000549316406,218.52000427246094,223.74000549316406,58335600,AMZN,0.06290693674619874,-2.492255148822009,0.06288715862684946,down
2025-11-20,217.13999938964844,227.41000366210938,216.74000549316406,227.0500030517578,50309000,AMZN,-2.492255148822009,1.6348913427910006,-2.5238376767976147,up
2025-11-21,220.69000244140625,222.2100067138672,215.17999267578125,216.35000610351562,68490500,AMZN,1.6348913427910006,2.532963104830621,1.6216708929833619,up
2025-11-24,226.27999877929688,227.3300018310547,222.27000427246094,222.55999755859375,54318400,AMZN,2.532963104830621,1.49814363087164,2.5014152157624068,up
2025-11-25,229.6699981689453,230.52000427246094,223.8000030517578,226.3800048828125,39379300,AMZN,1.49814363087164,-0.22205534501759105,1.487032297548011,flat
2025-11-26,229.16000366210938,231.75,228.77000427246094,230.74000549316406,38497900,AMZN,-0.22205534501759105,1.771686809963624,-0.22230225348219157,up
2025-11-28,233.22000122070312,233.2899932861328,230.22000122070312,231.24000549316406,20292300,AMZN,1.771686809963624,0.2829961661327651,1.756175380535844,flat
2025-12-01,233.8800048828125,235.8000030517578,232.25,233.22000122070312,42904000,AMZN,0.2829961661327651,0.23088475921804186,0.2825964858582112,flat
2025-12-02,234.4199981689453,238.97000122070312,233.5500030517578,235.00999450683594,45785400,AMZN,0.23088475921804186,-0.8702300580441968,0.23061862991379645,down
2025-12-03,232.3800048828125,233.3800048828125,230.61000061035156,233.35000610351562,35495100,AMZN,-0.8702300580441968,-1.407179707268691,-0.8740386717129234,down
2025-12-04,229.11000061035156,233.5,226.8000030517578,232.77000427246094,45683200,AMZN,-1.407179707268691,0.18331725713693903,-1.4171743534491208,flat
2025-12-05,229.52999877929688,231.24000549316406,228.5500030517578,230.32000732421875,33117400,AMZN,0.18331725713693903,-1.1501761877265149,0.18314943611840917,down
2025-12-08,226.88999938964844,230.8300018310547,226.27000427246094,229.58999633789062,35019200,AMZN,-1.1501761877265149,0.4539639393836836,-1.1568418747626616,flat
2025-12-09,227.9199981689453,228.57000732421875,225.11000061035156,226.83999633789062,25841700,AMZN,0.4539639393836836,1.6935769749744978,0.45293663099214254,up
2025-12-10,231.77999877929688,232.4199981689453,228.4600067138672,228.80999755859375,38790700,AMZN,1.6935769749744978,-0.6471654188885845,1.6793958483706912,down
2025-12-11,230.27999877929688,232.11000061035156,228.69000244140625,230.7100067138672,28249600,AMZN,-0.6471654188885845,-1.7760970816273702,-0.6492686132941978,down
2025-12-12,226.19000244140625,230.0800018310547,225.1199951171875,229.8699951171875,35639100,AMZN,-1.7760970816273702,-1.613691637948922,-1.7920589673159202,down
2025-12-15,222.5399932861328,227.92999267578125,221.5,227.92999267578125,47286100,AMZN,-1.613691637948922,0.00898906851103387,-1.6268534273204431,flat
2025-12-16,222.55999755859375,223.66000366210938,221.1300048828125,223.0399932861328,39298900,AMZN,0.00898906851103387,-0.5796159688549518,0.00898866451848032,down
2025-12-17,221.27000427246094,225.19000244140625,220.99000549316406,224.66000366210938,44034400,AMZN,-0.5796159688549518,2.4811271877659857,-0.5813022613826454,up
2025-12-18,226.75999450683594,229.22999572753906,224.41000366210938,225.7100067138672,50272400,AMZN,2.4811271877659857,0.26019210221046585,2.450847063987813,flat
2025-12-19,227.35000610351562,229.1300048828125,225.5800018310547,226.75999450683594,85544400,AMZN,0.26019210221046585,0.475032567966549,0.25985418858299947,flat
2025-12-22,228.42999267578125,229.47999572753906,226.7100067138672,228.61000061035156,32261300,AMZN,0.475032567966549,1.6241329216049705,0.47390784871213926,up
2025-12-23,232.13999938964844,232.4499969482422,228.72999572753906,229.05999755859375,29230200,AMZN,1.6241329216049705,0.1033882544133169,1.6110849706755952,flat
2025-12-24,232.3800048828125,232.9499969482422,231.3300018310547,232.1300048828125,11420500,AMZN,0.1033882544133169,0.060245884631537905,0.10333484556670999,flat
2025-12-26,232.52000427246094,232.99000549316406,231.17999267578125,232.0399932861328,15994700,AMZN,0.060245884631537905,-0.19353042317807878,0.06022774408405259,flat
2025-12-29,232.07000732421875,232.60000610351562,230.77000427246094,231.94000244140625,19797900,AMZN,-0.19353042317807878,0.1982123671998126,-0.1937179352692427,flat
2025-12-30,232.52999877929688,232.77000427246094,230.1999969482422,231.2100067138672,21910500,AMZN,0.1982123671998126,-0.7353853111663033,0.19801618568183688,down
2025-12-31,230.82000732421875,232.99000549316406,230.1199951171875,232.91000366210938,24383700,AMZN,-0.7353853111663033,-1.8715913643268745,-0.7381025988312501,down
2026-01-02,226.5,235.4600067138672,224.6999969482422,231.33999633789062,51456200,AMZN,-1.8715913643268745,2.8962461627345393,-1.889327280046985,up
2026-01-05,233.05999755859375,234.0,227.17999267578125,228.83999633789062,49733300,AMZN,2.8962461627345393,3.3768107781812384,2.8550975746587546,up
2026-01-06,240.92999267578125,243.17999267578125,232.07000732421875,232.10000610351562,53764700,AMZN,3.3768107781812384,0.2614887734879501,3.3210483799024844,flat
2026-01-07,241.55999755859375,245.2899932861328,239.52000427246094,239.61000061035156,42236500,AMZN,0.2614887734879501,1.9581038977249277,0.26114748641676944,up
2026-01-08,246.2899932861328,246.41000366210938,241.8800048828125,243.05999755859375,39509800,AMZN,1.9581038977249277,0.4425724253495522,1.939179681615764,flat
2026-01-09,247.3800048828125,247.86000061035156,242.24000549316406,244.57000732421875,34560000,AMZN,0.4425724253495522,-0.3678565947722645,0.44159595359424186,flat
2026-01-12,246.47000122070312,248.94000244140625,245.9600067138672,246.72999572753906,35867800,AMZN,-0.3678565947722645,-1.57016882298876,-0.3685348509949097,down
2026-01-13,242.60000610351562,247.66000366210938,240.25,246.52999877929688,38371800,AMZN,-1.57016882298876,-2.4526018373191683,-1.5826265506308397,down
2026-01-14,236.64999389648438,241.27999877929688,236.22000122070312,241.14999389648438,41410600,AMZN,-2.4526018373191683,0.6465239039753046,-2.4831791107773515,up
2026-01-15,238.17999267578125,240.64999389648438,236.6300048828125,239.30999755859375,43003600,AMZN,0.6465239039753046,0.39466053837939885,0.6444429028140062,flat
2026-01-16,239.1199951171875,239.57000732421875,236.41000366210938,239.08999633789062,45888300,AMZN,0.39466053837939885,-3.3957825706746436,0.39388379666792667,down
2026-01-20,231.0,235.08999633789062,229.33999633789062,233.75999450683594,47737900,AMZN,-3.3957825706746436,0.1341980773133189,-3.4547787033963577,flat
2026-01-21,231.30999755859375,232.3000030517578,226.8800048828125,231.08999633789062,47276100,AMZN,0.1341980773133189,1.309929882528893,0.13410811217221105,up
2026-01-22,234.33999633789062,235.72000122070312,230.89999389648438,234.0500030517578,31913300,AMZN,1.309929882528893,2.056843645789286,1.3014244969160123,up
2026-01-23,239.16000366210938,240.4499969482422,234.57000732421875,234.9600067138672,33778500,AMZN,2.056843645789286,-0.3094185824689788,2.0359762712410228,flat
2026-01-26,238.4199981689453,240.9499969482422,237.5399932861328,239.97999572753906,32825500,AMZN,-0.3094185824689788,2.625616372331341,-0.3098982715184653,up
2026-01-27,244.67999267578125,244.8800048828125,238.0800018310547,239.69000244140625,38029200,AMZN,2.625616372331341,-0.68252338521122,2.591738783059459,down
2026-01-28,243.00999450683594,247.77999877929688,241.52999877929688,246.3699951171875,40882700,AMZN,-0.68252338521122,-0.5267268047532414,-0.6848632287987609,down
2026-01-29,241.72999572753906,243.0,236.74000549316406,242.82000732421875,47229600,AMZN,-0.5267268047532414,-1.0052507834071855,-0.5281189009015845,down
2026-01-30,239.3000030517578,243.32000732421875,237.63999938964844,239.88999938964844,46585000,AMZN,-1.0052507834071855,1.5294624385431943,-1.0103375476311565,up
2026-02-02,242.9600067138672,245.6300048828125,238.1699981689453,238.30999755859375,37546100,AMZN,1.5294624385431943,-1.7863069956986388,1.5178840703943746,down
2026-02-03,238.6199951171875,246.35000610351562,235.4499969482422,244.97999572753906,53831300,AMZN,-1.7863069956986388,-2.359395582611812,-1.802454038618342,down
2026-02-04,232.99000549316406,238.86000061035156,231.82000732421875,238.86000061035156,51299900,AMZN,-2.359395582611812,-4.420791797466183,-2.387675021837666,down
2026-02-05,222.69000244140625,226.30999755859375,220.3800048828125,224.91000366210938,103509200,AMZN,-4.420791797466183,-5.554804877440455,-4.521487700574902,down
2026-02-06,210.32000732421875,211.44000244140625,200.30999755859375,202.6999969482422,179210900,AMZN,-5.554804877440455,-0.760748406141476,-5.715046551502381,down
2026-02-09,208.72000122070312,212.80999755859375,203.35000610351562,208.97000122070312,91178400,AMZN,-0.760748406141476,-0.8432323191560842,-0.7636568568798812,down
2026-02-10,206.9600067138672,212.64999389648438,206.41000366210938,208.8000030517578,67175000,AMZN,-0.8432323191560842,-1.3915755650289796,-0.8468076358810299,down
2026-02-11,204.0800018310547,208.57000732421875,202.49000549316406,208.05999755859375,65545500,AMZN,-1.3915755650289796,-2.195215448521892,-1.401348751238724,down
2026-02-12,199.60000610351562,203.9600067138672,197.55999755859375,203.9600067138672,83975400,AMZN,-2.195215448521892,-0.4058180323715632,-2.2196688349696987,flat
2026-02-13,198.7899932861328,201.16000366210938,197.27999877929688,198.8800048828125,66321600,AMZN,-0.4058180323715632,1.1871828009746066,-0.4066437083335938,up
2026-02-17,201.14999389648438,201.74000549316406,196.0,198.1300048828125,69879200,AMZN,1.1871828009746066,1.8095945812067304,1.1801910679928636,up
2026-02-18,204.7899932861328,206.86000061035156,201.50999450683594,202.07000732421875,51003300,AMZN,1.8095945812067304,0.034184934085601526,1.7934163011373634,flat
2026-02-19,204.86000061035156,205.63999938964844,202.80999755859375,203.8000030517578,35669600,AMZN,0.034184934085601526,2.5627257563010764,0.03417909236829623,up
2026-02-20,210.11000061035156,211.1699981689453,203.75,204.75999450683594,65881600,AMZN,2.5627257563010764,-2.3035535309270605,2.5304384018124337,down
2026-02-23,205.27000427246094,208.42999267578125,203.11000061035156,208.10000610351562,53581500,AMZN,-2.3035535309270605,1.6027637831418806,-2.3304999462925404,up
2026-02-24,208.55999755859375,210.36000061035156,203.25,205.47000122070312,41137200,AMZN,1.6027637831418806,0.9973158109911839,1.5900551376285548,up
2026-02-25,210.63999938964844,211.58999633789062,208.92999267578125,210.4600067138672,41346400,AMZN,0.9973158109911839,-1.2913032798065993,0.9923754371216356,down
2026-02-26,207.9199981689453,211.0500030517578,205.35000610351562,210.72999572753906,47756800,AMZN,-1.2913032798065993,1.000385652833935,-1.2997130763748654,up
2026-02-27,210.0,210.3300018310547,205.1999969482422,206.8300018310547,57422800,AMZN,1.000385652833935,-0.7666669573102691,0.9954149190768667,down
2026-03-02,208.38999938964844,209.72999572753906,203.4600067138672,204.5500030517578,46001000,AMZN,-0.7666669573102691,0.1631538648142694,-0.7696209563361218,flat
2026-03-03,208.72999572753906,209.17999267578125,202.47999572753906,203.10000610351562,43184900,AMZN,0.1631538648142694,3.8758260730478833,0.16302091348675868,up
2026-03-04,216.82000732421875,217.5399932861328,210.14999389648438,210.47000122070312,54731100,AMZN,3.8758260730478833,0.9777672934109694,3.8026019724350735,up
2026-03-05,218.94000244140625,220.47000122070312,215.58999633789062,215.97999572753906,60943400,AMZN,0.9777672934109694,-2.6171534044230005,0.9730180814114253,down
2026-03-06,213.2100067138672,217.32000732421875,212.52999877929688,214.99000549316406,51152700,AMZN,-2.6171534044230005,0.13132534612816382,-2.6520103831069775,flat
2026-03-09,213.49000549316406,213.82000732421875,207.11000061035156,210.4499969482422,54642900,AMZN,0.13132534612816382,0.393459326562029,0.13123918981728527,flat
2026-03-10,214.3300018310547,215.64999389648438,212.42999267578125,214.19000244140625,35678800,AMZN,0.393459326562029,-0.7838417021498345,0.39268729976542843,down
2026-03-11,212.64999389648438,217.0,211.35000610351562,215.7100067138672,34199300,AMZN,-0.7838417021498345,-1.4671973697334195,-0.7869298894721337,down
2026-03-12,209.52999877929688,211.7100067138672,208.14999389648438,210.38999938964844,44349500,AMZN,-1.4671973697334195,-0.8877013416636048,-1.4780671622370334,down
2026-03-13,207.6699981689453,210.55999755859375,206.22000122070312,209.61000061035156,35662100,AMZN,-0.8877013416636048,1.9598436751117498,-0.8916648837354262,up
2026-03-16,211.74000549316406,212.72000122070312,207.4499969482422,208.35000610351562,42209300,AMZN,1.9598436751117498,1.6340754535353108,1.9408860320450152,up
2026-03-17,215.1999969482422,215.6999969482422,212.42999267578125,212.82000732421875,44969900,AMZN,1.6340754535353108,-2.4767666852414494,1.6208681248397017,down
2026-03-18,209.8699951171875,215.13999938964844,208.8300018310547,213.92999267578125,37846600,AMZN,-2.4767666852414494,-0.5288991452693126,-2.5079545963159666,down
2026-03-19,208.75999450683594,209.1199951171875,206.0500030517578,207.05999755859375,36440600,AMZN,-0.5288991452693126,-1.6238740557820042,-0.5303027681524491,down
2026-03-20,205.3699951171875,207.5399932861328,204.32000732421875,207.39999389648438,63694600,AMZN,-1.6238740557820042,2.322639327005427,-1.6372033885598154,up
2026-03-23,210.13999938964844,212.8000030517578,209.50999450683594,209.7899932861328,44277400,AMZN,2.322639327005427,-1.3800294588880768,2.2960765779813284,down
2026-03-24,207.24000549316406,209.35000610351562,206.63999938964844,207.9499969482422,35351400,AMZN,-1.3800294588880768,2.1569200454641724,-1.3896403903249794,up
2026-03-25,211.7100067138672,213.07000732421875,209.89999389648438,211.55999755859375,36388800,AMZN,2.1569200454641724,-1.9696817795534227,2.133987694053351,down
2026-03-26,207.5399932861328,212.88999938964844,207.1199951171875,210.61000061035156,46746000,AMZN,-1.9696817795534227,-3.9510442389467326,-1.9893385566031805,down
2026-03-27,199.33999633789062,206.60000610351562,199.13999938964844,206.4600067138672,56009800,AMZN,-3.9510442389467326,0.8076656164990315,-4.031216865924322,up
2026-03-30,200.9499969482422,203.8000030517578,199.97999572753906,201.47999572753906,46373800,AMZN,0.8076656164990315,3.642700888472339,0.8044214540419324,up
2026-03-31,208.27000427246094,210.27999877929688,204.13999938964844,204.85000610351562,58470100,AMZN,3.642700888472339,1.1043371606930696,3.5779229656415903,up
2026-04-01,210.57000732421875,213.5800018310547,208.19000244140625,210.44000244140625,45955400,AMZN,1.1043371606930696,-0.37992260242744047,1.09828388282875,flat
2026-04-02,209.77000427246094,212.2100067138672,204.89999389648438,206.5399932861328,31453000,AMZN,-0.37992260242744047,1.4396667550949482,-0.3806461415203655,up
2026-04-06,212.7899932861328,212.9499969482422,209.58999633789062,209.8000030517578,25385500,AMZN,1.4396667550949482,0.46055313560273703,1.429401955243689,flat
2026-04-07,213.77000427246094,213.97000122070312,209.0800018310547,211.24000549316406,28154600,AMZN,0.46055313560273703,3.499085736091123,0.4594958346946372,up
2026-04-08,221.25,226.10000610351562,219.6199951171875,223.7899932861328,51092700,AMZN,3.499085736091123,5.6045170153601775,3.4392593210598474,up
2026-04-09,233.64999389648438,233.8000030517578,223.27000427246094,225.22999572753906,65964200,AMZN,5.6045170153601775,2.0244002182271403,5.453095913592383,up
2026-04-10,238.3800048828125,240.42999267578125,235.2100067138672,235.3000030517578,56912800,AMZN,2.0244002182271403,0.6334400855383171,2.0041816513914186,up
2026-04-13,239.88999938964844,240.0,235.75,237.4499969482422,42166200,AMZN,0.6334400855383171,3.8059130876826774,0.6314422859656275,up
2026-04-14,249.02000427246094,252.17999267578125,241.77999877929688,241.77999877929688,72685000,AMZN,3.8059130876826774,-0.208820280916866,3.7352749283832893,flat
2026-04-15,248.5,250.44000244140625,247.1999969482422,249.25,43045200,AMZN,-0.208820280916866,0.4828961562342915,-0.20903861446825195,flat
2026-04-16,249.6999969482422,250.0,244.1999969482422,248.50999450683594,41895700,AMZN,0.4828961562342915,0.3444135445984209,0.48173395273468644,flat
2026-04-17,250.55999755859375,256.17999267578125,250.11000061035156,254.99000549316406,52029300,AMZN,0.3444135445984209,-0.9099612075002872,0.3438217994609277,down
2026-04-20,248.27999877929688,250.17999267578125,245.3699951171875,249.19000244140625,39463100,AMZN,-0.9099612075002872,0.6565188057139792,-0.9141266429826336,up
2026-04-21,249.91000366210938,255.08999633789062,249.10000610351562,255.08999633789062,42922400,AMZN,0.6565188057139792,2.1807838295304194,0.6543731071590067,up
2026-04-22,255.36000061035156,255.94000244140625,250.3300018310547,252.44000244140625,36065100,AMZN,2.1807838295304194,-0.1096486445127054,2.1573448951202066,flat
2026-04-23,255.0800018310547,258.7900085449219,253.07000732421875,255.38999938964844,39091400,AMZN,-0.1096486445127054,3.4930172257179093,-0.10970880261797461,up
2026-04-24,263.989990234375,264.5,257.69000244140625,259.9800109863281,53777400,AMZN,3.4930172257179093,-1.0871605831113018,3.433395802318678,down
2026-04-27,261.1199951171875,264.1499938964844,260.3399963378906,263.4599914550781,44906800,AMZN,-1.0871605831113018,-0.5438047398549362,-1.093113357236666,down
2026-04-28,259.70001220703125,261.0299987792969,256.6300048828125,258.3900146484375,42204400,AMZN,-0.5438047398549362,1.2860978748156615,-0.5452887403187945,up
2026-04-29,263.0400085449219,265.9100036621094,257.70001220703125,257.989990234375,72367900,AMZN,1.2860978748156615,0.7679398373068747,1.277897868001351,up
2026-04-30,265.05999755859375,273.8800048828125,256.1600036621094,273.1700134277344,100974900,AMZN,0.7679398373068747,1.2072784412985094,0.7650061888693174,up
2026-05-01,268.260009765625,273.32000732421875,262.739990234375,265.5799865722656,50825200,AMZN,1.2072784412985094,1.4128002271583506,1.2000489635761666,up
2026-05-04,272.04998779296875,276.1000061035156,268.79998779296875,268.79998779296875,49083700,AMZN,1.4128002271583506,0.5513692583370089,1.4029132183864346,up
2026-05-05,273.54998779296875,278.55999755859375,272.3800048828125,276.0799865722656,41908500,AMZN,0.5513692583370089,0.5264129064761924,0.5498547823946398,up
2026-05-06,274.989990234375,277.79998779296875,272.2099914550781,272.8900146484375,44552000,AMZN,0.5264129064761924,-1.389133038400725,0.5250321971042334,down
2026-05-07,271.1700134277344,276.6300048828125,270.489990234375,275.0199890136719,35892900,AMZN,-1.389133038400725,0.5568385784843644,-1.398871786017844,up
2026-05-08,272.67999267578125,274.0,269.95001220703125,271.6300048828125,34732700,AMZN,0.5568385784843644,-1.3532354923427414,0.5552939638259035,down
2026-05-11,268.989990234375,273.6300048828125,268.4800109863281,269.8399963378906,38176700,AMZN,-1.3532354923427414,-1.1784761609137218,-1.3624751749596187,down
2026-05-12,265.82000732421875,267.6499938964844,262.6300048828125,266.7099914550781,36776200,AMZN,-1.1784761609137218,1.6213969753363422,-1.1854752338375165,up
2026-05-13,270.1300048828125,270.7200012207031,263.20001220703125,264.42999267578125,39670900,AMZN,1.6213969753363422,-1.0772604336833247,1.608392713413966,down
2026-05-14,267.2200012207031,270.7799987792969,266.6300048828125,269.1499938964844,31338400,AMZN,-1.0772604336833247,-1.1526033074604314,-1.0831048951722346,down
2026-05-15,264.1400146484375,264.3599853515625,260.8900146484375,262.5,40770300,AMZN,-1.1526033074604314,0.27257161474880665,-1.15929726561524,flat
2026-05-18,264.8599853515625,268.8500061035156,262.5299987792969,263.8699951171875,33690800,AMZN,0.27257161474880665,-2.0841158796957915,0.27220081197222257,down
2026-05-19,259.3399963378906,262.25,255.19000244140625,262.0400085449219,40340700,AMZN,-2.0841158796957915,2.1863243262898013,-2.1061401192618883,up
2026-05-20,265.010009765625,265.5799865722656,259.5299987792969,260.04998779296875,34933200,AMZN,2.1863243262898013,1.301830709151064,2.1627669973466714,up
2026-05-21,268.4599914550781,269.489990234375,261.3699951171875,263.5,36591700,AMZN,1.301830709151064,-0.7971333528174807,1.2934297256761875,down
2026-05-22,266.32000732421875,269.7900085449219,266.239990234375,268.6600036621094,27535500,AMZN,-0.7971333528174807,-0.3867523096163561,-0.8003274461743801,flat
2026-05-26,265.2900085449219,269.29998779296875,262.07000732421875,267.94000244140625,38028100,AMZN,-0.3867523096163561,2.472764652756587,-0.38750213028487135,up
2026-05-27,271.8500061035156,272.4100036621094,265.70001220703125,266.1499938964844,40061900,AMZN,2.472764652756587,0.7908750591183455,2.442686657821389,up
2026-05-28,274.0,274.5,267.44000244140625,272.2699890136719,40630400,AMZN,0.7908750591183455,-1.226272026117703,0.7877640344363742,down
2026-05-29,270.6400146484375,274.75,269.6400146484375,271.2900085449219,54749600,AMZN,-1.226272026117703,-3.465860321873382,-1.2338527790443166,down
2026-06-01,261.260009765625,266.6300048828125,260.70001220703125,266.2900085449219,53604400,AMZN,-3.465860321873382,-1.81429249589532,-3.5273461160258575,down
2026-06-02,256.5199890136719,261.20001220703125,254.3699951171875,257.1600036621094,41811000,AMZN,-1.81429249589532,-2.533909644314114,-1.8309525985056376,down
2026-06-03,250.02000427246094,257.0899963378906,247.7100067138672,254.6999969482422,51394200,AMZN,-2.533909644314114,1.507874949703436,-2.5665659701418484,up
2026-06-04,253.7899932861328,255.8300018310547,251.75,253.1199951171875,35609800,AMZN,1.507874949703436,-3.057644001781823,1.4966195195498921,down
2026-06-05,246.02999877929688,256.3800048828125,245.77999877929688,254.25999450683594,55607800,AMZN,-3.057644001781823,-0.32922715222234444,-3.105365219156565,flat
2026-06-08,245.22000122070312,249.4199981689453,243.36000061035156,246.67999267578125,33899500,AMZN,-0.32922715222234444,-0.4200304926880172,-0.32977029725941287,flat
2026-06-09,244.19000244140625,250.42999267578125,240.39999389648438,247.72999572753906,44425400,AMZN,-0.4200304926880172,-2.5349123139844942,-0.4209150987076249,down
2024-06-11,170.66000366210938,174.75,167.41000366210938,173.9199981689453,64761900,TSLA,,3.8849112163094723,,up
2024-06-12,177.2899932861328,180.5500030517578,169.8000030517578,171.1199951171875,90389400,TSLA,3.8849112163094723,2.9217711832219218,3.811347747393242,up
2024-06-13,182.47000122070312,191.0800018310547,181.22999572753906,188.38999938964844,118984100,TSLA,2.9217711832219218,-2.4442410719736185,2.8799010597446486,down
2024-06-14,178.00999450683594,186.0,176.9199981689453,185.8000030517578,82038200,TSLA,-2.4442410719736185,5.2974598199923895,-2.474608500772532,up
2024-06-17,187.44000244140625,188.80999755859375,177.0,177.9199981689453,109786100,TSLA,5.2974598199923895,-1.3764414198944475,5.161910959393889,down
2024-06-18,184.86000061035156,187.1999969482422,182.3699951171875,186.55999755859375,68982300,TSLA,-1.3764414198944475,-1.7797215597047833,-1.3860022086213655,down
2024-06-20,181.57000732421875,185.2100067138672,179.66000366210938,184.67999267578125,55893100,TSLA,-1.7797215597047833,0.7930754665036011,-1.7957490517488177,up
2024-06-21,183.00999450683594,183.9499969482422,180.69000244140625,182.3000030517578,61937300,TSLA,0.7930754665036011,-0.23495584322592578,0.7899471520700999,flat
2024-06-24,182.5800018310547,188.8000030517578,182.5500030517578,184.97000122070312,61992100,TSLA,-0.23495584322592578,2.6125557150967316,-0.23523229758259132,up
2024-06-25,187.35000610351562,187.97000122070312,182.00999450683594,184.39999389648438,62905700,TSLA,2.6125557150967316,4.814512260377568,2.5790114652126834,up
2024-06-26,196.3699951171875,197.75999450683594,186.36000061035156,186.5399932861328,95737100,TSLA,4.814512260377568,0.5347064612041263,4.702205207892796,up
2024-06-27,197.4199981689453,198.72000122070312,194.0500030517578,195.1699981689453,72746500,TSLA,0.5347064612041263,0.2330091774560339,0.5332819818052439,flat
2024-06-28,197.8800048828125,203.1999969482422,195.25999450683594,199.5500030517578,95438100,TSLA,0.2330091774560339,6.054171938510811,0.23273813203096338,up
2024-07-01,209.86000061035156,213.22999572753906,200.85000610351562,201.02000427246094,135691400,TSLA,6.054171938510811,10.19727143535938,5.877983360300819,up
2024-07-02,231.25999450683594,231.3000030517578,218.05999755859375,218.88999938964844,205047900,TSLA,10.19727143535938,6.542422054051067,9.710195030947986,up
2024-07-03,246.38999938964844,248.35000610351562,234.25,234.55999755859375,166561500,TSLA,6.542422054051067,2.082067005771515,6.337304899541437,up
2024-07-05,251.52000427246094,252.3699951171875,242.4600067138672,249.80999755859375,154501200,TSLA,2.082067005771515,0.5645666924397386,2.0606882284373107,up
2024-07-08,252.94000244140625,259.44000244140625,244.57000732421875,247.7100067138672,157219600,TSLA,0.5645666924397386,3.712336538398886,0.5629789876539415,up
2024-07-09,262.3299865722656,265.6099853515625,250.3000030517578,251.0,160210900,TSLA,3.712336538398886,0.3545241645880992,3.6450885897889704,flat
2024-07-10,263.260009765625,267.5899963378906,257.8599853515625,262.79998779296875,128519400,TSLA,0.3545241645880992,-8.444127539962887,0.3538972090407051,down
2024-07-11,241.02999877929688,271.0,239.64999389648438,263.29998779296875,221707300,TSLA,-8.444127539962887,2.9871787680814776,-8.822077208547265,up
2024-07-12,248.22999572753906,251.83999633789062,233.08999633789062,235.8000030517578,155955800,TSLA,2.9871787680814776,1.776579679334911,2.9434316513726215,up
2024-07-15,252.63999938964844,265.6000061035156,251.72999572753906,255.97000122070312,146912900,TSLA,1.776579679334911,1.5516142251486675,1.7609829570940914,up
2024-07-16,256.55999755859375,258.6199951171875,245.8000030517578,255.30999755859375,126332500,TSLA,1.5516142251486675,-3.1415644041518975,1.5396997777534727,down
2024-07-17,248.5,258.4700012207031,246.17999267578125,252.72999572753906,115584800,TSLA,-3.1415644041518975,0.2937608561525362,-3.191970033228898,flat
2024-07-18,249.22999572753906,257.1400146484375,247.1999969482422,251.08999633789062,110869000,TSLA,0.2937608561525362,-4.024394716220991,0.2933302220995548,down
2024-07-19,239.1999969482422,249.44000244140625,236.8300018310547,247.7899932861328,87403900,TSLA,-4.024394716220991,5.146320115237035,-4.107613843938729,up
2024-07-22,251.50999450683594,253.2100067138672,243.75,244.2100067138672,101225400,TSLA,5.146320115237035,-2.0396762498772203,5.018271902171053,down
2024-07-23,246.3800048828125,255.75999450683594,245.6300048828125,253.60000610351562,111928200,TSLA,-2.0396762498772203,-12.334604589403696,-2.060764898795659,down
2024-07-24,215.99000549316406,225.99000549316406,214.7100067138672,225.4199981689453,167942900,TSLA,-12.334604589403696,1.9723109396238891,-13.164294360339134,up
2024-07-25,220.25,226.0,216.22999572753906,216.8000030517578,100636500,TSLA,1.9723109396238891,-0.20431189477511102,1.953112906763447,flat
2024-07-26,219.8000030517578,222.27999877929688,215.3300018310547,221.19000244140625,94604100,TSLA,-0.20431189477511102,5.595997671056185,-0.20452089625195088,up
2024-07-29,232.10000610351562,234.27000427246094,224.6999969482422,224.89999389648438,129201800,TSLA,5.595997671056185,-4.084450985365374,5.445028372354368,down
2024-07-30,222.6199951171875,232.41000366210938,220.0,232.25,100560300,TSLA,-4.084450985365374,4.244907202543402,-4.170207944562914,up
2024-07-31,232.07000732421875,234.67999267578125,226.7899932861328,227.89999389648438,67497000,TSLA,4.244907202543402,-6.5540596517574485,4.157282172336867,down
2024-08-01,216.86000061035156,231.8699951171875,214.3300018310547,227.69000244140625,83861900,TSLA,-6.5540596517574485,-4.237758192170538,-6.778709499652093,down
2024-08-02,207.6699981689453,216.1300048828125,205.77999877929688,214.8800048828125,82880100,TSLA,-4.237758192170538,-4.232673647438423,-4.330171432078035,down
2024-08-05,198.8800048828125,203.8800048828125,182.0,185.22000122070312,100308800,TSLA,-4.232673647438423,0.8849529684359148,-4.324862022379944,up
2024-08-06,200.63999938964844,202.89999389648438,192.6699981689453,200.75,73783900,TSLA,0.8849529684359148,-4.425839767656337,0.8810602088580683,down
2024-08-07,191.75999450683594,203.49000549316406,191.47999572753906,200.77000427246094,71159800,TSLA,-4.425839767656337,3.6921162045623124,-4.526769292244102,up
2024-08-08,198.83999633789062,200.6999969482422,192.0399932861328,195.6999969482422,65033900,TSLA,3.6921162045623124,0.5833854775063374,3.6255901329012614,up
2024-08-09,200.0,200.8800048828125,195.11000061035156,197.0500030517578,58648300,TSLA,0.5833854775063374,-1.2549972534179665,0.5816903738932659,down
2024-08-12,197.49000549316406,199.25999450683594,194.6699981689453,199.02000427246094,64044900,TSLA,-1.2549972534179665,5.235706137163754,-1.2629388585244743,up
2024-08-13,207.8300018310547,208.49000549316406,197.05999755859375,198.47000122070312,76247400,TSLA,5.235706137163754,-3.10349655555765,5.103246867853809,down
2024-08-14,201.3800048828125,208.44000244140625,198.75,207.38999938964844,70250000,TSLA,-3.10349655555765,6.336276788880446,-3.1526751907101582,up
2024-08-15,214.13999938964844,215.8800048828125,204.82000732421875,205.02000427246094,89848500,TSLA,6.336276788880446,0.9246267550119258,6.143630914565022,up
2024-08-16,216.1199951171875,219.8000030517578,210.8000030517578,211.14999389648438,88765100,TSLA,0.9246267550119258,3.0538618603692225,0.9203782502924531,up
2024-08-19,222.72000122070312,222.97999572753906,214.08999633789062,217.07000732421875,76435200,TSLA,3.0538618603692225,-0.7273684933137958,3.00815962441386,down
2024-08-20,221.10000610351562,228.22000122070312,219.55999755859375,224.8800048828125,74001200,TSLA,-0.7273684933137958,0.9814554993405888,-0.7300267158314732,up
2024-08-21,223.27000427246094,224.66000366210938,218.86000061035156,222.6699981689453,70146000,TSLA,0.9814554993405888,-5.6478704568676985,0.9766705077567319,down
2024-08-22,210.66000366210938,224.8000030517578,210.32000732421875,223.82000732421875,79514500,TSLA,-5.6478704568676985,4.585589810206048,-5.813634375381778,up
2024-08-23,220.32000732421875,221.47999572753906,214.2100067138672,214.4600067138672,81525200,TSLA,4.585589810206048,-3.2271243527550397,4.483559143151688,down
2024-08-26,213.2100067138672,219.08999633789062,211.00999450683594,218.75,59301200,TSLA,-3.2271243527550397,-1.8760845523390857,-3.2803441227523,down
2024-08-27,209.2100067138672,215.66000366210938,206.94000244140625,213.25,62821400,TSLA,-1.8760845523390857,-1.653843794670573,-1.8939062709292416,down
2024-08-28,205.75,211.83999633789062,202.58999633789062,209.72000122070312,64116400,TSLA,-1.653843794670573,0.2575935743848623,-1.667672472989858,flat
2024-08-29,206.27999877929688,214.88999938964844,205.97000122070312,209.8000030517578,62308800,TSLA,0.2575935743848623,3.795812428442069,0.25726237078790365,up
2024-08-30,214.11000061035156,214.57000732421875,207.02999877929688,208.6300048828125,63370600,TSLA,3.795812428442069,-1.6393416920415627,3.725544123667223,down
2024-09-03,210.60000610351562,219.89999389648438,209.63999938964844,215.25999450683594,76714200,TSLA,-1.6393416920415627,4.183284569452206,-1.6529275820300127,up
2024-09-04,219.41000366210938,222.22000122070312,210.57000732421875,210.58999633789062,80651800,TSLA,4.183284569452206,4.904058305110959,4.098151366314127,up
2024-09-05,230.1699981689453,235.0,222.25,223.49000549316406,119355000,TSLA,4.904058305110959,-8.44593239607937,4.787601603580367,down
2024-09-06,210.72999572753906,233.60000610351562,210.50999450683594,232.60000610351562,112177000,TSLA,-8.44593239607937,2.6289605928169646,-8.824048544582775,up
2024-09-09,216.27000427246094,219.8699951171875,213.6699981689453,216.1999969482422,67443500,TSLA,2.6289605928169646,4.577608406578748,2.5949973905266996,up
2024-09-10,226.1699981689453,226.39999389648438,218.63999938964844,220.07000732421875,78891100,TSLA,4.577608406578748,0.8666077418469476,4.475927395598372,up
2024-09-11,228.1300048828125,228.47000122070312,216.8000030517578,224.5500030517578,83548600,TSLA,0.8666077418469476,0.7364189890953776,0.8628742512625562,up
2024-09-12,229.80999755859375,231.4499969482422,223.8300018310547,224.66000366210938,71894900,TSLA,0.7364189890953776,0.20886633855721204,0.7337206636805016,flat
2024-09-13,230.2899932861328,232.6699981689453,226.32000732421875,228.0,59515100,TSLA,0.20886633855721204,-1.5241628421408637,0.20864851607279924,down
2024-09-16,226.77999877929688,229.9600067138672,223.52999877929688,229.3000030517578,54323000,TSLA,-1.5241628421408637,0.4806404196833203,-1.53589759450266,flat
2024-09-17,227.8699951171875,234.57000732421875,226.5500030517578,229.4499969482422,66761600,TSLA,0.4806404196833203,-0.2940264990135111,0.4794890315022082,flat
2024-09-18,227.1999969482422,235.67999267578125,226.8800048828125,230.08999633789062,78010200,TSLA,-0.2940264990135111,7.359155565707187,-0.2944596060988641,up
2024-09-19,243.9199981689453,244.24000549316406,232.1300048828125,234.0,102694600,TSLA,7.359155565707187,-2.324531900421767,7.1009621758252015,down
2024-09-20,238.25,243.99000549316406,235.9199981689453,241.52000427246094,99879100,TSLA,-2.324531900421767,4.931794333683115,-2.3519752638904134,up
2024-09-23,250.0,250.0,241.9199981689453,242.61000061035156,86927200,TSLA,4.931794333683115,1.7080017089843746,4.8140375327935025,up
2024-09-24,254.27000427246094,257.19000244140625,249.0500030517578,254.0800018310547,88491000,TSLA,1.7080017089843746,1.0815214909361437,1.6935793509053216,up
2024-09-25,257.0199890136719,257.04998779296875,252.27999877929688,252.5399932861328,65034300,TSLA,1.0815214909361437,-1.089404681602335,1.0757148762662456,down
2024-09-26,254.22000122070312,261.75,251.52999877929688,260.6000061035156,67142200,TSLA,-1.089404681602335,2.4545630573566513,-1.0953821465680538,up
2024-09-27,260.4599914550781,260.70001220703125,254.1199951171875,257.3800048828125,70988100,TSLA,2.4545630573566513,0.4492104223754234,2.4249227064234113,flat
2024-09-30,261.6300048828125,264.8599853515625,255.77000427246094,259.0400085449219,80705700,TSLA,0.4492104223754234,-1.3798172234708361,0.44820448375330624,down
2024-10-01,258.0199890136719,263.9800109863281,248.52999877929688,262.6700134277344,87397600,TSLA,-1.3798172234708361,-3.488095932262847,-1.3894251852425752,down
2024-10-02,249.02000427246094,251.16000366210938,241.5,247.5500030517578,93983900,TSLA,-3.488095932262847,-3.357160254966751,-3.550382703625727,down
2024-10-03,240.66000366210938,249.7899932861328,237.80999755859375,244.47999572753906,80729200,TSLA,-3.357160254966751,3.914235030998814,-3.4148067454407056,up
2024-10-04,250.0800018310547,250.9600067138672,244.5800018310547,246.69000244140625,86573200,TSLA,3.914235030998814,-3.698816351676526,3.839570976808335,down
2024-10-07,240.8300018310547,249.8300018310547,240.6999969482422,249.0,68113300,TSLA,-3.698816351676526,1.5238957526229946,-3.768957599969925,up
2024-10-08,244.5,246.2100067138672,240.55999755859375,243.55999755859375,56303200,TSLA,1.5238957526229946,-1.4110416966225725,1.5124010919583781,down
2024-10-09,241.0500030517578,247.42999267578125,239.50999450683594,243.82000732421875,66289500,TSLA,-1.4110416966225725,-0.9458613360014412,-1.4210915403026647,down
2024-10-10,238.77000427246094,242.7899932861328,232.33999633789062,241.80999755859375,83087100,TSLA,-0.9458613360014412,-8.782510719719305,-0.9503630132407154,down
2024-10-11,217.8000030517578,223.33999633789062,214.3800048828125,220.1300048828125,142628900,TSLA,-8.782510719719305,0.624426350457119,-9.192353886888906,up
2024-10-14,219.16000366210938,221.91000366210938,213.74000549316406,220.1300048828125,86291900,TSLA,0.624426350457119,0.18707960177875016,0.6224848869363662,flat
2024-10-15,219.57000732421875,224.25999450683594,217.1199951171875,220.00999450683594,62988800,TSLA,0.18707960177875016,0.8015641700267029,0.18690482583788198,up
2024-10-16,221.3300018310547,222.82000732421875,218.92999267578125,221.39999389648438,49632800,TSLA,0.8015641700267029,-0.1987992760882462,0.7983687088569508,flat
2024-10-17,220.88999938964844,222.0800018310547,217.89999389648438,221.58999633789062,50791800,TSLA,-0.1987992760882462,-0.08601676940163117,-0.1989971441327628,flat
2024-10-18,220.6999969482422,222.27999877929688,219.22999572753906,220.7100067138672,49611900,TSLA,-0.08601676940163117,-0.8382378207102636,-0.08605378505268967,down
2024-10-21,218.85000610351562,220.47999572753906,215.72999572753906,218.89999389648438,47329000,TSLA,-0.8382378207102636,-0.4021041161846095,-0.8417707909120813,flat
2024-10-22,217.97000122070312,218.22000122070312,215.25999450683594,217.30999755859375,43268700,TSLA,-0.4021041161846095,-1.9819274670942355,-0.40291472851929233,down
2024-10-23,213.64999389648438,218.72000122070312,212.11000061035156,217.1300048828125,80938900,TSLA,-1.9819274670942355,21.919035070290427,-2.0018310718538106,up
2024-10-24,260.4800109863281,262.1199951171875,242.64999389648438,244.67999267578125,204491900,TSLA,21.919035070290427,3.343823359841336,19.818699146920775,up
2024-10-25,269.19000244140625,269.489990234375,255.32000732421875,256.010009765625,161611900,TSLA,3.343823359841336,-2.4815158866218545,3.2891334056112616,down
2024-10-28,262.510009765625,273.5400085449219,262.239990234375,270.0,107653600,TSLA,-2.4815158866218545,-1.139012091242797,-2.512824530239814,down
2024-10-29,259.5199890136719,264.9800109863281,255.50999450683594,264.510009765625,80521800,TSLA,-1.139012091242797,-0.7590942139718337,-1.145548515134625,down
2024-10-30,257.54998779296875,263.3500061035156,255.82000732421875,258.0400085449219,53993600,TSLA,-0.7590942139718337,-2.9897037679701755,-0.7619899978935549,down
2024-10-31,249.85000610351562,259.75,249.25,257.989990234375,66575300,TSLA,-2.9897037679701755,-0.3482130697311625,-3.035306639591626,flat
2024-11-01,248.97999572753906,254.0,246.6300048828125,252.0399932861328,57544800,TSLA,-0.3482130697311625,-2.4660613282231236,-0.34882074251496176,down
2024-11-04,242.83999633789062,248.89999389648438,238.8800048828125,244.55999755859375,68802400,TSLA,-2.4660613282231236,3.541429020427711,-2.496977961188894,up
2024-11-05,251.44000244140625,255.27999877929688,246.2100067138672,247.33999633789062,69282500,TSLA,3.541429020427711,14.751032444224466,3.480162701711456,up
2024-11-06,288.5299987792969,289.5899963378906,275.6199951171875,284.6700134277344,165228700,TSLA,14.751032444224466,2.904379065700735,13.759466024737685,up
2024-11-07,296.9100036621094,299.75,285.5199890136719,288.8900146484375,117309200,TSLA,2.904379065700735,8.187665372925302,2.8630012464395396,up
2024-11-08,321.2200012207031,328.7099914550781,297.6600036621094,299.1400146484375,204782800,TSLA,8.187665372925302,8.959591143118995,7.869717552417867,up
2024-11-11,350.0,358.6400146484375,336.0,346.29998779296875,210521600,TSLA,8.959591143118995,-6.145717075892854,8.580690404849912,down
2024-11-12,328.489990234375,345.8399963378906,323.30999755859375,342.739990234375,155726000,TSLA,-6.145717075892854,0.5327407385385952,-6.342678815128277,up
2024-11-13,330.239990234375,344.6000061035156,322.5,335.8500061035156,125405600,TSLA,0.5327407385385952,-5.771559508909463,0.5313266949669512,down
2024-11-14,311.17999267578125,329.9800109863281,310.3699951171875,327.69000244140625,120726100,TSLA,-5.771559508909463,3.0657525449785616,-5.944813393194971,up
2024-11-15,320.7200012207031,324.67999267578125,309.2200012207031,310.57000732421875,114440300,TSLA,3.0657525449785616,5.618604684798378,3.0196972790488488,up
2024-11-18,338.739990234375,348.54998779296875,330.010009765625,340.7300109863281,126085600,TSLA,5.618604684798378,2.1432396454288627,5.4664350493325395,up
2024-11-19,346.0,347.3800048828125,332.75,335.760009765625,88852500,TSLA,2.1432396454288627,-1.1473991967350106,2.1205952424013743,down
2024-11-20,342.0299987792969,346.6000061035156,334.29998779296875,345.0,66340700,TSLA,-1.1473991967350106,-0.6987644766217049,-1.154032611298051,down
2024-11-21,339.6400146484375,347.989990234375,335.2799987792969,343.80999755859375,58011700,TSLA,-0.6987644766217049,3.8040225983177356,-0.7012172684276001,up
2024-11-22,352.55999755859375,361.5299987792969,337.70001220703125,341.0899963378906,89140700,TSLA,3.8040225983177356,-3.9624464821427674,3.7334537348467203,down
2024-11-25,338.5899963378906,361.92999267578125,338.20001220703125,360.1400146484375,95890900,TSLA,-3.9624464821427674,-0.1063189566898104,-4.043088853449349,flat
2024-11-26,338.2300109863281,346.9599914550781,335.6600036621094,341.0,62295900,TSLA,-0.1063189566898104,-1.5788061864523528,-0.10637551538453169,down
2024-11-27,332.8900146484375,342.54998779296875,326.5899963378906,341.79998779296875,57896400,TSLA,-1.5788061864523528,3.685898787510977,-1.5914020837727676,up
2024-11-29,345.1600036621094,345.45001220703125,334.6499938964844,336.0799865722656,37167600,TSLA,3.685898787510977,3.4563659025395044,3.619593916712737,up
2024-12-02,357.0899963378906,360.0,351.1499938964844,352.3800048828125,77986500,TSLA,3.4563659025395044,-1.5878302299992542,3.397975234247804,down
2024-12-03,351.4200134277344,355.69000244140625,348.20001220703125,351.79998779296875,58267200,TSLA,-1.5878302299992542,1.8524782309774723,-1.6005713052796626,up
2024-12-04,357.92999267578125,358.1000061035156,348.6000061035156,353.0,50810900,TSLA,1.8524782309774723,3.2296811653515167,1.8355288553428408,up
2024-12-05,369.489990234375,375.42999267578125,359.5,359.8699951171875,81403600,TSLA,3.2296811653515167,5.3397958017247005,3.178623389945424,up
2024-12-06,389.2200012207031,389.489990234375,370.79998779296875,377.4200134277344,81455800,TSLA,5.3397958017247005,0.14644862094215227,5.202108959673976,flat
2024-12-09,389.7900085449219,404.79998779296875,378.010009765625,397.6099853515625,96359200,TSLA,0.14644862094215227,2.873337295448497,0.14634148953150045,up
2024-12-10,400.989990234375,409.7300109863281,390.8500061035156,392.67999267578125,97563600,TSLA,2.873337295448497,5.930322291934931,2.832831050135854,up
2024-12-11,424.7699890136719,424.8800048828125,402.3800048828125,409.70001220703125,104287600,TSLA,5.930322291934931,-1.5702575706076027,5.76113551148347,down
2024-12-12,418.1000061035156,429.29998779296875,415.0,424.8399963378906,87752200,TSLA,-1.5702575706076027,4.336284290396253,-1.5827167140069118,up
2024-12-13,436.2300109863281,436.29998779296875,415.7099914550781,420.0,89000200,TSLA,4.336284290396253,6.141250567967771,4.244899941747966,up
2024-12-16,463.0199890136719,463.19000244140625,436.1499938964844,441.0899963378906,114083800,TSLA,6.141250567967771,3.6369912179738284,5.960057359180242,up
2024-12-17,479.8599853515625,483.989990234375,457.510009765625,475.8999938964844,131223000,TSLA,3.6369912179738284,-8.27949436951747,3.5724138195772257,down
2024-12-18,440.1300048828125,488.5400085449219,427.010009765625,466.5,149340800,TSLA,-8.27949436951747,-0.8997322180141931,-8.642421525210743,down
2024-12-19,436.1700134277344,456.3599853515625,420.0199890136719,451.8800048828125,118566100,TSLA,-0.8997322180141931,-3.4642491239586515,-0.9038042516689774,down
2024-12-20,421.05999755859375,447.0799865722656,417.6400146484375,425.510009765625,132216200,TSLA,-3.4642491239586515,2.2657123925894362,-3.52567708528249,up
2024-12-23,430.6000061035156,434.510009765625,415.4100036621094,431.0,72698100,TSLA,2.2657123925894362,7.357174228224572,2.2404263560535638,up
2024-12-24,462.2799987792969,462.7799987792969,435.1400146484375,435.8999938964844,59551800,TSLA,7.357174228224572,-1.7629994630971146,7.09911663619198,down
2024-12-26,454.1300048828125,465.3299865722656,451.0199890136719,465.1600036621094,76366400,TSLA,-1.7629994630971146,-4.947922616674816,-1.7787254049436576,down
2024-12-27,431.6600036621094,450.0,426.5,449.5199890136719,82666800,TSLA,-4.947922616674816,-3.301209257078741,-5.0745261602583325,down
2024-12-30,417.4100036621094,427.0,415.75,419.3999938964844,64941000,TSLA,-3.301209257078741,-3.2510019417751113,-3.3569288850867873,down
2024-12-31,403.8399963378906,427.92999267578125,402.5400085449219,423.7900085449219,76825100,TSLA,-3.2510019417751113,-6.081615932376483,-3.305021011916344,down
2025-01-02,379.2799987792969,392.7300109863281,373.0400085449219,390.1000061035156,109710700,TSLA,-6.081615932376483,8.215567328200034,-6.274403546918701,up
2025-01-03,410.44000244140625,411.8800048828125,379.45001220703125,381.4800109863281,95423300,TSLA,8.215567328200034,0.14861742226248698,7.895504556688627,flat
2025-01-06,411.04998779296875,426.42999267578125,401.70001220703125,423.20001220703125,85516500,TSLA,0.14861742226248698,-4.06033400731115,0.14850709586745647,down
2025-01-07,394.3599853515625,414.3299865722656,390.0,405.8299865722656,75699500,TSLA,-4.06033400731115,0.14707807875757872,-4.145067133894483,flat
2025-01-08,394.94000244140625,402.5,387.3999938964844,392.95001220703125,73038800,TSLA,0.14707807875757872,-0.05064369418008585,0.1469700248873857,flat
2025-01-10,394.739990234375,399.2799987792969,377.2900085449219,391.3999938964844,62287300,TSLA,-0.05064369418008585,2.1710512074366584,-0.0506565224302029,up
2025-01-13,403.30999755859375,403.7900085449219,380.07000732421875,383.2099914550781,67580500,TSLA,2.1710512074366584,-1.7232432245921525,2.1478195369560784,down
2025-01-14,396.3599853515625,422.6400146484375,394.5400085449219,414.3399963378906,84565000,TSLA,-1.7232432245921525,8.038151439752795,-1.7382638722844803,up
2025-01-15,428.2200012207031,429.79998779296875,405.6600036621094,409.8999938964844,81375500,TSLA,8.038151439752795,-3.362756026209679,7.731423282838396,down
2025-01-16,413.82000732421875,424.0,409.1300048828125,423.489990234375,68335200,TSLA,-3.362756026209679,3.0641323404759335,-3.420597069137618,up
2025-01-17,426.5,439.739990234375,419.75,421.5,94991400,TSLA,3.0641323404759335,-0.569752092797482,3.0181252561434246,down
2025-01-21,424.07000732421875,433.20001220703125,406.30999755859375,432.6400146484375,87320900,TSLA,-0.569752092797482,-2.11286387103673,-0.5713813715474868,down
2025-01-22,415.1099853515625,428.0,414.5899963378906,416.80999755859375,60963300,TSLA,-2.11286387103673,-0.6576523247056931,-2.1355043154943147,down
2025-01-23,412.3800048828125,420.7300109863281,408.95001220703125,416.05999755859375,50690600,TSLA,-0.6576523247056931,-1.406474184458839,-0.6598243859181292,down
2025-01-24,406.5799865722656,418.8800048828125,405.7799987792969,414.45001220703125,56427100,TSLA,-1.406474184458839,-2.3193450212053546,-1.4164587635274255,down
2025-01-27,397.1499938964844,406.69000244140625,389.0,394.79998779296875,58125500,TSLA,-2.3193450212053546,0.23668700890153715,-2.346665085600737,flat
2025-01-28,398.0899963378906,400.5899963378906,386.5,396.9100036621094,48910700,TSLA,0.23668700890153715,-2.258280870425211,0.23640734639690625,down
2025-01-29,389.1000061035156,398.5899963378906,384.4800109863281,395.2099914550781,68033600,TSLA,-2.258280870425211,2.873295425445699,-2.284170549807513,up
2025-01-30,400.2799987792969,412.5,384.4100036621094,410.7799987792969,98092900,TSLA,2.873295425445699,1.0792463618949588,2.8327903495885405,up
2025-01-31,404.6000061035156,419.989990234375,401.3399963378906,401.5299987792969,83283600,TSLA,1.0792463618949588,-5.170542044525339,1.073464064632074,down
2025-02-03,383.67999267578125,389.1700134277344,374.3599853515625,386.67999267578125,93732100,TSLA,-5.170542044525339,2.2232065633156273,-5.309008706919789,up
2025-02-04,392.2099914550781,394.0,381.3999938964844,382.6300048828125,57072200,TSLA,2.2232065633156273,-3.5797094243459227,2.198853609615247,down
2025-02-05,378.1700134277344,388.3900146484375,375.5299987792969,387.510009765625,57223300,TSLA,-3.5797094243459227,-1.0180622383618276,-3.645352337012321,down
2025-02-06,374.32000732421875,375.3999938964844,363.17999267578125,373.0299987792969,77918200,TSLA,-1.0180622383618276,-3.39282217314959,-1.023279935109268,down
2025-02-07,361.6199951171875,380.54998779296875,360.3399963378906,370.19000244140625,70298300,TSLA,-3.39282217314959,-3.0114441341470455,-3.451714290429038,down
2025-02-10,350.7300109863281,362.70001220703125,350.510009765625,356.2099914550781,77514900,TSLA,-3.0114441341470455,-6.338211812502892,-3.057719520938892,down
2025-02-11,328.5,349.3699951171875,325.1000061035156,345.79998779296875,118543400,TSLA,-6.338211812502892,2.43835913717656,-6.547989008634724,up
2025-02-12,336.510009765625,346.3999938964844,329.1199951171875,329.94000244140625,105382700,TSLA,2.43835913717656,5.773971683431944,2.4091057420887543,up
2025-02-13,355.94000244140625,358.69000244140625,342.8500061035156,345.0,89441500,TSLA,5.773971683431944,-0.02809633725618932,5.613428883532556,flat
2025-02-14,355.8399963378906,362.0,347.5,360.6199951171875,68277300,TSLA,-0.02809633725618932,-0.48617665358937634,-0.028100285016493403,flat
2025-02-18,354.1099853515625,359.1000061035156,350.0199890136719,355.010009765625,51631700,TSLA,-0.48617665358937634,1.8214714280444966,-0.48736233685303015,up
2025-02-19,360.55999755859375,367.3399963378906,353.6700134277344,354.0,67094400,TSLA,1.8214714280444966,-1.708454543992588,1.8050813649058695,down
2025-02-20,354.3999938964844,362.29998779296875,348.0,361.510009765625,45965400,TSLA,-1.708454543992588,-4.683974714842765,-1.723217010242546,down
2025-02-21,337.79998779296875,354.9800109863281,334.4200134277344,353.44000244140625,74058600,TSLA,-4.683974714842765,-2.1521578674915554,-4.797223327197698,down
2025-02-24,330.5299987792969,342.3999938964844,324.70001220703125,338.1400146484375,76052300,TSLA,-2.1521578674915554,-8.38955952220366,-2.1756545199510744,down
2025-02-25,302.79998779296875,328.8900146484375,297.25,327.0199890136719,134228800,TSLA,-8.38955952220366,-3.9630120487999076,-8.762494178787733,down
2025-02-26,290.79998779296875,309.0,288.0400085449219,303.7099914550781,100118300,TSLA,-3.9630120487999076,-3.0433204805490277,-4.043677756749929,down
2025-02-27,281.95001220703125,297.2300109863281,280.8800048828125,291.1600036621094,101748200,TSLA,-3.0433204805490277,3.912040539724382,-3.0905910133740466,up
2025-02-28,292.9800109863281,293.8800048828125,273.6000061035156,279.5,115697000,TSLA,3.912040539724382,-2.843203214376444,3.837459125197188,down
2025-03-03,284.6499938964844,303.94000244140625,277.29998779296875,300.3399963378906,115551400,TSLA,-2.843203214376444,-4.429996705409467,-2.884405084526935,down
2025-03-04,272.0400085449219,284.3500061035156,261.8399963378906,270.92999267578125,126706600,TSLA,-4.429996705409467,2.5952056083059283,-4.531118823694168,up
2025-03-05,279.1000061035156,279.54998779296875,267.7099914550781,272.9200134277344,94042900,TSLA,2.5952056083059283,-5.60730689868919,2.5621016692865903,down
2025-03-06,263.45001220703125,272.6499938964844,260.0199890136719,272.05999755859375,98451600,TSLA,-5.60730689868919,-0.29607088371812473,-5.770651942025788,flat
2025-03-07,262.6700134277344,266.25,250.72999572753906,259.32000732421875,102369600,TSLA,-0.29607088371812473,-15.426206822195121,-0.29651004058366415,down
2025-03-10,222.14999389648438,253.3699951171875,220.0,252.5399932861328,189076900,TSLA,-15.426206822195121,3.7947369642955975,-16.754574067757613,up
2025-03-11,230.5800018310547,237.05999755859375,217.02000427246094,225.30999755859375,174896400,TSLA,3.7947369642955975,7.59389121683911,3.7245079838722015,up
2025-03-12,248.08999633789062,251.83999633789062,241.10000610351562,247.22000122070312,142215700,TSLA,7.59389121683911,-2.986820819658198,7.319368705023706,down
2025-03-13,240.67999267578125,248.2899932861328,232.60000610351562,248.1300048828125,114813500,TSLA,-2.986820819658198,3.8640532386444715,-3.032334887533209,up
2025-03-14,249.97999572753906,251.5800018310547,240.72999572753906,247.30999755859375,100242300,TSLA,3.8640532386444715,-4.788383640805238,3.7912677650069933,down
2025-03-17,238.00999450683594,245.39999389648438,232.8000030517578,245.05999755859375,111900600,TSLA,-4.788383640805238,-5.335909096824687,-4.906823105490024,down
2025-03-18,225.30999755859375,230.10000610351562,222.27999877929688,228.16000366210938,111477600,TSLA,-5.335909096824687,4.682438935721978,-5.483544563443516,up
2025-03-19,235.86000061035156,241.41000366210938,229.1999969482422,231.61000061035156,111993800,TSLA,4.682438935721978,0.16958954271570903,4.576119036806543,flat
2025-03-20,236.25999450683594,238.0,230.0500030517578,233.35000610351562,99028300,TSLA,0.16958954271570903,5.269623506518384,0.16944590202751025,up
2025-03-21,248.7100067138672,249.52000427246094,234.5500030517578,234.99000549316406,132728700,TSLA,5.269623506518384,11.933580126800525,5.13547158131408,up
2025-03-24,278.3900146484375,278.6400146484375,256.3299865722656,258.0799865722656,169079900,TSLA,11.933580126800525,3.5022807884516727,11.273547481030482,up
2025-03-25,288.1400146484375,288.20001220703125,271.2799987792969,283.6000061035156,150361500,TSLA,3.5022807884516727,-5.5806261790689256,3.4423463077927825,down
2025-03-26,272.05999755859375,284.8999938964844,266.510009765625,282.6600036621094,153629800,TSLA,-5.5806261790689256,0.39329829222258805,-5.742390273973777,flat
2025-03-27,273.1300048828125,291.8500061035156,271.82000732421875,272.4800109863281,162572100,TSLA,0.39329829222258805,-3.507493471452938,0.3925268964187628,down
2025-03-28,263.54998779296875,276.1000061035156,260.57000732421875,275.5799865722656,123809400,TSLA,-3.507493471452938,-1.6657121359109794,-3.5704833212183233,down
2025-03-31,259.1600036621094,260.55999755859375,243.36000061035156,249.30999755859375,134008900,TSLA,-1.6657121359109794,3.5885119854736525,-1.6797411271064033,up
2025-04-01,268.4599914550781,277.45001220703125,259.25,263.79998779296875,146486900,TSLA,3.5885119854736525,5.326685079977622,3.525624951763979,up
2025-04-02,282.760009765625,284.989990234375,251.27000427246094,254.60000610351562,212787800,TSLA,5.326685079977622,-5.474611137253548,5.189662060946535,down
2025-04-03,267.2799987792969,276.29998779296875,261.510009765625,265.2900085449219,136174300,TSLA,-5.474611137253548,-10.419786826814681,-5.630172235818194,down
2025-04-04,239.42999267578125,261.0,236.0,255.3800048828125,181229400,TSLA,-10.419786826814681,-2.5644236634809525,-11.003572551557191,down
2025-04-07,233.2899932861328,252.0,214.25,223.77999877929688,183453800,TSLA,-2.5644236634809525,-4.899478333715857,-2.597878190231111,down
2025-04-08,221.86000061035156,250.44000244140625,217.8000030517578,245.0,171603500,TSLA,-4.899478333715857,22.689989839624538,-5.023573100190593,up
2025-04-09,272.20001220703125,274.69000244140625,223.8800048828125,224.69000244140625,219433400,TSLA,22.689989839624538,-7.274069589492626,20.449058000160143,down
2025-04-10,252.39999389648438,262.489990234375,239.3300018310547,260.0,181722600,TSLA,-7.274069589492626,-0.035656236159631316,-7.55220285780395,flat
2025-04-11,252.30999755859375,257.739990234375,241.36000061035156,251.83999633789062,128948100,TSLA,-0.035656236159631316,0.015856900364230597,-0.03566259450699316,flat
2025-04-14,252.35000610351562,261.79998779296875,245.92999267578125,258.3599853515625,100135200,TSLA,0.015856900364230597,0.69744183248166,0.01585564329067164,up
2025-04-15,254.11000061035156,258.75,247.5399932861328,249.91000366210938,79594300,TSLA,0.69744183248166,-4.942740359854259,0.6950209565496345,down
2025-04-16,241.5500030517578,251.97000122070312,233.88999938964844,247.61000061035156,112378700,TSLA,-4.942740359854259,-0.07452201709629014,-5.069074290399671,flat
2025-04-17,241.3699951171875,244.33999633789062,237.67999267578125,243.47000122070312,83404800,TSLA,-0.07452201709629014,-5.746362595919797,-0.07454979855451015,down
2025-04-21,227.5,232.2100067138672,222.7899932861328,230.25999450683594,97768000,TSLA,-5.746362595919797,4.602198338770602,-5.918076725792798,up
2025-04-22,237.97000122070312,242.7899932861328,229.85000610351562,230.9600067138672,120858500,TSLA,4.602198338770602,5.36622440095611,4.499438204493094,up
2025-04-23,250.74000549316406,259.45001220703125,244.42999267578125,254.86000061035156,150381900,TSLA,5.36622440095611,3.49764859229853,5.2271947159751795,up
2025-04-24,259.510009765625,259.5400085449219,249.1999969482422,250.5,94464200,TSLA,3.49764859229853,9.803091011549903,3.437870754426389,up
2025-04-25,284.95001220703125,286.8500061035156,259.6300048828125,261.69000244140625,167560700,TSLA,9.803091011549903,0.32637046356942534,9.351849398026001,flat
2025-04-28,285.8800048828125,294.8599853515625,272.4200134277344,288.9800109863281,151731800,TSLA,0.32637046356942534,2.1512501019458785,0.32583903115033575,up
2025-04-29,292.0299987792969,293.32000732421875,279.4700012207031,285.5,108906600,TSLA,2.1512501019458785,-3.3797880897321053,2.1284373105168934,down
2025-04-30,282.1600036621094,284.45001220703125,270.7799987792969,279.8999938964844,128961100,TSLA,-3.3797880897321053,-0.5812356915055328,-3.438223363024816,down
2025-05-01,280.5199890136719,290.8699951171875,279.80999755859375,280.010009765625,99659000,TSLA,-0.5812356915055328,2.3848576584252656,-0.5829314402079844,up
2025-05-02,287.2099914550781,294.7799987792969,279.80999755859375,284.8999938964844,114454700,TSLA,2.3848576584252656,-2.4198258752220814,2.356864125337387,down
2025-05-05,280.260009765625,284.8500061035156,274.3999938964844,284.57000732421875,94618900,TSLA,-2.4198258752220814,-1.7519458684867262,-2.449584717098271,down
2025-05-06,275.3500061035156,277.7300109863281,271.3500061035156,273.1099853515625,76715800,TSLA,-1.7519458684867262,0.3159597232260225,-1.7674740712066432,flat
2025-05-07,276.2200012207031,277.9200134277344,271.0,276.8800048828125,71592600,TSLA,0.3159597232260225,3.1134624811778533,0.31546161942166073,up
2025-05-08,284.82000732421875,289.79998779296875,279.4100036621094,279.6300048828125,97539400,TSLA,3.1134624811778533,4.718770485146129,3.0659773437438274,up
2025-05-09,298.260009765625,307.0400085449219,290.0,290.2099914550781,132387800,TSLA,4.718770485146129,6.745790403815088,4.610819457008693,up
2025-05-12,318.3800048828125,322.2099914550781,311.5,321.989990234375,112826700,TSLA,6.745790403815088,4.928074062685361,6.528003118679685,up
2025-05-13,334.07000732421875,337.5899963378906,316.79998779296875,320.0,136992600,TSLA,4.928074062685361,4.073991993646375,4.810492051681205,up
2025-05-14,347.67999267578125,350.0,337.0,342.5,136997300,TSLA,4.073991993646375,-1.3978329078298546,3.99319216619113,down
2025-05-15,342.82000732421875,346.1400146484375,334.7200012207031,340.3399963378906,97882600,TSLA,-1.3978329078298546,2.08856061756566,-1.407694599861275,up
2025-05-16,349.9800109863281,351.6199951171875,342.3299865722656,346.239990234375,95895700,TSLA,2.08856061756566,-2.2544186527114873,2.067049194137347,down
2025-05-19,342.0899963378906,343.0,333.3699951171875,336.29998779296875,88869900,TSLA,-2.2544186527114873,0.5057180873010214,-2.280219175263177,up
2025-05-20,343.82000732421875,354.989990234375,341.6300048828125,347.8699951171875,131715500,TSLA,0.5057180873010214,-2.6758222357769146,0.5044436283555748,down
2025-05-21,334.6199951171875,347.3500061035156,332.20001220703125,344.42999267578125,102354800,TSLA,-2.6758222357769146,1.9185982671137136,-2.7122740878422213,up
2025-05-22,341.0400085449219,347.2699890136719,331.3900146484375,331.8999938964844,97113400,TSLA,1.9185982671137136,-0.49847881903489766,1.9004252475032086,flat
2025-05-23,339.3399963378906,343.17999267578125,333.2099914550781,337.9200134277344,84654800,TSLA,-0.49847881903489766,6.939947711644767,-0.49972536895028474,up
2025-05-27,362.8900146484375,363.7900085449219,347.32000732421875,347.3500061035156,120146400,TSLA,6.939947711644767,-1.6506435862546853,6.709725458197968,down
2025-05-28,356.8999938964844,365.0,355.9100036621094,364.8399963378906,91404300,TSLA,-1.6506435862546853,0.42869117552875036,-1.6644185010272463,flat
2025-05-29,358.42999267578125,367.7099914550781,356.0,365.2900085449219,88087800,TSLA,0.42869117552875036,-3.3395646193957407,0.42777491260106126,down
2025-05-30,346.4599914550781,363.67999267578125,345.2900085449219,355.5199890136719,123474900,TSLA,-3.3395646193957407,-1.088145559849063,-3.3966015333374218,down
2025-06-02,342.69000244140625,348.0199890136719,333.3299865722656,343.5,81873800,TSLA,-1.088145559849063,0.46105417753929956,-1.0941091649071495,flat
2025-06-03,344.2699890136719,355.3999938964844,343.0400085449219,346.6000061035156,99324500,TSLA,0.46105417753929956,-3.5495400733921767,0.45999457840196045,down
2025-06-04,332.04998779296875,345.6000061035156,327.3299865722656,345.1000061035156,98912100,TSLA,-3.5495400733921767,-14.259893789082124,-3.614067809813415,down
2025-06-05,284.70001220703125,324.54998779296875,273.2099914550781,322.489990234375,287499800,TSLA,-14.259893789082124,3.6670186138995975,-15.384948606327908,up
2025-06-06,295.1400146484375,305.5,291.1400146484375,298.8299865722656,164747700,TSLA,3.6670186138995975,4.553761352840424,3.6013832506655294,up
2025-06-09,308.5799865722656,309.8299865722656,281.8500061035156,285.9599914550781,140908900,TSLA,4.553761352840424,5.674382827003055,4.453121583281344,up
2025-06-10,326.0899963378906,327.8299865722656,310.6700134277344,314.94000244140625,151256500,TSLA,5.674382827003055,0.10426457165473302,5.519232015438431,flat
2025-06-11,326.42999267578125,335.5,322.5,334.3999938964844,122611400,TSLA,0.10426457165473302,-2.242443246166159,0.10421025390305667,down
2025-06-12,319.1099853515625,332.55999755859375,316.8599853515625,323.0799865722656,105127500,TSLA,-2.242443246166159,1.9429076154419578,-2.267968316605234,up
2025-06-13,325.30999755859375,332.989990234375,313.29998779296875,313.9700012207031,128964300,TSLA,1.9429076154419578,1.1742668079331553,1.9242741328905937,up
2025-06-16,329.1300048828125,332.04998779296875,326.4100036621094,331.2900085449219,83925900,TSLA,1.1742668079331553,-3.8829637497946212,1.1674257976472,down
2025-06-17,316.3500061035156,327.260009765625,314.739990234375,326.0899963378906,88282700,TSLA,-3.8829637497946212,1.80179597897272,-3.960360944657592,up
2025-06-18,322.04998779296875,329.32000732421875,315.45001220703125,317.30999755859375,95137700,TSLA,1.80179597897272,0.03416111576173275,1.7857560202303198,flat
2025-06-20,322.1600036621094,332.3599853515625,317.7799987792969,327.95001220703125,108688000,TSLA,0.03416111576173275,8.231930938729072,0.03415528218108867,up
2025-06-23,348.67999267578125,357.5400085449219,327.4800109863281,327.5400085449219,190716800,TSLA,8.231930938729072,-2.3545920693855638,7.910624722725408,down
2025-06-24,340.4700012207031,356.260009765625,340.44000244140625,356.1700134277344,114736200,TSLA,-2.3545920693855638,-3.7947582404945,-2.3827555571310417,down
2025-06-25,327.54998779296875,343.0,320.3999938964844,342.70001220703125,119845100,TSLA,-3.7947582404945,-0.5403721812350049,-3.868634165630777,down
2025-06-26,325.7799987792969,331.04998779296875,323.6099853515625,324.6099853515625,80440900,TSLA,-0.5403721812350049,-0.6599526995335614,-0.5418374727754274,down
2025-06-27,323.6300048828125,329.3399963378906,317.5,324.510009765625,89067000,TSLA,-0.6599526995335614,-1.8446995428822777,-0.6621400161764133,down
2025-06-30,317.6600036621094,325.5799865722656,316.6000061035156,319.8999938964844,76695100,TSLA,-1.8446995428822777,-5.335897504131726,-1.861926308527601,down
2025-07-01,300.7099914550781,305.8900146484375,293.2099914550781,298.4599914550781,145085700,TSLA,-5.335897504131726,4.968242780731846,-5.48353231730864,up
2025-07-02,315.6499938964844,316.8299865722656,303.82000732421875,312.6300048828125,119483700,TSLA,4.968242780731846,-0.09503811144286889,4.848766871497916,flat
2025-07-03,315.3500061035156,318.45001220703125,312.760009765625,317.989990234375,58042300,TSLA,-0.09503811144286889,-6.789282780315342,-0.09508330128998893,down
2025-07-07,293.94000244140625,296.1499938964844,288.7699890136719,291.3699951171875,131177900,TSLA,-6.789282780315342,1.3165935514200422,-7.030747928005848,up
2025-07-08,297.80999755859375,304.04998779296875,294.3500061035156,297.0,103246700,TSLA,1.3165935514200422,-0.6480617479611372,1.3080017887538435,down
2025-07-09,295.8800048828125,300.1499938964844,293.54998779296875,297.54998779296875,75586800,TSLA,-0.6480617479611372,4.72826483827995,-0.6501707849529647,up
2025-07-10,309.8699951171875,310.4800109863281,300.0,300.04998779296875,104365300,TSLA,4.72826483827995,1.174690904506881,4.61988557066904,up
2025-07-11,313.510009765625,314.0899963378906,305.6499938964844,307.8900146484375,79236400,TSLA,1.174690904506881,1.0813001260769006,1.167844971117151,up
2025-07-14,316.8999938964844,322.6000061035156,312.6700134277344,317.7300109863281,78043400,TSLA,1.0813001260769006,-1.9312070795389769,1.0754958796599732,down
2025-07-15,310.7799987792969,321.20001220703125,310.5,319.67999267578125,77556300,TSLA,-1.9312070795389769,3.5040912192586537,-1.950098500608752,up
2025-07-16,321.6700134277344,323.5,312.6199951171875,312.79998779296875,97284800,TSLA,3.5040912192586537,-0.7025863995037018,3.444095462458378,down
2025-07-17,319.4100036621094,324.3399963378906,317.05999755859375,323.1499938964844,73922900,TSLA,-0.7025863995037018,3.205907804067243,-0.7050661595447646,up
2025-07-18,329.6499938964844,330.8999938964844,321.4200134277344,321.6600036621094,94255000,TSLA,3.205907804067243,-0.35188948387289143,3.1555911584314185,flat
2025-07-21,328.489990234375,338.0,326.8800048828125,334.3999938964844,75768800,TSLA,-0.35188948387289143,1.10201078413521,-0.35251007119927247,up
2025-07-22,332.1099853515625,335.4100036621094,321.54998779296875,329.739990234375,77370400,TSLA,1.10201078413521,0.13550095657464123,1.095982890222329,flat
2025-07-23,332.55999755859375,336.20001220703125,328.6700134277344,330.8999938964844,92553800,TSLA,0.13550095657464123,-8.197020076301287,0.13540923687317769,down
2025-07-24,305.29998779296875,310.1499938964844,300.4100036621094,310.0,156966000,TSLA,-8.197020076301287,3.524405566934252,-8.552542784602519,up
2025-07-25,316.05999755859375,323.6300048828125,308.010009765625,308.739990234375,148227000,TSLA,3.524405566934252,3.0152499060024596,3.4637201499348804,up
2025-07-28,325.5899963378906,330.489990234375,315.69000244140625,318.45001220703125,112673800,TSLA,3.0152499060024596,-1.3483166498468035,2.9706848621967903,down
2025-07-29,321.20001220703125,326.25,318.25,325.54998779296875,87358900,TSLA,-1.3483166498468035,-0.6724793213012448,-1.3574889801361278,down
2025-07-30,319.0400085449219,324.45001220703125,311.6199951171875,322.17999267578125,83931900,TSLA,-0.6724793213012448,-3.3757582882378623,-0.6747506520358081,down
2025-07-31,308.2699890136719,321.3699951171875,306.1000061035156,319.6099853515625,85270900,TSLA,-3.3757582882378623,-1.829559909125389,-3.434052685502853,down
2025-08-01,302.6300048828125,309.30999755859375,297.82000732421875,306.2099914550781,89121400,TSLA,-1.829559909125389,2.190795617037322,-1.846503334703954,up
2025-08-04,309.260009765625,312.1199951171875,303.0,309.0799865722656,78683900,TSLA,2.190795617037322,-0.17461311772288823,2.167142527004271,flat
2025-08-05,308.7200012207031,312.45001220703125,305.5,308.95001220703125,57961300,TSLA,-0.17461311772288823,3.624644466558724,-0.17476574412364776,up
2025-08-06,319.9100036621094,320.4700012207031,306.92999267578125,307.8900146484375,78523600,TSLA,3.624644466558724,0.7377028928595486,3.5604996499443065,up
2025-08-07,322.2699890136719,322.3999938964844,316.1600036621094,319.7900085449219,66658700,TSLA,0.7377028928595486,2.290006868278205,0.7349951735303974,up
2025-08-08,329.6499938964844,335.1499938964844,320.9800109863281,321.42999267578125,91200300,TSLA,2.290006868278205,2.845443669493286,2.2641797625980327,up
2025-08-11,339.0299987792969,346.6400146484375,334.1499938964844,335.0,105320200,TSLA,2.845443669493286,0.5338753399730889,2.805712839542427,up
2025-08-12,340.8399963378906,345.260009765625,332.94000244140625,345.0,80522100,TSLA,0.5338753399730889,-0.42835097722239146,0.5324552775796538,flat
2025-08-13,339.3800048828125,348.9800109863281,338.20001220703125,341.5,67838900,TSLA,-0.42835097722239146,-1.1196942235471519,-0.4292710283261014,down
2025-08-14,335.5799865722656,340.4700012207031,330.3999938964844,335.760009765625,75000700,TSLA,-1.1196942235471519,-1.4959143019665277,-1.1260099884090402,down
2025-08-15,330.55999755859375,339.29998779296875,327.0199890136719,337.6600036621094,74319800,TSLA,-1.4959143019665277,1.3915797850586165,-1.5072159502432556,up
2025-08-18,335.1600036621094,336.2699890136719,329.5899963378906,329.6199951171875,56956600,TSLA,1.3915797850586165,-1.7454368181154756,1.3819862125930686,down
2025-08-19,329.30999755859375,340.54998779296875,327.8500061035156,335.7900085449219,75956000,TSLA,-1.7454368181154756,-1.6428300696053943,-1.7608491717904178,down
2025-08-20,323.8999938964844,331.3699951171875,314.6000061035156,329.2200012207031,77481800,TSLA,-1.6428300696053943,-1.170116892973183,-1.656474162017639,down
2025-08-21,320.1099853515625,324.8999938964844,318.67999267578125,322.0799865722656,55744400,TSLA,-1.170116892973183,6.2166209505171155,-1.1770166368817137,up
2025-08-22,340.010009765625,340.25,319.69000244140625,321.6600036621094,94016300,TSLA,6.2166209505171155,1.9381771561470362,6.03104166993377,up
2025-08-25,346.6000061035156,349.5299987792969,335.0299987792969,338.8999938964844,86670000,TSLA,1.9381771561470362,1.462783391499567,1.9196337227210383,up
2025-08-26,351.6700134277344,351.8999938964844,343.7200012207031,344.92999267578125,76651600,TSLA,1.462783391499567,-0.5886220733017145,1.452187916170169,down
2025-08-27,349.6000061035156,355.3900146484375,349.1600036621094,351.94000244140625,65519000,TSLA,-0.5886220733017145,-1.0354676927882056,-0.5903612812939927,down
2025-08-28,345.9800109863281,353.54998779296875,340.260009765625,350.9100036621094,67903200,TSLA,-1.0354676927882056,-3.5002067994093333,-1.0408659566889222,down
2025-08-29,333.8699951171875,348.75,331.70001220703125,347.2300109863281,81145700,TSLA,-3.5002067994093333,-1.350828116207925,-3.56293206445078,down
2025-09-02,329.3599853515625,333.3299865722656,325.6000061035156,328.2300109863281,58392000,TSLA,-1.350828116207925,1.436121932444001,-1.360034804236362,up
2025-09-03,334.0899963378906,343.3299865722656,328.510009765625,335.20001220703125,88733300,TSLA,1.436121932444001,1.328983953448204,1.4259073808795026,up
2025-09-04,338.5299987792969,338.8900146484375,331.4800109863281,336.1499938964844,60711000,TSLA,1.328983953448204,3.6363092201525005,1.320230431684188,up
2025-09-05,350.8399963378906,355.8699951171875,344.67999267578125,348.0,108989800,TSLA,3.6363092201525005,-1.265534855703887,3.5717557533237443,down
2025-09-08,346.3999938964844,358.44000244140625,344.8399963378906,354.6400146484375,75208300,TSLA,-1.265534855703887,0.1645517708609212,-1.27361095766315,flat
2025-09-09,346.9700012207031,350.7699890136719,343.82000732421875,348.44000244140625,53816000,TSLA,0.1645517708609212,0.23633378140295314,0.16441653277190815,flat
2025-09-10,347.7900085449219,356.3299865722656,346.07000732421875,350.54998779296875,72121700,TSLA,0.23633378140295314,6.043873744853956,0.23605495234688204,up
2025-09-11,368.80999755859375,368.989990234375,347.6000061035156,350.1700134277344,103756000,TSLA,6.043873744853956,7.356092584909457,5.8682725742992154,up
2025-09-12,395.94000244140625,396.69000244140625,370.239990234375,370.94000244140625,168156400,TSLA,7.356092584909457,3.561147147692467,7.0981091126875615,up
2025-09-15,410.0400085449219,425.70001220703125,402.42999267578125,423.1300048828125,163823700,TSLA,3.561147147692467,2.8241113869250656,3.4992045964953524,up
2025-09-16,421.6199951171875,423.25,411.42999267578125,414.5,104285700,TSLA,2.8241113869250656,1.005642588937583,2.7849686096646824,up
2025-09-17,425.8599853515625,428.30999755859375,409.6700134277344,415.75,106133500,TSLA,1.005642588937583,-2.1157139806429193,1.0006196509857017,down
2025-09-18,416.8500061035156,432.2200012207031,416.55999755859375,428.8699951171875,90454500,TSLA,-2.1157139806429193,2.2118270566640064,-2.1384159862326837,up
2025-09-19,426.07000732421875,429.4700012207031,421.7200012207031,421.82000732421875,93131000,TSLA,2.2118270566640064,1.9104804353584193,2.1877209710827277,up
2025-09-22,434.2099914550781,444.9800109863281,429.1300048828125,431.1099853515625,97108800,TSLA,1.9104804353584193,-1.9253323313789705,1.892459915165681,down
2025-09-23,425.8500061035156,440.9700012207031,423.7200012207031,439.8800048828125,83422700,TSLA,-1.9253323313789705,3.977927016229388,-1.9441082441463449,up
2025-09-24,442.7900085449219,444.2099914550781,429.0299987792969,429.8299865722656,93133600,TSLA,3.977927016229388,-4.381307961359793,3.900845039857305,down
2025-09-25,423.3900146484375,435.3500061035156,419.0799865722656,435.239990234375,96746400,TSLA,-4.381307961359793,4.01756741055197,-4.480186162620923,up
2025-09-26,440.3999938964844,440.4700012207031,421.0199890136719,428.29998779296875,101628200,TSLA,4.01756741055197,0.638055766924972,3.938961629749567,up
2025-09-29,443.2099914550781,450.9800109863281,439.5,444.3500061035156,79491500,TSLA,0.638055766924972,0.34069849388267404,0.6360288086303643,flat
2025-09-30,444.7200012207031,445.0,433.1199951171875,441.5199890136719,74358000,TSLA,0.34069849388267404,3.3144428390707636,0.3401194314293033,up
2025-10-01,459.4599914550781,462.2900085449219,440.75,443.79998779296875,98122300,TSLA,3.3144428390707636,-5.105992228133283,3.260699487618123,down
2025-10-02,436.0,470.75,435.57000732421875,470.5400085449219,137009000,TSLA,-5.105992228133283,-1.4151406944344913,-5.240962491724114,down
2025-10-03,429.8299865722656,446.7699890136719,416.5799865722656,443.2900085449219,133188200,TSLA,-1.4151406944344913,5.4486690457546505,-1.4252492909231236,up
2025-10-06,453.25,453.54998779296875,436.69000244140625,440.75,85324900,TSLA,5.4486690457546505,-4.447877255843213,5.305409919515741,down
2025-10-07,433.0899963378906,452.67999267578125,432.45001220703125,447.82000732421875,102296100,TSLA,-4.447877255843213,1.2930352007360923,-4.549829949251959,up
2025-10-08,438.69000244140625,441.3299865722656,425.2300109863281,437.57000732421875,71192100,TSLA,1.2930352007360923,-0.7180455170972544,1.2847468714676216,down
2025-10-09,435.5400085449219,436.3500061035156,426.17999267578125,431.80999755859375,69339900,TSLA,-0.7180455170972544,-5.062684914805626,-0.7206358713169256,down
2025-10-10,413.489990234375,443.1300048828125,411.45001220703125,436.5400085449219,112107900,TSLA,-5.062684914805626,5.419720958518703,-5.195335338705128,up
2025-10-13,435.8999938964844,436.8900146484375,419.70001220703125,423.5299987792969,79552800,TSLA,5.419720958518703,-1.5278742269702716,5.277953848534963,down
2025-10-14,429.239990234375,434.20001220703125,417.8599853515625,426.7900085449219,72669400,TSLA,-1.5278742269702716,1.3768529951932784,-1.539666493428667,up
2025-10-15,435.1499938964844,440.510009765625,426.3299865722656,434.8999938964844,71558200,TSLA,1.3768529951932784,-1.470755828163206,1.3674604901329142,down
2025-10-16,428.75,439.3500061035156,421.30999755859375,434.7300109863281,77189900,TSLA,-1.470755828163206,2.462973191508744,-1.4816786729139184,up
2025-10-17,439.30999755859375,441.4599914550781,423.6000061035156,425.5,89331600,TSLA,2.462973191508744,1.8483519979771268,2.4331310172500658,up
2025-10-20,447.42999267578125,449.79998779296875,440.6099853515625,443.8699951171875,63719000,TSLA,1.8483519979771268,-1.0794954856246153,1.831477587612344,down
2025-10-21,442.6000061035156,449.29998779296875,442.04998779296875,445.760009765625,54412200,TSLA,-1.0794954856246153,-0.8201547294971134,-1.085364312168525,down
2025-10-22,438.9700012207031,445.5400085449219,429.0,443.45001220703125,84023500,TSLA,-0.8201547294971134,2.280340282431337,-0.823536501601069,up
2025-10-23,448.9800109863281,449.3999938964844,413.8999938964844,420.0,126709800,TSLA,2.280340282431337,-3.398817183887881,2.2547291398770954,down
2025-10-24,433.7200012207031,451.67999267578125,430.1700134277344,446.8299865722656,94727800,TSLA,-3.398817183887881,4.311540199760255,-3.457920037137167,up
2025-10-27,452.4200134277344,460.1600036621094,438.69000244140625,439.9800109863281,105867500,TSLA,4.311540199760255,1.7969970655449252,4.221181419101049,up
2025-10-28,460.54998779296875,467.0,451.6000061035156,454.7799987792969,80185700,TSLA,1.7969970655449252,0.20845119924046696,1.781041931942346,flat
2025-10-29,461.510009765625,465.70001220703125,452.6499938964844,462.5,67983500,TSLA,0.20845119924046696,-4.639120107705208,0.20823424117695108,down
2025-10-30,440.1000061035156,455.05999755859375,439.6099853515625,451.04998779296875,72447900,TSLA,-4.639120107705208,3.740057084027071,-4.750175565516029,up
2025-10-31,456.55999755859375,458.0,443.69000244140625,446.75,83135800,TSLA,3.740057084027071,2.586735066967427,3.671813319553837,up
2025-11-03,468.3699951171875,474.07000732421875,453.79998779296875,455.989990234375,84595200,TSLA,2.586735066967427,-5.147636612701911,2.553845054386238,down
2025-11-04,444.260009765625,460.2200012207031,443.6000061035156,454.4599914550781,87756600,TSLA,-5.147636612701911,4.008913061517649,-5.2848572813666,up
2025-11-05,462.07000732421875,466.3299865722656,440.7099914550781,452.04998779296875,85573000,TSLA,4.008913061517649,-3.4973063401560367,3.9306411995623387,down
2025-11-06,445.9100036621094,467.45001220703125,435.0899963378906,461.9599914550781,109622900,TSLA,-3.4973063401560367,-3.675632866235745,-3.5599264459215094,down
2025-11-07,429.5199890136719,439.3599853515625,421.8800048828125,437.9200134277344,103471500,TSLA,-3.675632866235745,3.6575764515015763,-3.744886561150212,up
2025-11-10,445.2300109863281,449.6700134277344,433.3599853515625,439.6000061035156,76515900,TSLA,3.6575764515015763,-1.260026442672324,3.592274671529928,down
2025-11-11,439.6199951171875,442.489990234375,432.3599853515625,439.3999938964844,60533200,TSLA,-1.260026442672324,-2.051769508633805,-1.268032095842644,down
2025-11-12,430.6000061035156,442.3299865722656,426.55999755859375,442.1499938964844,58513500,TSLA,-2.051769508633805,-6.644220962287406,-2.073110718832734,down
2025-11-13,401.989990234375,424.5,396.3399963378906,423.1300048828125,118948000,TSLA,-6.644220962287406,0.5870832424868633,-6.875241071018367,up
2025-11-14,404.3500061035156,412.19000244140625,382.7799987792969,386.29998779296875,105506700,TSLA,0.5870832424868633,1.1302107716671506,0.5853666241942873,up
2025-11-17,408.9200134277344,423.9599914550781,398.739990234375,398.739990234375,102214300,TSLA,1.1302107716671506,-1.8756757252943457,1.1238716089416034,down
2025-11-18,401.25,408.8999938964844,393.7099914550781,405.3800048828125,80688600,TSLA,-1.8756757252943457,0.6828636098130891,-1.893489628165649,up
2025-11-19,403.989990234375,411.7799987792969,398.5,406.17999267578125,72047700,TSLA,0.6828636098130891,-2.168365419886953,0.6805426562391662,down
2025-11-20,395.2300109863281,428.94000244140625,394.739990234375,414.6300048828125,113548800,TSLA,-2.168365419886953,-1.0474950113494086,-2.192219928551654,down
2025-11-21,391.0899963378906,402.79998779296875,383.760009765625,402.32000732421875,100460600,TSLA,-1.0474950113494086,6.82451678419993,-1.0530198558583292,up
2025-11-24,417.7799987792969,421.7200012207031,401.0899963378906,402.1700134277344,96806400,TSLA,6.82451678419993,0.38776272725380423,6.60172720981127,flat
2025-11-25,419.3999938964844,420.4800109863281,405.95001220703125,414.4200134277344,71915600,TSLA,0.38776272725380423,1.7119677587676296,0.38701286542193547,up
2025-11-26,426.5799865722656,426.94000244140625,416.8900146484375,423.95001220703125,63463000,TSLA,1.7119677587676296,0.8415835173881447,1.6974787220379934,up
2025-11-28,430.1700134277344,432.92999267578125,426.20001220703125,426.5899963378906,36252900,TSLA,0.8415835173881447,-0.006973703038437584,0.8380619474776033,flat
2025-12-01,430.1400146484375,433.6600036621094,425.2900085449219,425.32000732421875,57463600,TSLA,-0.006973703038437584,-0.20923987153301793,-0.006973946212413479,flat
2025-12-02,429.239990234375,436.79998779296875,422.1199951171875,430.80999755859375,69336600,TSLA,-0.20923987153301793,4.076973347810542,-0.20945908399217084,up
2025-12-03,446.739990234375,447.9200134277344,431.1099853515625,432.1000061035156,87483000,TSLA,4.076973347810542,1.7437455153354264,3.9960567737700377,up
2025-12-04,454.5299987792969,454.6300048828125,445.3900146484375,449.94000244140625,71906500,TSLA,1.7437455153354264,0.10340378456106247,1.7287167308555624,flat
2025-12-05,455.0,458.8699951171875,451.6600036621094,453.0299987792969,56427500,TSLA,0.10340378456106247,-3.3890139401614006,0.10335035967348669,down
2025-12-08,439.5799865722656,449.75,435.25,447.45001220703125,69165800,TSLA,-3.3890139401614006,1.271674558948499,-3.447772390855956,up
2025-12-09,445.1700134277344,452.3900146484375,435.70001220703125,437.5400085449219,62367400,TSLA,1.271674558948499,1.4106967203253218,1.2636566806914387,up
2025-12-10,451.45001220703125,456.8800048828125,443.6099853515625,446.07000732421875,63257500,TSLA,1.4106967203253218,-1.0100780674035192,1.4008389943790958,down
2025-12-11,446.8900146484375,449.2699890136719,440.3299865722656,448.95001220703125,55979500,TSLA,-1.0100780674035192,2.7008830833098685,-1.0152139695978377,up
2025-12-12,458.9599914550781,463.010009765625,441.6700134277344,448.0899963378906,95656700,TSLA,2.7008830833098685,3.5624033484225714,2.6650529578487583,up
2025-12-15,475.30999755859375,481.7699890136719,467.6600036621094,469.44000244140625,114542200,TSLA,3.5624033484225714,3.0653694218629735,3.5004175930156527,up
2025-12-16,489.8800048828125,491.5,465.8299865722656,472.2099914550781,107608100,TSLA,3.0653694218629735,-4.617456293730249,3.0193255514689152,down
2025-12-17,467.260009765625,495.2799987792969,466.20001220703125,488.2200012207031,106490400,TSLA,-4.617456293730249,3.4477560704677446,-4.727460429487326,up
2025-12-18,483.3699951171875,490.8599853515625,473.1199951171875,478.1600036621094,95168400,TSLA,3.4477560704677446,-0.448927929345333,3.3896527010912605,flat
2025-12-19,481.20001220703125,490.489990234375,474.7200012207031,488.1199951171875,103305400,TSLA,-0.448927929345333,1.564837611861325,-0.44993863680713636,up
2025-12-22,488.7300109863281,498.8299865722656,485.3299865722656,489.8800048828125,86916100,TSLA,1.564837611861325,-0.648622625268469,1.5527202757109204,down
2025-12-23,485.55999755859375,491.9700012207031,482.8399963378906,489.3999938964844,58223600,TSLA,-0.648622625268469,-0.032952397832164415,-0.6507353223946919,flat
2025-12-24,485.3999938964844,490.8999938964844,476.79998779296875,488.4800109863281,41285400,TSLA,-0.032952397832164415,-2.1034181259704576,-0.03295782832779731,down
2025-12-26,475.19000244140625,489.0899963378906,473.82000732421875,485.2300109863281,58780700,TSLA,-2.1034181259704576,-3.2723726747357573,-2.1258551524587483,down
2025-12-29,459.6400146484375,469.3999938964844,459.0,469.0,66263000,TSLA,-3.2723726747357573,-1.1335005235871831,-3.327112293491262,down
2025-12-30,454.42999267578125,463.1199951171875,453.8299865722656,461.0899963378906,59238500,TSLA,-1.1335005235871831,-1.0364613980130777,-1.139973602177475,down
2025-12-31,449.7200012207031,456.54998779296875,449.29998779296875,456.1000061035156,49078000,TSLA,-1.0364613980130777,-2.590499391813139,-1.04187006411069,down
2026-01-02,438.07000732421875,458.3399963378906,435.29998779296875,457.79998779296875,85535400,TSLA,-2.590499391813139,3.1045280151877908,-2.624643791802105,up
2026-01-05,451.6700134277344,457.54998779296875,444.57000732421875,447.989990234375,67940800,TSLA,3.1045280151877908,-4.142409594709518,3.0573122743440653,down
2026-01-06,432.9599914550781,448.25,428.7799987792969,446.3800048828125,89093800,TSLA,-4.142409594709518,-0.35799792672750463,-4.230652917497186,flat
2026-01-07,431.4100036621094,438.3699951171875,431.2900085449219,435.8999938964844,59828800,TSLA,-0.35799792672750463,1.0175897854927118,-0.3586402728205757,up
2026-01-08,435.79998779296875,436.8900146484375,424.3699951171875,427.8900146484375,57041100,TSLA,1.0175897854927118,2.113359850994656,1.0124471981728622,up
2026-01-09,445.010009765625,449.04998779296875,430.3900146484375,435.95001220703125,67331500,TSLA,2.113359850994656,0.887616368794375,2.091338126870214,up
2026-01-12,448.9599914550781,454.29998779296875,438.0,441.2300109863281,61649600,TSLA,0.887616368794375,-0.39201249143443473,0.8837002112799671,flat
2026-01-13,447.20001220703125,451.80999755859375,443.95001220703125,450.20001220703125,53719200,TSLA,-0.39201249143443473,-1.7889087168218576,-0.3927828743923437,down
2026-01-14,439.20001220703125,443.9100036621094,434.2200012207031,442.80999755859375,57259500,TSLA,-1.7889087168218576,-0.14344373071545347,-1.8051031148363035,flat
2026-01-15,438.57000732421875,445.3599853515625,437.6499938964844,441.1300048828125,49465800,TSLA,-0.14344373071545347,-0.24397640202233895,-0.14354670972459707,flat
2026-01-16,437.5,447.25,435.260009765625,439.5,60220600,TSLA,-0.24397640202233895,-4.171428571428571,-0.2442745094192353,down
2026-01-20,419.25,430.7300109863281,417.44000244140625,429.3599853515625,63187300,TSLA,-4.171428571428571,2.907573629435012,-4.260930509435087,up
2026-01-21,431.44000244140625,438.20001220703125,419.6199951171875,421.6600036621094,68124000,TSLA,2.907573629435012,4.1535283721378935,2.866105598439217,up
2026-01-22,449.3599853515625,449.5,432.6300048828125,435.1600036621094,71546700,TSLA,4.1535283721378935,-0.06675890216037983,4.069585893802081,flat
2026-01-23,449.05999755859375,452.42999267578125,444.0400085449219,447.42999267578125,56771400,TSLA,-0.06675890216037983,-3.0864440001147186,-0.06678119583802994,down
2026-01-26,435.20001220703125,445.0400085449219,434.2799987792969,445.0,49397400,TSLA,-3.0864440001147186,-0.9880556502607107,-3.135078007637384,down
2026-01-27,430.8999938964844,437.5199890136719,430.69000244140625,437.4100036621094,37733100,TSLA,-0.9880556502607107,0.12995998294869082,-0.9929693133760458,flat
2026-01-28,431.4599914550781,438.260009765625,430.1000061035156,431.9100036621094,54857400,TSLA,0.12995998294869082,-3.453389466363932,0.12987560805733547,down
2026-01-29,416.55999755859375,440.2300109863281,414.6199951171875,437.79998779296875,81686100,TSLA,-3.453389466363932,3.3248526466028494,-3.51442835440217,up
2026-01-30,430.4100036621094,439.8800048828125,422.70001220703125,425.3500061035156,82626100,TSLA,3.3248526466028494,-1.9980962408733927,3.2707748293060876,down
2026-02-02,421.80999755859375,427.1499938964844,414.5,421.2900085449219,58739500,TSLA,-1.9980962408733927,0.03555958781265023,-2.018328139266714,flat
2026-02-03,421.9599914550781,428.55999755859375,413.69000244140625,424.2699890136719,56886500,TSLA,0.03555958781265023,-3.779974882085746,0.03555326688964158,down
2026-02-04,406.010009765625,423.8999938964844,399.17999267578125,420.4599914550781,74606900,TSLA,-3.779974882085746,-2.167438757390938,-3.8532688670109687,down
2026-02-05,397.2099914550781,402.1000061035156,387.5299987792969,397.0199890136719,72819800,TSLA,-2.167438757390938,3.4994069120882987,-2.191272731756527,up
2026-02-06,411.1099853515625,414.54998779296875,397.75,400.8699951171875,62677100,TSLA,3.4994069120882987,1.5105500216312517,3.439569638292661,up
2026-02-09,417.32000732421875,421.25,407.2900085449219,409.9100036621094,54484300,TSLA,1.5105500216312517,1.8906316477488305,1.4992548192064117,up
2026-02-10,425.2099914550781,427.25,417.0,418.0799865722656,64450200,TSLA,1.8906316477488305,0.719643851293883,1.8729813289406434,up
2026-02-11,428.2699890136719,436.3500061035156,420.0299987792969,427.9599914550781,57362000,TSLA,0.719643851293883,-2.615168463063977,0.7170667714086594,down
2026-02-12,417.07000732421875,436.2300109863281,414.0,430.29998779296875,61933400,TSLA,-2.615168463063977,0.08871295242764976,-2.6499721174377204,flat
2026-02-13,417.44000244140625,424.05999755859375,410.8800048828125,414.30999755859375,51434100,TSLA,0.08871295242764976,-1.6313715788533356,0.08867362574486323,down
2026-02-17,410.6300048828125,413.7200012207031,400.510009765625,412.3599853515625,59678800,TSLA,-1.6313715788533356,0.16803507615161806,-1.6448249621048336,flat
2026-02-18,411.32000732421875,416.8999938964844,409.5799865722656,411.1099853515625,45921400,TSLA,0.16803507615161806,0.0948128279478544,0.1678940551719039,flat
2026-02-19,411.7099914550781,415.25,404.1099853515625,407.25,51019600,TSLA,0.0948128279478544,0.026721690370390405,0.09476790897652619,flat
2026-02-20,411.82000732421875,414.70001220703125,405.5,408.29998779296875,57912200,TSLA,0.026721690370390405,-2.911471161845125,0.02671812076260135,down
2026-02-23,399.8299865722656,407.70001220703125,394.0400085449219,407.2900085449219,69680000,TSLA,-2.911471161845125,2.3885197787236967,-2.954695527872473,up
2026-02-24,409.3800048828125,410.82000732421875,397.6400146484375,399.5,58579500,TSLA,2.3885197787236967,1.9590573349979934,2.360440879644665,up
2026-02-25,417.3999938964844,420.3399963378906,412.1499938964844,412.1499938964844,54809700,TSLA,1.9590573349979934,-2.1130827631028026,1.940114803767631,down
2026-02-26,408.5799865722656,416.80999755859375,403.6600036621094,414.4200134277344,53602500,TSLA,-2.1130827631028026,-1.4856275407819197,-2.1357279325286553,down
2026-02-27,402.510009765625,407.1199951171875,398.1099853515625,402.94000244140625,56890100,TSLA,-1.4856275407819197,0.20123662491409178,-1.4967735162802964,flat
2026-03-02,403.32000732421875,404.5400085449219,388.25,390.6000061035156,55088300,TSLA,0.20123662491409178,-2.7000928420799375,0.2010344152525457,down
2026-03-03,392.42999267578125,396.3399963378906,385.3900146484375,395.0899963378906,62617300,TSLA,-2.7000928420799375,3.442654745501761,-2.7372150980348144,up
2026-03-04,405.94000244140625,408.3299865722656,394.5799865722656,397.8500061035156,68305500,TSLA,3.442654745501761,-0.09607691927178141,3.384721273919843,flat
2026-03-05,405.54998779296875,408.6199951171875,399.4200134277344,401.57000732421875,51925900,TSLA,-0.09607691927178141,-2.1748186591348584,-0.09612310272732899,down
2026-03-06,396.7300109863281,402.3500061035156,394.2099914550781,398.0899963378906,64054600,TSLA,-2.1748186591348584,0.49151353198746417,-2.198816416611494,flat
2026-03-09,398.67999267578125,401.5899963378906,381.3999938964844,390.04998779296875,67018900,TSLA,0.49151353198746417,0.14046291985592152,0.4903095477786746,flat
2026-03-10,399.239990234375,406.5899963378906,398.19000244140625,402.2200012207031,59258700,TSLA,0.14046291985592152,2.149087591352461,0.14036436297643493,up
2026-03-11,407.82000732421875,416.3800048828125,402.1499938964844,402.2799987792969,62559900,TSLA,2.149087591352461,-3.141091003024221,2.126320318819362,down
2026-03-12,395.010009765625,406.5,394.6499938964844,405.17999267578125,60973800,TSLA,-3.141091003024221,-0.9645319015724074,-3.1914812787204436,down
2026-03-13,391.20001220703125,400.20001220703125,389.95001220703125,399.1700134277344,58504100,TSLA,-0.9645319015724074,1.1145156481373375,-0.9692136394107657,up
2026-03-16,395.55999755859375,403.7300109863281,394.4200134277344,396.2200012207031,58068300,TSLA,1.1145156481373375,0.9379086555709071,1.1083506865035646,up
2026-03-17,399.2699890136719,400.1199951171875,393.0,395.69000244140625,46890500,TSLA,0.9379086555709071,-1.6254640751756533,0.9335376020772039,down
2026-03-18,392.7799987792969,403.07000732421875,392.30999755859375,399.0,50853100,TSLA,-1.6254640751756533,-3.1773539959046193,-1.6388196671314648,down
2026-03-19,380.29998779296875,387.2699890136719,378.7300109863281,387.2699890136719,67078300,TSLA,-3.1773539959046193,-3.2448058727281293,-3.2289272743434463,down
2026-03-20,367.9599914550781,379.8900146484375,364.4599914550781,379.8500061035156,78628600,TSLA,-3.2448058727281293,3.5031022251806876,-3.2986169449252167,up
2026-03-23,380.8500061035156,385.3299865722656,372.7300109863281,373.0899963378906,74606000,TSLA,3.5031022251806876,0.5724019012326664,3.4431399458296883,up
2026-03-24,383.0299987792969,387.4800109863281,376.30999755859375,376.55999755859375,60004900,TSLA,0.5724019012326664,0.7623458833617036,0.5707699063017405,up
2026-03-25,385.95001220703125,396.2300109863281,385.010009765625,389.989990234375,55157300,TSLA,0.7623458833617036,-3.5859635750042917,0.7594547116542637,down
2026-03-26,372.1099853515625,384.44000244140625,371.8699951171875,381.6000061035156,55522900,TSLA,-3.5859635750042917,-2.7626237359861583,-3.6518388902705916,down
2026-03-27,361.8299865722656,369.8599853515625,359.4700012207031,369.69000244140625,62065700,TSLA,-2.7626237359861583,-1.8102390725044493,-2.80150189690427,down
2026-03-30,355.2799987792969,367.2900085449219,352.1400146484375,365.8599853515625,67954400,TSLA,-1.8102390725044493,4.635780589195071,-1.8268243604687584,up
2026-03-31,371.75,373.3299865722656,361.0,361.510009765625,75534900,TSLA,4.635780589195071,2.5581734406523227,4.531537779230799,up
2026-04-01,381.260009765625,383.1400146484375,374.0799865722656,378.6300048828125,58683800,TSLA,2.5581734406523227,-5.421500524128142,2.525999735964806,down
2026-04-02,360.5899963378906,370.2799987792969,359.0299987792969,364.20001220703125,83031200,TSLA,-5.421500524128142,-2.1547988276388597,-5.574001402961767,down
2026-04-06,352.82000732421875,367.7200012207031,346.6400146484375,362.5899963378906,77697600,TSLA,-2.1547988276388597,-1.7487708462248674,-2.1783536042954785,down
2026-04-07,346.6499938964844,348.0199890136719,337.239990234375,346.44000244140625,74515400,TSLA,-1.7487708462248674,-0.9808146419583275,-1.7642424845982325,down
2026-04-08,343.25,364.5,339.6700134277344,363.7900085449219,78838600,TSLA,-0.9808146419583275,0.6904574267115882,-0.9856563133277247,up
2026-04-09,345.6199951171875,348.8800048828125,337.25,343.1499938964844,62164000,TSLA,0.6904574267115882,0.9634908676839249,0.6880846850074371,up
2026-04-10,348.95001220703125,350.3599853515625,342.739990234375,346.2900085449219,51336000,TSLA,0.9634908676839249,0.9944121218842028,0.9588788947183923,up
2026-04-13,352.4200134277344,356.3500061035156,348.57000732421875,350.07000732421875,53617500,TSLA,0.9944121218842028,3.3426021027356922,0.989500379675574,up
2026-04-14,364.20001220703125,367.6300048828125,354.7699890136719,357.6700134277344,59979600,TSLA,3.3426021027356922,7.619439612820611,3.2879516568796507,up
2026-04-15,391.95001220703125,394.6499938964844,362.5,366.8299865722656,113810400,TSLA,7.619439612820611,-0.7781651270713175,7.343111096819813,down
2026-04-16,388.8999938964844,394.05999755859375,381.79998779296875,393.80999755859375,63515100,TSLA,-0.7781651270713175,3.013628543234881,-0.7812086311693649,up
2026-04-17,400.6199951171875,409.2799987792969,391.6499938964844,395.9200134277344,90640000,TSLA,3.013628543234881,-2.026857175416885,2.96911094422974,down
2026-04-20,392.5,406.79998779296875,388.3299865722656,402.5799865722656,64603900,TSLA,-2.026857175416885,-1.549041164908438,-2.047679768722958,down
2026-04-21,386.4200134277344,393.95001220703125,385.2200012207031,393.0,50530600,TSLA,-1.549041164908438,0.28207553957204645,-1.5611641640159502,flat
2026-04-22,387.510009765625,393.010009765625,385.29998779296875,387.57000732421875,62362800,TSLA,0.28207553957204645,-3.5586199575237787,0.28167845306925576,down
2026-04-23,373.7200012207031,386.0,368.3900146484375,375.2799987792969,93969500,TSLA,-3.5586199575237787,0.6903528213203725,-3.623482292188371,up
2026-04-24,376.29998779296875,382.760009765625,370.7300109863281,373.5,62893300,TSLA,0.6903528213203725,0.6298234684157356,0.6879807968652782,up
2026-04-27,378.6700134277344,380.7799987792969,364.0199890136719,372.0899963378906,66735800,TSLA,0.6298234684157356,-0.6998242057971282,0.6278483691632187,down
2026-04-28,376.0199890136719,382.2900085449219,372.5400085449219,374.67999267578125,50864400,TSLA,-0.6998242057971282,-0.8563377785179571,-0.7022844604162197,down
2026-04-29,372.79998779296875,376.3999938964844,370.0400085449219,375.3999938964844,45384800,TSLA,-0.8563377785179571,2.368566893502,-0.8600254179982028,up
2026-04-30,381.6300048828125,384.75,368.1700134277344,372.75,51076000,TSLA,2.368566893502,2.4080922159745333,2.3409515563600514,up
2026-05-01,390.82000732421875,397.82000732421875,378.79998779296875,382.489990234375,65338300,TSLA,2.4080922159745333,0.432424750456617,2.379554904158833,flat
2026-05-04,392.510009765625,394.6400146484375,384.79998779296875,390.2300109863281,48765100,TSLA,0.432424750456617,-0.7999833304410453,0.4314924812415465,down
2026-05-05,389.3699951171875,402.1199951171875,389.0,395.19000244140625,47780600,TSLA,-0.7999833304410453,2.4038873016714035,-0.8032003657369561,up
2026-05-06,398.7300109863281,401.67999267578125,384.0199890136719,386.25,53465400,TSLA,2.4038873016714035,3.275398690529352,2.3754487827164996,up
2026-05-07,411.7900085449219,415.8299865722656,402.1199951171875,407.4800109863281,64294200,TSLA,3.275398690529352,4.021466576401211,3.222900776203085,up
2026-05-08,428.3500061035156,431.20001220703125,416.3900146484375,416.4800109863281,65050000,TSLA,4.021466576401211,3.8870068073398656,3.942710124226755,up
2026-05-11,445.0,449.1600036621094,416.79998779296875,422.1600036621094,78376100,TSLA,3.8870068073398656,-2.59550287482444,3.8133649507288983,down
2026-05-12,433.45001220703125,447.79998779296875,422.260009765625,441.4100036621094,60569300,TSLA,-2.59550287482444,2.7269526989873505,-2.6297804689101323,up
2026-05-13,445.2699890136719,453.3999938964844,430.2099914550781,436.6700134277344,68283200,TSLA,2.7269526989873505,-0.44242847470293833,2.6904337595479557,flat
2026-05-14,443.29998779296875,451.9800109863281,441.1600036621094,446.489990234375,46070400,TSLA,-0.44242847470293833,-4.750732717914996,-0.4434100858338372,down
2026-05-15,422.239990234375,434.6600036621094,422.0,433.9800109863281,52688700,TSLA,-4.750732717914996,-2.9011937010514632,-4.867286458740443,down
2026-05-18,409.989990234375,421.1300048828125,405.3299865722656,419.2699890136719,52474200,TSLA,-2.9011937010514632,-1.4341825466156255,-2.9441104289050233,down
2026-05-19,404.1099853515625,405.6300048828125,393.6300048828125,403.1600036621094,46500600,TSLA,-1.4341825466156255,3.2540706467875102,-1.4445663458309574,up
2026-05-20,417.260009765625,417.4599914550781,406.3900146484375,407.6000061035156,45294700,TSLA,3.2540706467875102,0.14139776735901943,3.202247022638431,flat
2026-05-21,417.8500061035156,426.95001220703125,412.8999938964844,422.17999267578125,42636900,TSLA,0.14139776735901943,1.9528547428303344,0.14129789484986274,up
2026-05-22,426.010009765625,431.510009765625,420.510009765625,422.6700134277344,46104700,TSLA,1.9528547428303344,1.7792977626126305,1.9340312041325056,up
2026-05-26,433.5899963378906,435.20001220703125,426.1199951171875,430.260009765625,45658900,TSLA,1.7792977626126305,1.5613803526030035,1.7636535587117295,up
2026-05-27,440.3599853515625,445.6000061035156,435.5199890136719,442.8900146484375,44656500,TSLA,1.5613803526030035,0.3951359818862743,1.5493162254673813,flat
2026-05-28,442.1000061035156,443.9599914550781,436.29998779296875,437.6199951171875,32435000,TSLA,0.3951359818862743,-1.4272783242432974,0.39435737004178917,down
2026-05-29,435.7900085449219,441.07000732421875,428.1400146484375,439.8500061035156,45176800,TSLA,-1.4272783242432974,-4.568715039747639,-1.4375619088440037,down
2026-06-01,415.8800048828125,429.6000061035156,415.42999267578125,427.489990234375,44937900,TSLA,-4.568715039747639,1.8899647156100485,-4.676372669880659,up
2026-06-02,423.739990234375,424.4200134277344,413.6499938964844,418.2200012207031,37596000,TSLA,1.8899647156100485,-0.00943456559803213,1.8723267699191404,flat
2026-06-03,423.70001220703125,433.6000061035156,416.0,418.70001220703125,44500700,TSLA,-0.00943456559803213,-1.2390842220308285,-0.009435010681166908,down
2026-06-04,418.45001220703125,426.3500061035156,417.1600036621094,419.8399963378906,35323300,TSLA,-1.2390842220308285,-6.559926253138726,-1.2468248792164638,down
2026-06-05,391.0,424.67999267578125,388.5899963378906,420.5,63420200,TSLA,-6.559926253138726,4.590795960877547,-6.784987766553561,up
2026-06-08,408.95001220703125,412.94000244140625,394.7200012207031,396.3299865722656,50328800,TSLA,4.590795960877547,-3.000371479396924,4.4885369045308074,down
2026-06-09,396.67999267578125,418.5,384.239990234375,411.0299987792969,59940200,TSLA,-3.000371479396924,-3.8040729596927614,-3.0463037176546175,down
